request_id,status,client,channel,asset_type,campaign_label,canonical_campaign,utm_source,utm_medium,utm_campaign,utm_term,utm_content,destination_url,final_long_url,short_url,qr_url,request_count,first_seen_at,last_seen_at,original_message
1,completed_without_short_link,CIC,Facebook,social,HomePage,HomePage,Facebook,Social,HomePage,LandingPage,Learn,https://www.castleintheclouds.org/,https://www.castleintheclouds.org/?utm_source=Facebook&utm_medium=Social&utm_campaign=HomePage&utm_term=LandingPage&utm_content=Learn,,,1,2026-09-14T00:00:00.000Z,2026-09-14T00:00:00.000Z,CIC starter database | Home | Facebook | Learn
2,completed_without_short_link,CIC,Facebook,social,HomePage,HomePage,Facebook,Social,HomePage,LandingPage,Explore,https://www.castleintheclouds.org/,https://www.castleintheclouds.org/?utm_source=Facebook&utm_medium=Social&utm_campaign=HomePage&utm_term=LandingPage&utm_content=Explore,,,1,2026-09-14T00:00:00.000Z,2026-09-14T00:00:00.000Z,CIC starter database | Home | Facebook | Explore
3,completed_without_short_link,CIC,Facebook,social,HomePage,HomePage,Facebook,Social,HomePage,LandingPage,,https://www.castleintheclouds.org/,https://www.castleintheclouds.org/?utm_source=Facebook&utm_medium=Social&utm_campaign=HomePage&utm_term=LandingPage,,,1,2026-09-14T00:00:00.000Z,2026-09-14T00:00:00.000Z,CIC starter database | Home | Facebook | {null}
4,completed_without_short_link,CIC,GMB,social,HomePage,HomePage,GMB,Social,HomePage,LandingPage,Learn,https://www.castleintheclouds.org/,https://www.castleintheclouds.org/?utm_source=GMB&utm_medium=Social&utm_campaign=HomePage&utm_term=LandingPage&utm_content=Learn,,,1,2026-09-14T00:00:00.000Z,2026-09-14T00:00:00.000Z,CIC starter database | Home | GMB | Learn
5,completed_without_short_link,CIC,GMB,social,HomePage,HomePage,GMB,Social,HomePage,LandingPage,Explore,https://www.castleintheclouds.org/,https://www.castleintheclouds.org/?utm_source=GMB&utm_medium=Social&utm_campaign=HomePage&utm_term=LandingPage&utm_content=Explore,,,1,2026-09-14T00:00:00.000Z,2026-09-14T00:00:00.000Z,CIC starter database | Home | GMB | Explore
6,completed_without_short_link,CIC,GMB,social,HomePage,HomePage,GMB,Social,HomePage,LandingPage,,https://www.castleintheclouds.org/,https://www.castleintheclouds.org/?utm_source=GMB&utm_medium=Social&utm_campaign=HomePage&utm_term=LandingPage,,,1,2026-09-14T00:00:00.000Z,2026-09-14T00:00:00.000Z,CIC starter database | Home | GMB | {null}
7,completed_without_short_link,CIC,Instagram,social,HomePage,HomePage,Instagram,Social,HomePage,LandingPage,Learn,https://www.castleintheclouds.org/,https://www.castleintheclouds.org/?utm_source=Instagram&utm_medium=Social&utm_campaign=HomePage&utm_term=LandingPage&utm_content=Learn,,,1,2026-09-14T00:00:00.000Z,2026-09-14T00:00:00.000Z,CIC starter database | Home | Instagram | Learn
8,completed_without_short_link,CIC,Instagram,social,HomePage,HomePage,Instagram,Social,HomePage,LandingPage,Explore,https://www.castleintheclouds.org/,https://www.castleintheclouds.org/?utm_source=Instagram&utm_medium=Social&utm_campaign=HomePage&utm_term=LandingPage&utm_content=Explore,,,1,2026-09-14T00:00:00.000Z,2026-09-14T00:00:00.000Z,CIC starter database | Home | Instagram | Explore
9,completed_without_short_link,CIC,Instagram,social,HomePage,HomePage,Instagram,Social,HomePage,LandingPage,,https://www.castleintheclouds.org/,https://www.castleintheclouds.org/?utm_source=Instagram&utm_medium=Social&utm_campaign=HomePage&utm_term=LandingPage,,,1,2026-09-14T00:00:00.000Z,2026-09-14T00:00:00.000Z,CIC starter database | Home | Instagram | {null}
10,completed_without_short_link,CIC,LinkedIn,social,HomePage,HomePage,LinkedIn,Social,HomePage,LandingPage,Learn,https://www.castleintheclouds.org/,https://www.castleintheclouds.org/?utm_source=LinkedIn&utm_medium=Social&utm_campaign=HomePage&utm_term=LandingPage&utm_content=Learn,,,1,2026-09-14T00:00:00.000Z,2026-09-14T00:00:00.000Z,CIC starter database | Home | LinkedIn | Learn
11,completed_without_short_link,CIC,LinkedIn,social,HomePage,HomePage,LinkedIn,Social,HomePage,LandingPage,Explore,https://www.castleintheclouds.org/,https://www.castleintheclouds.org/?utm_source=LinkedIn&utm_medium=Social&utm_campaign=HomePage&utm_term=LandingPage&utm_content=Explore,,,1,2026-09-14T00:00:00.000Z,2026-09-14T00:00:00.000Z,CIC starter database | Home | LinkedIn | Explore
12,completed_without_short_link,CIC,LinkedIn,social,HomePage,HomePage,LinkedIn,Social,HomePage,LandingPage,,https://www.castleintheclouds.org/,https://www.castleintheclouds.org/?utm_source=LinkedIn&utm_medium=Social&utm_campaign=HomePage&utm_term=LandingPage,,,1,2026-09-14T00:00:00.000Z,2026-09-14T00:00:00.000Z,CIC starter database | Home | LinkedIn | {null}
13,completed_without_short_link,CIC,ConstantContact,email,HomePage,HomePage,ConstantContact,Email,HomePage,LandingPage,Learn,https://www.castleintheclouds.org/,https://www.castleintheclouds.org/?utm_source=ConstantContact&utm_medium=Email&utm_campaign=HomePage&utm_term=LandingPage&utm_content=Learn,,,1,2026-09-14T00:00:00.000Z,2026-09-14T00:00:00.000Z,CIC starter database | Home | ConstantContact | Learn
14,completed_without_short_link,CIC,ConstantContact,email,HomePage,HomePage,ConstantContact,Email,HomePage,LandingPage,Explore,https://www.castleintheclouds.org/,https://www.castleintheclouds.org/?utm_source=ConstantContact&utm_medium=Email&utm_campaign=HomePage&utm_term=LandingPage&utm_content=Explore,,,1,2026-09-14T00:00:00.000Z,2026-09-14T00:00:00.000Z,CIC starter database | Home | ConstantContact | Explore
15,completed_without_short_link,CIC,ConstantContact,email,HomePage,HomePage,ConstantContact,Email,HomePage,LandingPage,,https://www.castleintheclouds.org/,https://www.castleintheclouds.org/?utm_source=ConstantContact&utm_medium=Email&utm_campaign=HomePage&utm_term=LandingPage,,,1,2026-09-14T00:00:00.000Z,2026-09-14T00:00:00.000Z,CIC starter database | Home | ConstantContact | {null}
16,completed_without_short_link,CIC,Facebook,social,Visit,Visit,Facebook,Social,Visit,HoursAndAdmission,Visit,https://www.castleintheclouds.org/hours-admission/,https://www.castleintheclouds.org/hours-admission/?utm_source=Facebook&utm_medium=Social&utm_campaign=Visit&utm_term=HoursAndAdmission&utm_content=Visit,,,1,2026-09-14T00:00:00.000Z,2026-09-14T00:00:00.000Z,CIC starter database | Hours & Admission | Facebook | Visit
17,completed_without_short_link,CIC,Facebook,social,Visit,Visit,Facebook,Social,Visit,HoursAndAdmission,Learn,https://www.castleintheclouds.org/hours-admission/,https://www.castleintheclouds.org/hours-admission/?utm_source=Facebook&utm_medium=Social&utm_campaign=Visit&utm_term=HoursAndAdmission&utm_content=Learn,,,1,2026-09-14T00:00:00.000Z,2026-09-14T00:00:00.000Z,CIC starter database | Hours & Admission | Facebook | Learn
18,completed_without_short_link,CIC,Facebook,social,Visit,Visit,Facebook,Social,Visit,HoursAndAdmission,Explore,https://www.castleintheclouds.org/hours-admission/,https://www.castleintheclouds.org/hours-admission/?utm_source=Facebook&utm_medium=Social&utm_campaign=Visit&utm_term=HoursAndAdmission&utm_content=Explore,,,1,2026-09-14T00:00:00.000Z,2026-09-14T00:00:00.000Z,CIC starter database | Hours & Admission | Facebook | Explore
19,completed_without_short_link,CIC,Facebook,social,Visit,Visit,Facebook,Social,Visit,HoursAndAdmission,,https://www.castleintheclouds.org/hours-admission/,https://www.castleintheclouds.org/hours-admission/?utm_source=Facebook&utm_medium=Social&utm_campaign=Visit&utm_term=HoursAndAdmission,,,1,2026-09-14T00:00:00.000Z,2026-09-14T00:00:00.000Z,CIC starter database | Hours & Admission | Facebook | {null}
20,completed_without_short_link,CIC,GMB,social,Visit,Visit,GMB,Social,Visit,HoursAndAdmission,Visit,https://www.castleintheclouds.org/hours-admission/,https://www.castleintheclouds.org/hours-admission/?utm_source=GMB&utm_medium=Social&utm_campaign=Visit&utm_term=HoursAndAdmission&utm_content=Visit,,,1,2026-09-14T00:00:00.000Z,2026-09-14T00:00:00.000Z,CIC starter database | Hours & Admission | GMB | Visit
21,completed_without_short_link,CIC,GMB,social,Visit,Visit,GMB,Social,Visit,HoursAndAdmission,Learn,https://www.castleintheclouds.org/hours-admission/,https://www.castleintheclouds.org/hours-admission/?utm_source=GMB&utm_medium=Social&utm_campaign=Visit&utm_term=HoursAndAdmission&utm_content=Learn,,,1,2026-09-14T00:00:00.000Z,2026-09-14T00:00:00.000Z,CIC starter database | Hours & Admission | GMB | Learn
22,completed_without_short_link,CIC,GMB,social,Visit,Visit,GMB,Social,Visit,HoursAndAdmission,Explore,https://www.castleintheclouds.org/hours-admission/,https://www.castleintheclouds.org/hours-admission/?utm_source=GMB&utm_medium=Social&utm_campaign=Visit&utm_term=HoursAndAdmission&utm_content=Explore,,,1,2026-09-14T00:00:00.000Z,2026-09-14T00:00:00.000Z,CIC starter database | Hours & Admission | GMB | Explore
23,completed_without_short_link,CIC,GMB,social,Visit,Visit,GMB,Social,Visit,HoursAndAdmission,,https://www.castleintheclouds.org/hours-admission/,https://www.castleintheclouds.org/hours-admission/?utm_source=GMB&utm_medium=Social&utm_campaign=Visit&utm_term=HoursAndAdmission,,,1,2026-09-14T00:00:00.000Z,2026-09-14T00:00:00.000Z,CIC starter database | Hours & Admission | GMB | {null}
24,completed_without_short_link,CIC,Instagram,social,Visit,Visit,Instagram,Social,Visit,HoursAndAdmission,Visit,https://www.castleintheclouds.org/hours-admission/,https://www.castleintheclouds.org/hours-admission/?utm_source=Instagram&utm_medium=Social&utm_campaign=Visit&utm_term=HoursAndAdmission&utm_content=Visit,,,1,2026-09-14T00:00:00.000Z,2026-09-14T00:00:00.000Z,CIC starter database | Hours & Admission | Instagram | Visit
25,completed_without_short_link,CIC,Instagram,social,Visit,Visit,Instagram,Social,Visit,HoursAndAdmission,Learn,https://www.castleintheclouds.org/hours-admission/,https://www.castleintheclouds.org/hours-admission/?utm_source=Instagram&utm_medium=Social&utm_campaign=Visit&utm_term=HoursAndAdmission&utm_content=Learn,,,1,2026-09-14T00:00:00.000Z,2026-09-14T00:00:00.000Z,CIC starter database | Hours & Admission | Instagram | Learn
26,completed_without_short_link,CIC,Instagram,social,Visit,Visit,Instagram,Social,Visit,HoursAndAdmission,Explore,https://www.castleintheclouds.org/hours-admission/,https://www.castleintheclouds.org/hours-admission/?utm_source=Instagram&utm_medium=Social&utm_campaign=Visit&utm_term=HoursAndAdmission&utm_content=Explore,,,1,2026-09-14T00:00:00.000Z,2026-09-14T00:00:00.000Z,CIC starter database | Hours & Admission | Instagram | Explore
27,completed_without_short_link,CIC,Instagram,social,Visit,Visit,Instagram,Social,Visit,HoursAndAdmission,,https://www.castleintheclouds.org/hours-admission/,https://www.castleintheclouds.org/hours-admission/?utm_source=Instagram&utm_medium=Social&utm_campaign=Visit&utm_term=HoursAndAdmission,,,1,2026-09-14T00:00:00.000Z,2026-09-14T00:00:00.000Z,CIC starter database | Hours & Admission | Instagram | {null}
28,completed_without_short_link,CIC,LinkedIn,social,Visit,Visit,LinkedIn,Social,Visit,HoursAndAdmission,Visit,https://www.castleintheclouds.org/hours-admission/,https://www.castleintheclouds.org/hours-admission/?utm_source=LinkedIn&utm_medium=Social&utm_campaign=Visit&utm_term=HoursAndAdmission&utm_content=Visit,,,1,2026-09-14T00:00:00.000Z,2026-09-14T00:00:00.000Z,CIC starter database | Hours & Admission | LinkedIn | Visit
29,completed_without_short_link,CIC,LinkedIn,social,Visit,Visit,LinkedIn,Social,Visit,HoursAndAdmission,Learn,https://www.castleintheclouds.org/hours-admission/,https://www.castleintheclouds.org/hours-admission/?utm_source=LinkedIn&utm_medium=Social&utm_campaign=Visit&utm_term=HoursAndAdmission&utm_content=Learn,,,1,2026-09-14T00:00:00.000Z,2026-09-14T00:00:00.000Z,CIC starter database | Hours & Admission | LinkedIn | Learn
30,completed_without_short_link,CIC,LinkedIn,social,Visit,Visit,LinkedIn,Social,Visit,HoursAndAdmission,Explore,https://www.castleintheclouds.org/hours-admission/,https://www.castleintheclouds.org/hours-admission/?utm_source=LinkedIn&utm_medium=Social&utm_campaign=Visit&utm_term=HoursAndAdmission&utm_content=Explore,,,1,2026-09-14T00:00:00.000Z,2026-09-14T00:00:00.000Z,CIC starter database | Hours & Admission | LinkedIn | Explore
31,completed_without_short_link,CIC,LinkedIn,social,Visit,Visit,LinkedIn,Social,Visit,HoursAndAdmission,,https://www.castleintheclouds.org/hours-admission/,https://www.castleintheclouds.org/hours-admission/?utm_source=LinkedIn&utm_medium=Social&utm_campaign=Visit&utm_term=HoursAndAdmission,,,1,2026-09-14T00:00:00.000Z,2026-09-14T00:00:00.000Z,CIC starter database | Hours & Admission | LinkedIn | {null}
32,completed_without_short_link,CIC,ConstantContact,email,Visit,Visit,ConstantContact,Email,Visit,HoursAndAdmission,Visit,https://www.castleintheclouds.org/hours-admission/,https://www.castleintheclouds.org/hours-admission/?utm_source=ConstantContact&utm_medium=Email&utm_campaign=Visit&utm_term=HoursAndAdmission&utm_content=Visit,,,1,2026-09-14T00:00:00.000Z,2026-09-14T00:00:00.000Z,CIC starter database | Hours & Admission | ConstantContact | Visit
33,completed_without_short_link,CIC,ConstantContact,email,Visit,Visit,ConstantContact,Email,Visit,HoursAndAdmission,Learn,https://www.castleintheclouds.org/hours-admission/,https://www.castleintheclouds.org/hours-admission/?utm_source=ConstantContact&utm_medium=Email&utm_campaign=Visit&utm_term=HoursAndAdmission&utm_content=Learn,,,1,2026-09-14T00:00:00.000Z,2026-09-14T00:00:00.000Z,CIC starter database | Hours & Admission | ConstantContact | Learn
34,completed_without_short_link,CIC,ConstantContact,email,Visit,Visit,ConstantContact,Email,Visit,HoursAndAdmission,Explore,https://www.castleintheclouds.org/hours-admission/,https://www.castleintheclouds.org/hours-admission/?utm_source=ConstantContact&utm_medium=Email&utm_campaign=Visit&utm_term=HoursAndAdmission&utm_content=Explore,,,1,2026-09-14T00:00:00.000Z,2026-09-14T00:00:00.000Z,CIC starter database | Hours & Admission | ConstantContact | Explore
35,completed_without_short_link,CIC,ConstantContact,email,Visit,Visit,ConstantContact,Email,Visit,HoursAndAdmission,,https://www.castleintheclouds.org/hours-admission/,https://www.castleintheclouds.org/hours-admission/?utm_source=ConstantContact&utm_medium=Email&utm_campaign=Visit&utm_term=HoursAndAdmission,,,1,2026-09-14T00:00:00.000Z,2026-09-14T00:00:00.000Z,CIC starter database | Hours & Admission | ConstantContact | {null}
36,completed_without_short_link,CIC,Facebook,social,Visit,Visit,Facebook,Social,Visit,ThingsToDo,Visit,https://www.castleintheclouds.org/things-to-do/,https://www.castleintheclouds.org/things-to-do/?utm_source=Facebook&utm_medium=Social&utm_campaign=Visit&utm_term=ThingsToDo&utm_content=Visit,,,1,2026-09-14T00:00:00.000Z,2026-09-14T00:00:00.000Z,CIC starter database | Things to Do | Facebook | Visit
37,completed_without_short_link,CIC,Facebook,social,Visit,Visit,Facebook,Social,Visit,ThingsToDo,Learn,https://www.castleintheclouds.org/things-to-do/,https://www.castleintheclouds.org/things-to-do/?utm_source=Facebook&utm_medium=Social&utm_campaign=Visit&utm_term=ThingsToDo&utm_content=Learn,,,1,2026-09-14T00:00:00.000Z,2026-09-14T00:00:00.000Z,CIC starter database | Things to Do | Facebook | Learn
38,completed_without_short_link,CIC,Facebook,social,Visit,Visit,Facebook,Social,Visit,ThingsToDo,Explore,https://www.castleintheclouds.org/things-to-do/,https://www.castleintheclouds.org/things-to-do/?utm_source=Facebook&utm_medium=Social&utm_campaign=Visit&utm_term=ThingsToDo&utm_content=Explore,,,1,2026-09-14T00:00:00.000Z,2026-09-14T00:00:00.000Z,CIC starter database | Things to Do | Facebook | Explore
39,completed_without_short_link,CIC,Facebook,social,Visit,Visit,Facebook,Social,Visit,ThingsToDo,,https://www.castleintheclouds.org/things-to-do/,https://www.castleintheclouds.org/things-to-do/?utm_source=Facebook&utm_medium=Social&utm_campaign=Visit&utm_term=ThingsToDo,,,1,2026-09-14T00:00:00.000Z,2026-09-14T00:00:00.000Z,CIC starter database | Things to Do | Facebook | {null}
40,completed_without_short_link,CIC,GMB,social,Visit,Visit,GMB,Social,Visit,ThingsToDo,Visit,https://www.castleintheclouds.org/things-to-do/,https://www.castleintheclouds.org/things-to-do/?utm_source=GMB&utm_medium=Social&utm_campaign=Visit&utm_term=ThingsToDo&utm_content=Visit,,,1,2026-09-14T00:00:00.000Z,2026-09-14T00:00:00.000Z,CIC starter database | Things to Do | GMB | Visit
41,completed_without_short_link,CIC,GMB,social,Visit,Visit,GMB,Social,Visit,ThingsToDo,Learn,https://www.castleintheclouds.org/things-to-do/,https://www.castleintheclouds.org/things-to-do/?utm_source=GMB&utm_medium=Social&utm_campaign=Visit&utm_term=ThingsToDo&utm_content=Learn,,,1,2026-09-14T00:00:00.000Z,2026-09-14T00:00:00.000Z,CIC starter database | Things to Do | GMB | Learn
42,completed_without_short_link,CIC,GMB,social,Visit,Visit,GMB,Social,Visit,ThingsToDo,Explore,https://www.castleintheclouds.org/things-to-do/,https://www.castleintheclouds.org/things-to-do/?utm_source=GMB&utm_medium=Social&utm_campaign=Visit&utm_term=ThingsToDo&utm_content=Explore,,,1,2026-09-14T00:00:00.000Z,2026-09-14T00:00:00.000Z,CIC starter database | Things to Do | GMB | Explore
43,completed_without_short_link,CIC,GMB,social,Visit,Visit,GMB,Social,Visit,ThingsToDo,,https://www.castleintheclouds.org/things-to-do/,https://www.castleintheclouds.org/things-to-do/?utm_source=GMB&utm_medium=Social&utm_campaign=Visit&utm_term=ThingsToDo,,,1,2026-09-14T00:00:00.000Z,2026-09-14T00:00:00.000Z,CIC starter database | Things to Do | GMB | {null}
44,completed_without_short_link,CIC,Instagram,social,Visit,Visit,Instagram,Social,Visit,ThingsToDo,Visit,https://www.castleintheclouds.org/things-to-do/,https://www.castleintheclouds.org/things-to-do/?utm_source=Instagram&utm_medium=Social&utm_campaign=Visit&utm_term=ThingsToDo&utm_content=Visit,,,1,2026-09-14T00:00:00.000Z,2026-09-14T00:00:00.000Z,CIC starter database | Things to Do | Instagram | Visit
45,completed_without_short_link,CIC,Instagram,social,Visit,Visit,Instagram,Social,Visit,ThingsToDo,Learn,https://www.castleintheclouds.org/things-to-do/,https://www.castleintheclouds.org/things-to-do/?utm_source=Instagram&utm_medium=Social&utm_campaign=Visit&utm_term=ThingsToDo&utm_content=Learn,,,1,2026-09-14T00:00:00.000Z,2026-09-14T00:00:00.000Z,CIC starter database | Things to Do | Instagram | Learn
46,completed_without_short_link,CIC,Instagram,social,Visit,Visit,Instagram,Social,Visit,ThingsToDo,Explore,https://www.castleintheclouds.org/things-to-do/,https://www.castleintheclouds.org/things-to-do/?utm_source=Instagram&utm_medium=Social&utm_campaign=Visit&utm_term=ThingsToDo&utm_content=Explore,,,1,2026-09-14T00:00:00.000Z,2026-09-14T00:00:00.000Z,CIC starter database | Things to Do | Instagram | Explore
47,completed_without_short_link,CIC,Instagram,social,Visit,Visit,Instagram,Social,Visit,ThingsToDo,,https://www.castleintheclouds.org/things-to-do/,https://www.castleintheclouds.org/things-to-do/?utm_source=Instagram&utm_medium=Social&utm_campaign=Visit&utm_term=ThingsToDo,,,1,2026-09-14T00:00:00.000Z,2026-09-14T00:00:00.000Z,CIC starter database | Things to Do | Instagram | {null}
48,completed_without_short_link,CIC,LinkedIn,social,Visit,Visit,LinkedIn,Social,Visit,ThingsToDo,Visit,https://www.castleintheclouds.org/things-to-do/,https://www.castleintheclouds.org/things-to-do/?utm_source=LinkedIn&utm_medium=Social&utm_campaign=Visit&utm_term=ThingsToDo&utm_content=Visit,,,1,2026-09-14T00:00:00.000Z,2026-09-14T00:00:00.000Z,CIC starter database | Things to Do | LinkedIn | Visit
49,completed_without_short_link,CIC,LinkedIn,social,Visit,Visit,LinkedIn,Social,Visit,ThingsToDo,Learn,https://www.castleintheclouds.org/things-to-do/,https://www.castleintheclouds.org/things-to-do/?utm_source=LinkedIn&utm_medium=Social&utm_campaign=Visit&utm_term=ThingsToDo&utm_content=Learn,,,1,2026-09-14T00:00:00.000Z,2026-09-14T00:00:00.000Z,CIC starter database | Things to Do | LinkedIn | Learn
50,completed_without_short_link,CIC,LinkedIn,social,Visit,Visit,LinkedIn,Social,Visit,ThingsToDo,Explore,https://www.castleintheclouds.org/things-to-do/,https://www.castleintheclouds.org/things-to-do/?utm_source=LinkedIn&utm_medium=Social&utm_campaign=Visit&utm_term=ThingsToDo&utm_content=Explore,,,1,2026-09-14T00:00:00.000Z,2026-09-14T00:00:00.000Z,CIC starter database | Things to Do | LinkedIn | Explore
51,completed_without_short_link,CIC,LinkedIn,social,Visit,Visit,LinkedIn,Social,Visit,ThingsToDo,,https://www.castleintheclouds.org/things-to-do/,https://www.castleintheclouds.org/things-to-do/?utm_source=LinkedIn&utm_medium=Social&utm_campaign=Visit&utm_term=ThingsToDo,,,1,2026-09-14T00:00:00.000Z,2026-09-14T00:00:00.000Z,CIC starter database | Things to Do | LinkedIn | {null}
52,completed_without_short_link,CIC,ConstantContact,email,Visit,Visit,ConstantContact,Email,Visit,ThingsToDo,Visit,https://www.castleintheclouds.org/things-to-do/,https://www.castleintheclouds.org/things-to-do/?utm_source=ConstantContact&utm_medium=Email&utm_campaign=Visit&utm_term=ThingsToDo&utm_content=Visit,,,1,2026-09-14T00:00:00.000Z,2026-09-14T00:00:00.000Z,CIC starter database | Things to Do | ConstantContact | Visit
53,completed_without_short_link,CIC,ConstantContact,email,Visit,Visit,ConstantContact,Email,Visit,ThingsToDo,Learn,https://www.castleintheclouds.org/things-to-do/,https://www.castleintheclouds.org/things-to-do/?utm_source=ConstantContact&utm_medium=Email&utm_campaign=Visit&utm_term=ThingsToDo&utm_content=Learn,,,1,2026-09-14T00:00:00.000Z,2026-09-14T00:00:00.000Z,CIC starter database | Things to Do | ConstantContact | Learn
54,completed_without_short_link,CIC,ConstantContact,email,Visit,Visit,ConstantContact,Email,Visit,ThingsToDo,Explore,https://www.castleintheclouds.org/things-to-do/,https://www.castleintheclouds.org/things-to-do/?utm_source=ConstantContact&utm_medium=Email&utm_campaign=Visit&utm_term=ThingsToDo&utm_content=Explore,,,1,2026-09-14T00:00:00.000Z,2026-09-14T00:00:00.000Z,CIC starter database | Things to Do | ConstantContact | Explore
55,completed_without_short_link,CIC,ConstantContact,email,Visit,Visit,ConstantContact,Email,Visit,ThingsToDo,,https://www.castleintheclouds.org/things-to-do/,https://www.castleintheclouds.org/things-to-do/?utm_source=ConstantContact&utm_medium=Email&utm_campaign=Visit&utm_term=ThingsToDo,,,1,2026-09-14T00:00:00.000Z,2026-09-14T00:00:00.000Z,CIC starter database | Things to Do | ConstantContact | {null}
56,completed_without_short_link,CIC,Facebook,social,Visit,Visit,Facebook,Social,Visit,Mansion,Visit,https://www.castleintheclouds.org/things-to-do/museum/,https://www.castleintheclouds.org/things-to-do/museum/?utm_source=Facebook&utm_medium=Social&utm_campaign=Visit&utm_term=Mansion&utm_content=Visit,,,1,2026-09-14T00:00:00.000Z,2026-09-14T00:00:00.000Z,CIC starter database | The Mansion | Facebook | Visit
57,completed_without_short_link,CIC,Facebook,social,Visit,Visit,Facebook,Social,Visit,Mansion,Learn,https://www.castleintheclouds.org/things-to-do/museum/,https://www.castleintheclouds.org/things-to-do/museum/?utm_source=Facebook&utm_medium=Social&utm_campaign=Visit&utm_term=Mansion&utm_content=Learn,,,1,2026-09-14T00:00:00.000Z,2026-09-14T00:00:00.000Z,CIC starter database | The Mansion | Facebook | Learn
58,completed_without_short_link,CIC,Facebook,social,Visit,Visit,Facebook,Social,Visit,Mansion,Explore,https://www.castleintheclouds.org/things-to-do/museum/,https://www.castleintheclouds.org/things-to-do/museum/?utm_source=Facebook&utm_medium=Social&utm_campaign=Visit&utm_term=Mansion&utm_content=Explore,,,1,2026-09-14T00:00:00.000Z,2026-09-14T00:00:00.000Z,CIC starter database | The Mansion | Facebook | Explore
59,completed_without_short_link,CIC,Facebook,social,Visit,Visit,Facebook,Social,Visit,Mansion,,https://www.castleintheclouds.org/things-to-do/museum/,https://www.castleintheclouds.org/things-to-do/museum/?utm_source=Facebook&utm_medium=Social&utm_campaign=Visit&utm_term=Mansion,,,1,2026-09-14T00:00:00.000Z,2026-09-14T00:00:00.000Z,CIC starter database | The Mansion | Facebook | {null}
60,completed_without_short_link,CIC,GMB,social,Visit,Visit,GMB,Social,Visit,Mansion,Visit,https://www.castleintheclouds.org/things-to-do/museum/,https://www.castleintheclouds.org/things-to-do/museum/?utm_source=GMB&utm_medium=Social&utm_campaign=Visit&utm_term=Mansion&utm_content=Visit,,,1,2026-09-14T00:00:00.000Z,2026-09-14T00:00:00.000Z,CIC starter database | The Mansion | GMB | Visit
61,completed_without_short_link,CIC,GMB,social,Visit,Visit,GMB,Social,Visit,Mansion,Learn,https://www.castleintheclouds.org/things-to-do/museum/,https://www.castleintheclouds.org/things-to-do/museum/?utm_source=GMB&utm_medium=Social&utm_campaign=Visit&utm_term=Mansion&utm_content=Learn,,,1,2026-09-14T00:00:00.000Z,2026-09-14T00:00:00.000Z,CIC starter database | The Mansion | GMB | Learn
62,completed_without_short_link,CIC,GMB,social,Visit,Visit,GMB,Social,Visit,Mansion,Explore,https://www.castleintheclouds.org/things-to-do/museum/,https://www.castleintheclouds.org/things-to-do/museum/?utm_source=GMB&utm_medium=Social&utm_campaign=Visit&utm_term=Mansion&utm_content=Explore,,,1,2026-09-14T00:00:00.000Z,2026-09-14T00:00:00.000Z,CIC starter database | The Mansion | GMB | Explore
63,completed_without_short_link,CIC,GMB,social,Visit,Visit,GMB,Social,Visit,Mansion,,https://www.castleintheclouds.org/things-to-do/museum/,https://www.castleintheclouds.org/things-to-do/museum/?utm_source=GMB&utm_medium=Social&utm_campaign=Visit&utm_term=Mansion,,,1,2026-09-14T00:00:00.000Z,2026-09-14T00:00:00.000Z,CIC starter database | The Mansion | GMB | {null}
64,completed_without_short_link,CIC,Instagram,social,Visit,Visit,Instagram,Social,Visit,Mansion,Visit,https://www.castleintheclouds.org/things-to-do/museum/,https://www.castleintheclouds.org/things-to-do/museum/?utm_source=Instagram&utm_medium=Social&utm_campaign=Visit&utm_term=Mansion&utm_content=Visit,,,1,2026-09-14T00:00:00.000Z,2026-09-14T00:00:00.000Z,CIC starter database | The Mansion | Instagram | Visit
65,completed_without_short_link,CIC,Instagram,social,Visit,Visit,Instagram,Social,Visit,Mansion,Learn,https://www.castleintheclouds.org/things-to-do/museum/,https://www.castleintheclouds.org/things-to-do/museum/?utm_source=Instagram&utm_medium=Social&utm_campaign=Visit&utm_term=Mansion&utm_content=Learn,,,1,2026-09-14T00:00:00.000Z,2026-09-14T00:00:00.000Z,CIC starter database | The Mansion | Instagram | Learn
66,completed_without_short_link,CIC,Instagram,social,Visit,Visit,Instagram,Social,Visit,Mansion,Explore,https://www.castleintheclouds.org/things-to-do/museum/,https://www.castleintheclouds.org/things-to-do/museum/?utm_source=Instagram&utm_medium=Social&utm_campaign=Visit&utm_term=Mansion&utm_content=Explore,,,1,2026-09-14T00:00:00.000Z,2026-09-14T00:00:00.000Z,CIC starter database | The Mansion | Instagram | Explore
67,completed_without_short_link,CIC,Instagram,social,Visit,Visit,Instagram,Social,Visit,Mansion,,https://www.castleintheclouds.org/things-to-do/museum/,https://www.castleintheclouds.org/things-to-do/museum/?utm_source=Instagram&utm_medium=Social&utm_campaign=Visit&utm_term=Mansion,,,1,2026-09-14T00:00:00.000Z,2026-09-14T00:00:00.000Z,CIC starter database | The Mansion | Instagram | {null}
68,completed_without_short_link,CIC,LinkedIn,social,Visit,Visit,LinkedIn,Social,Visit,Mansion,Visit,https://www.castleintheclouds.org/things-to-do/museum/,https://www.castleintheclouds.org/things-to-do/museum/?utm_source=LinkedIn&utm_medium=Social&utm_campaign=Visit&utm_term=Mansion&utm_content=Visit,,,1,2026-09-14T00:00:00.000Z,2026-09-14T00:00:00.000Z,CIC starter database | The Mansion | LinkedIn | Visit
69,completed_without_short_link,CIC,LinkedIn,social,Visit,Visit,LinkedIn,Social,Visit,Mansion,Learn,https://www.castleintheclouds.org/things-to-do/museum/,https://www.castleintheclouds.org/things-to-do/museum/?utm_source=LinkedIn&utm_medium=Social&utm_campaign=Visit&utm_term=Mansion&utm_content=Learn,,,1,2026-09-14T00:00:00.000Z,2026-09-14T00:00:00.000Z,CIC starter database | The Mansion | LinkedIn | Learn
70,completed_without_short_link,CIC,LinkedIn,social,Visit,Visit,LinkedIn,Social,Visit,Mansion,Explore,https://www.castleintheclouds.org/things-to-do/museum/,https://www.castleintheclouds.org/things-to-do/museum/?utm_source=LinkedIn&utm_medium=Social&utm_campaign=Visit&utm_term=Mansion&utm_content=Explore,,,1,2026-09-14T00:00:00.000Z,2026-09-14T00:00:00.000Z,CIC starter database | The Mansion | LinkedIn | Explore
71,completed_without_short_link,CIC,LinkedIn,social,Visit,Visit,LinkedIn,Social,Visit,Mansion,,https://www.castleintheclouds.org/things-to-do/museum/,https://www.castleintheclouds.org/things-to-do/museum/?utm_source=LinkedIn&utm_medium=Social&utm_campaign=Visit&utm_term=Mansion,,,1,2026-09-14T00:00:00.000Z,2026-09-14T00:00:00.000Z,CIC starter database | The Mansion | LinkedIn | {null}
72,completed_without_short_link,CIC,ConstantContact,email,Visit,Visit,ConstantContact,Email,Visit,Mansion,Visit,https://www.castleintheclouds.org/things-to-do/museum/,https://www.castleintheclouds.org/things-to-do/museum/?utm_source=ConstantContact&utm_medium=Email&utm_campaign=Visit&utm_term=Mansion&utm_content=Visit,,,1,2026-09-14T00:00:00.000Z,2026-09-14T00:00:00.000Z,CIC starter database | The Mansion | ConstantContact | Visit
73,completed_without_short_link,CIC,ConstantContact,email,Visit,Visit,ConstantContact,Email,Visit,Mansion,Learn,https://www.castleintheclouds.org/things-to-do/museum/,https://www.castleintheclouds.org/things-to-do/museum/?utm_source=ConstantContact&utm_medium=Email&utm_campaign=Visit&utm_term=Mansion&utm_content=Learn,,,1,2026-09-14T00:00:00.000Z,2026-09-14T00:00:00.000Z,CIC starter database | The Mansion | ConstantContact | Learn
74,completed_without_short_link,CIC,ConstantContact,email,Visit,Visit,ConstantContact,Email,Visit,Mansion,Explore,https://www.castleintheclouds.org/things-to-do/museum/,https://www.castleintheclouds.org/things-to-do/museum/?utm_source=ConstantContact&utm_medium=Email&utm_campaign=Visit&utm_term=Mansion&utm_content=Explore,,,1,2026-09-14T00:00:00.000Z,2026-09-14T00:00:00.000Z,CIC starter database | The Mansion | ConstantContact | Explore
75,completed_without_short_link,CIC,ConstantContact,email,Visit,Visit,ConstantContact,Email,Visit,Mansion,,https://www.castleintheclouds.org/things-to-do/museum/,https://www.castleintheclouds.org/things-to-do/museum/?utm_source=ConstantContact&utm_medium=Email&utm_campaign=Visit&utm_term=Mansion,,,1,2026-09-14T00:00:00.000Z,2026-09-14T00:00:00.000Z,CIC starter database | The Mansion | ConstantContact | {null}
76,completed_without_short_link,CIC,Facebook,social,Visit,Visit,Facebook,Social,Visit,BasementTours,Visit,https://www.castleintheclouds.org/things-to-do/basement-tours/,https://www.castleintheclouds.org/things-to-do/basement-tours/?utm_source=Facebook&utm_medium=Social&utm_campaign=Visit&utm_term=BasementTours&utm_content=Visit,,,1,2026-09-14T00:00:00.000Z,2026-09-14T00:00:00.000Z,CIC starter database | Basement Tours | Facebook | Visit
77,completed_without_short_link,CIC,Facebook,social,Visit,Visit,Facebook,Social,Visit,BasementTours,Learn,https://www.castleintheclouds.org/things-to-do/basement-tours/,https://www.castleintheclouds.org/things-to-do/basement-tours/?utm_source=Facebook&utm_medium=Social&utm_campaign=Visit&utm_term=BasementTours&utm_content=Learn,,,1,2026-09-14T00:00:00.000Z,2026-09-14T00:00:00.000Z,CIC starter database | Basement Tours | Facebook | Learn
78,completed_without_short_link,CIC,Facebook,social,Visit,Visit,Facebook,Social,Visit,BasementTours,Explore,https://www.castleintheclouds.org/things-to-do/basement-tours/,https://www.castleintheclouds.org/things-to-do/basement-tours/?utm_source=Facebook&utm_medium=Social&utm_campaign=Visit&utm_term=BasementTours&utm_content=Explore,,,1,2026-09-14T00:00:00.000Z,2026-09-14T00:00:00.000Z,CIC starter database | Basement Tours | Facebook | Explore
79,completed_without_short_link,CIC,Facebook,social,Visit,Visit,Facebook,Social,Visit,BasementTours,,https://www.castleintheclouds.org/things-to-do/basement-tours/,https://www.castleintheclouds.org/things-to-do/basement-tours/?utm_source=Facebook&utm_medium=Social&utm_campaign=Visit&utm_term=BasementTours,,,1,2026-09-14T00:00:00.000Z,2026-09-14T00:00:00.000Z,CIC starter database | Basement Tours | Facebook | {null}
80,completed_without_short_link,CIC,GMB,social,Visit,Visit,GMB,Social,Visit,BasementTours,Visit,https://www.castleintheclouds.org/things-to-do/basement-tours/,https://www.castleintheclouds.org/things-to-do/basement-tours/?utm_source=GMB&utm_medium=Social&utm_campaign=Visit&utm_term=BasementTours&utm_content=Visit,,,1,2026-09-14T00:00:00.000Z,2026-09-14T00:00:00.000Z,CIC starter database | Basement Tours | GMB | Visit
81,completed_without_short_link,CIC,GMB,social,Visit,Visit,GMB,Social,Visit,BasementTours,Learn,https://www.castleintheclouds.org/things-to-do/basement-tours/,https://www.castleintheclouds.org/things-to-do/basement-tours/?utm_source=GMB&utm_medium=Social&utm_campaign=Visit&utm_term=BasementTours&utm_content=Learn,,,1,2026-09-14T00:00:00.000Z,2026-09-14T00:00:00.000Z,CIC starter database | Basement Tours | GMB | Learn
82,completed_without_short_link,CIC,GMB,social,Visit,Visit,GMB,Social,Visit,BasementTours,Explore,https://www.castleintheclouds.org/things-to-do/basement-tours/,https://www.castleintheclouds.org/things-to-do/basement-tours/?utm_source=GMB&utm_medium=Social&utm_campaign=Visit&utm_term=BasementTours&utm_content=Explore,,,1,2026-09-14T00:00:00.000Z,2026-09-14T00:00:00.000Z,CIC starter database | Basement Tours | GMB | Explore
83,completed_without_short_link,CIC,GMB,social,Visit,Visit,GMB,Social,Visit,BasementTours,,https://www.castleintheclouds.org/things-to-do/basement-tours/,https://www.castleintheclouds.org/things-to-do/basement-tours/?utm_source=GMB&utm_medium=Social&utm_campaign=Visit&utm_term=BasementTours,,,1,2026-09-14T00:00:00.000Z,2026-09-14T00:00:00.000Z,CIC starter database | Basement Tours | GMB | {null}
84,completed_without_short_link,CIC,Instagram,social,Visit,Visit,Instagram,Social,Visit,BasementTours,Visit,https://www.castleintheclouds.org/things-to-do/basement-tours/,https://www.castleintheclouds.org/things-to-do/basement-tours/?utm_source=Instagram&utm_medium=Social&utm_campaign=Visit&utm_term=BasementTours&utm_content=Visit,,,1,2026-09-14T00:00:00.000Z,2026-09-14T00:00:00.000Z,CIC starter database | Basement Tours | Instagram | Visit
85,completed_without_short_link,CIC,Instagram,social,Visit,Visit,Instagram,Social,Visit,BasementTours,Learn,https://www.castleintheclouds.org/things-to-do/basement-tours/,https://www.castleintheclouds.org/things-to-do/basement-tours/?utm_source=Instagram&utm_medium=Social&utm_campaign=Visit&utm_term=BasementTours&utm_content=Learn,,,1,2026-09-14T00:00:00.000Z,2026-09-14T00:00:00.000Z,CIC starter database | Basement Tours | Instagram | Learn
86,completed_without_short_link,CIC,Instagram,social,Visit,Visit,Instagram,Social,Visit,BasementTours,Explore,https://www.castleintheclouds.org/things-to-do/basement-tours/,https://www.castleintheclouds.org/things-to-do/basement-tours/?utm_source=Instagram&utm_medium=Social&utm_campaign=Visit&utm_term=BasementTours&utm_content=Explore,,,1,2026-09-14T00:00:00.000Z,2026-09-14T00:00:00.000Z,CIC starter database | Basement Tours | Instagram | Explore
87,completed_without_short_link,CIC,Instagram,social,Visit,Visit,Instagram,Social,Visit,BasementTours,,https://www.castleintheclouds.org/things-to-do/basement-tours/,https://www.castleintheclouds.org/things-to-do/basement-tours/?utm_source=Instagram&utm_medium=Social&utm_campaign=Visit&utm_term=BasementTours,,,1,2026-09-14T00:00:00.000Z,2026-09-14T00:00:00.000Z,CIC starter database | Basement Tours | Instagram | {null}
88,completed_without_short_link,CIC,LinkedIn,social,Visit,Visit,LinkedIn,Social,Visit,BasementTours,Visit,https://www.castleintheclouds.org/things-to-do/basement-tours/,https://www.castleintheclouds.org/things-to-do/basement-tours/?utm_source=LinkedIn&utm_medium=Social&utm_campaign=Visit&utm_term=BasementTours&utm_content=Visit,,,1,2026-09-14T00:00:00.000Z,2026-09-14T00:00:00.000Z,CIC starter database | Basement Tours | LinkedIn | Visit
89,completed_without_short_link,CIC,LinkedIn,social,Visit,Visit,LinkedIn,Social,Visit,BasementTours,Learn,https://www.castleintheclouds.org/things-to-do/basement-tours/,https://www.castleintheclouds.org/things-to-do/basement-tours/?utm_source=LinkedIn&utm_medium=Social&utm_campaign=Visit&utm_term=BasementTours&utm_content=Learn,,,1,2026-09-14T00:00:00.000Z,2026-09-14T00:00:00.000Z,CIC starter database | Basement Tours | LinkedIn | Learn
90,completed_without_short_link,CIC,LinkedIn,social,Visit,Visit,LinkedIn,Social,Visit,BasementTours,Explore,https://www.castleintheclouds.org/things-to-do/basement-tours/,https://www.castleintheclouds.org/things-to-do/basement-tours/?utm_source=LinkedIn&utm_medium=Social&utm_campaign=Visit&utm_term=BasementTours&utm_content=Explore,,,1,2026-09-14T00:00:00.000Z,2026-09-14T00:00:00.000Z,CIC starter database | Basement Tours | LinkedIn | Explore
91,completed_without_short_link,CIC,LinkedIn,social,Visit,Visit,LinkedIn,Social,Visit,BasementTours,,https://www.castleintheclouds.org/things-to-do/basement-tours/,https://www.castleintheclouds.org/things-to-do/basement-tours/?utm_source=LinkedIn&utm_medium=Social&utm_campaign=Visit&utm_term=BasementTours,,,1,2026-09-14T00:00:00.000Z,2026-09-14T00:00:00.000Z,CIC starter database | Basement Tours | LinkedIn | {null}
92,completed_without_short_link,CIC,ConstantContact,email,Visit,Visit,ConstantContact,Email,Visit,BasementTours,Visit,https://www.castleintheclouds.org/things-to-do/basement-tours/,https://www.castleintheclouds.org/things-to-do/basement-tours/?utm_source=ConstantContact&utm_medium=Email&utm_campaign=Visit&utm_term=BasementTours&utm_content=Visit,,,1,2026-09-14T00:00:00.000Z,2026-09-14T00:00:00.000Z,CIC starter database | Basement Tours | ConstantContact | Visit
93,completed_without_short_link,CIC,ConstantContact,email,Visit,Visit,ConstantContact,Email,Visit,BasementTours,Learn,https://www.castleintheclouds.org/things-to-do/basement-tours/,https://www.castleintheclouds.org/things-to-do/basement-tours/?utm_source=ConstantContact&utm_medium=Email&utm_campaign=Visit&utm_term=BasementTours&utm_content=Learn,,,1,2026-09-14T00:00:00.000Z,2026-09-14T00:00:00.000Z,CIC starter database | Basement Tours | ConstantContact | Learn
94,completed_without_short_link,CIC,ConstantContact,email,Visit,Visit,ConstantContact,Email,Visit,BasementTours,Explore,https://www.castleintheclouds.org/things-to-do/basement-tours/,https://www.castleintheclouds.org/things-to-do/basement-tours/?utm_source=ConstantContact&utm_medium=Email&utm_campaign=Visit&utm_term=BasementTours&utm_content=Explore,,,1,2026-09-14T00:00:00.000Z,2026-09-14T00:00:00.000Z,CIC starter database | Basement Tours | ConstantContact | Explore
95,completed_without_short_link,CIC,ConstantContact,email,Visit,Visit,ConstantContact,Email,Visit,BasementTours,,https://www.castleintheclouds.org/things-to-do/basement-tours/,https://www.castleintheclouds.org/things-to-do/basement-tours/?utm_source=ConstantContact&utm_medium=Email&utm_campaign=Visit&utm_term=BasementTours,,,1,2026-09-14T00:00:00.000Z,2026-09-14T00:00:00.000Z,CIC starter database | Basement Tours | ConstantContact | {null}
96,completed_without_short_link,CIC,Facebook,social,Visit,Visit,Facebook,Social,Visit,ExhibitGallery,Visit,https://www.castleintheclouds.org/things-to-do/exhibit-gallery/,https://www.castleintheclouds.org/things-to-do/exhibit-gallery/?utm_source=Facebook&utm_medium=Social&utm_campaign=Visit&utm_term=ExhibitGallery&utm_content=Visit,,,1,2026-09-14T00:00:00.000Z,2026-09-14T00:00:00.000Z,CIC starter database | Exhibit Gallery | Facebook | Visit
97,completed_without_short_link,CIC,Facebook,social,Visit,Visit,Facebook,Social,Visit,ExhibitGallery,Learn,https://www.castleintheclouds.org/things-to-do/exhibit-gallery/,https://www.castleintheclouds.org/things-to-do/exhibit-gallery/?utm_source=Facebook&utm_medium=Social&utm_campaign=Visit&utm_term=ExhibitGallery&utm_content=Learn,,,1,2026-09-14T00:00:00.000Z,2026-09-14T00:00:00.000Z,CIC starter database | Exhibit Gallery | Facebook | Learn
98,completed_without_short_link,CIC,Facebook,social,Visit,Visit,Facebook,Social,Visit,ExhibitGallery,Explore,https://www.castleintheclouds.org/things-to-do/exhibit-gallery/,https://www.castleintheclouds.org/things-to-do/exhibit-gallery/?utm_source=Facebook&utm_medium=Social&utm_campaign=Visit&utm_term=ExhibitGallery&utm_content=Explore,,,1,2026-09-14T00:00:00.000Z,2026-09-14T00:00:00.000Z,CIC starter database | Exhibit Gallery | Facebook | Explore
99,completed_without_short_link,CIC,Facebook,social,Visit,Visit,Facebook,Social,Visit,ExhibitGallery,,https://www.castleintheclouds.org/things-to-do/exhibit-gallery/,https://www.castleintheclouds.org/things-to-do/exhibit-gallery/?utm_source=Facebook&utm_medium=Social&utm_campaign=Visit&utm_term=ExhibitGallery,,,1,2026-09-14T00:00:00.000Z,2026-09-14T00:00:00.000Z,CIC starter database | Exhibit Gallery | Facebook | {null}
100,completed_without_short_link,CIC,GMB,social,Visit,Visit,GMB,Social,Visit,ExhibitGallery,Visit,https://www.castleintheclouds.org/things-to-do/exhibit-gallery/,https://www.castleintheclouds.org/things-to-do/exhibit-gallery/?utm_source=GMB&utm_medium=Social&utm_campaign=Visit&utm_term=ExhibitGallery&utm_content=Visit,,,1,2026-09-14T00:00:00.000Z,2026-09-14T00:00:00.000Z,CIC starter database | Exhibit Gallery | GMB | Visit
101,completed_without_short_link,CIC,GMB,social,Visit,Visit,GMB,Social,Visit,ExhibitGallery,Learn,https://www.castleintheclouds.org/things-to-do/exhibit-gallery/,https://www.castleintheclouds.org/things-to-do/exhibit-gallery/?utm_source=GMB&utm_medium=Social&utm_campaign=Visit&utm_term=ExhibitGallery&utm_content=Learn,,,1,2026-09-14T00:00:00.000Z,2026-09-14T00:00:00.000Z,CIC starter database | Exhibit Gallery | GMB | Learn
102,completed_without_short_link,CIC,GMB,social,Visit,Visit,GMB,Social,Visit,ExhibitGallery,Explore,https://www.castleintheclouds.org/things-to-do/exhibit-gallery/,https://www.castleintheclouds.org/things-to-do/exhibit-gallery/?utm_source=GMB&utm_medium=Social&utm_campaign=Visit&utm_term=ExhibitGallery&utm_content=Explore,,,1,2026-09-14T00:00:00.000Z,2026-09-14T00:00:00.000Z,CIC starter database | Exhibit Gallery | GMB | Explore
103,completed_without_short_link,CIC,GMB,social,Visit,Visit,GMB,Social,Visit,ExhibitGallery,,https://www.castleintheclouds.org/things-to-do/exhibit-gallery/,https://www.castleintheclouds.org/things-to-do/exhibit-gallery/?utm_source=GMB&utm_medium=Social&utm_campaign=Visit&utm_term=ExhibitGallery,,,1,2026-09-14T00:00:00.000Z,2026-09-14T00:00:00.000Z,CIC starter database | Exhibit Gallery | GMB | {null}
104,completed_without_short_link,CIC,Instagram,social,Visit,Visit,Instagram,Social,Visit,ExhibitGallery,Visit,https://www.castleintheclouds.org/things-to-do/exhibit-gallery/,https://www.castleintheclouds.org/things-to-do/exhibit-gallery/?utm_source=Instagram&utm_medium=Social&utm_campaign=Visit&utm_term=ExhibitGallery&utm_content=Visit,,,1,2026-09-14T00:00:00.000Z,2026-09-14T00:00:00.000Z,CIC starter database | Exhibit Gallery | Instagram | Visit
105,completed_without_short_link,CIC,Instagram,social,Visit,Visit,Instagram,Social,Visit,ExhibitGallery,Learn,https://www.castleintheclouds.org/things-to-do/exhibit-gallery/,https://www.castleintheclouds.org/things-to-do/exhibit-gallery/?utm_source=Instagram&utm_medium=Social&utm_campaign=Visit&utm_term=ExhibitGallery&utm_content=Learn,,,1,2026-09-14T00:00:00.000Z,2026-09-14T00:00:00.000Z,CIC starter database | Exhibit Gallery | Instagram | Learn
106,completed_without_short_link,CIC,Instagram,social,Visit,Visit,Instagram,Social,Visit,ExhibitGallery,Explore,https://www.castleintheclouds.org/things-to-do/exhibit-gallery/,https://www.castleintheclouds.org/things-to-do/exhibit-gallery/?utm_source=Instagram&utm_medium=Social&utm_campaign=Visit&utm_term=ExhibitGallery&utm_content=Explore,,,1,2026-09-14T00:00:00.000Z,2026-09-14T00:00:00.000Z,CIC starter database | Exhibit Gallery | Instagram | Explore
107,completed_without_short_link,CIC,Instagram,social,Visit,Visit,Instagram,Social,Visit,ExhibitGallery,,https://www.castleintheclouds.org/things-to-do/exhibit-gallery/,https://www.castleintheclouds.org/things-to-do/exhibit-gallery/?utm_source=Instagram&utm_medium=Social&utm_campaign=Visit&utm_term=ExhibitGallery,,,1,2026-09-14T00:00:00.000Z,2026-09-14T00:00:00.000Z,CIC starter database | Exhibit Gallery | Instagram | {null}
108,completed_without_short_link,CIC,LinkedIn,social,Visit,Visit,LinkedIn,Social,Visit,ExhibitGallery,Visit,https://www.castleintheclouds.org/things-to-do/exhibit-gallery/,https://www.castleintheclouds.org/things-to-do/exhibit-gallery/?utm_source=LinkedIn&utm_medium=Social&utm_campaign=Visit&utm_term=ExhibitGallery&utm_content=Visit,,,1,2026-09-14T00:00:00.000Z,2026-09-14T00:00:00.000Z,CIC starter database | Exhibit Gallery | LinkedIn | Visit
109,completed_without_short_link,CIC,LinkedIn,social,Visit,Visit,LinkedIn,Social,Visit,ExhibitGallery,Learn,https://www.castleintheclouds.org/things-to-do/exhibit-gallery/,https://www.castleintheclouds.org/things-to-do/exhibit-gallery/?utm_source=LinkedIn&utm_medium=Social&utm_campaign=Visit&utm_term=ExhibitGallery&utm_content=Learn,,,1,2026-09-14T00:00:00.000Z,2026-09-14T00:00:00.000Z,CIC starter database | Exhibit Gallery | LinkedIn | Learn
110,completed_without_short_link,CIC,LinkedIn,social,Visit,Visit,LinkedIn,Social,Visit,ExhibitGallery,Explore,https://www.castleintheclouds.org/things-to-do/exhibit-gallery/,https://www.castleintheclouds.org/things-to-do/exhibit-gallery/?utm_source=LinkedIn&utm_medium=Social&utm_campaign=Visit&utm_term=ExhibitGallery&utm_content=Explore,,,1,2026-09-14T00:00:00.000Z,2026-09-14T00:00:00.000Z,CIC starter database | Exhibit Gallery | LinkedIn | Explore
111,completed_without_short_link,CIC,LinkedIn,social,Visit,Visit,LinkedIn,Social,Visit,ExhibitGallery,,https://www.castleintheclouds.org/things-to-do/exhibit-gallery/,https://www.castleintheclouds.org/things-to-do/exhibit-gallery/?utm_source=LinkedIn&utm_medium=Social&utm_campaign=Visit&utm_term=ExhibitGallery,,,1,2026-09-14T00:00:00.000Z,2026-09-14T00:00:00.000Z,CIC starter database | Exhibit Gallery | LinkedIn | {null}
112,completed_without_short_link,CIC,ConstantContact,email,Visit,Visit,ConstantContact,Email,Visit,ExhibitGallery,Visit,https://www.castleintheclouds.org/things-to-do/exhibit-gallery/,https://www.castleintheclouds.org/things-to-do/exhibit-gallery/?utm_source=ConstantContact&utm_medium=Email&utm_campaign=Visit&utm_term=ExhibitGallery&utm_content=Visit,,,1,2026-09-14T00:00:00.000Z,2026-09-14T00:00:00.000Z,CIC starter database | Exhibit Gallery | ConstantContact | Visit
113,completed_without_short_link,CIC,ConstantContact,email,Visit,Visit,ConstantContact,Email,Visit,ExhibitGallery,Learn,https://www.castleintheclouds.org/things-to-do/exhibit-gallery/,https://www.castleintheclouds.org/things-to-do/exhibit-gallery/?utm_source=ConstantContact&utm_medium=Email&utm_campaign=Visit&utm_term=ExhibitGallery&utm_content=Learn,,,1,2026-09-14T00:00:00.000Z,2026-09-14T00:00:00.000Z,CIC starter database | Exhibit Gallery | ConstantContact | Learn
114,completed_without_short_link,CIC,ConstantContact,email,Visit,Visit,ConstantContact,Email,Visit,ExhibitGallery,Explore,https://www.castleintheclouds.org/things-to-do/exhibit-gallery/,https://www.castleintheclouds.org/things-to-do/exhibit-gallery/?utm_source=ConstantContact&utm_medium=Email&utm_campaign=Visit&utm_term=ExhibitGallery&utm_content=Explore,,,1,2026-09-14T00:00:00.000Z,2026-09-14T00:00:00.000Z,CIC starter database | Exhibit Gallery | ConstantContact | Explore
115,completed_without_short_link,CIC,ConstantContact,email,Visit,Visit,ConstantContact,Email,Visit,ExhibitGallery,,https://www.castleintheclouds.org/things-to-do/exhibit-gallery/,https://www.castleintheclouds.org/things-to-do/exhibit-gallery/?utm_source=ConstantContact&utm_medium=Email&utm_campaign=Visit&utm_term=ExhibitGallery,,,1,2026-09-14T00:00:00.000Z,2026-09-14T00:00:00.000Z,CIC starter database | Exhibit Gallery | ConstantContact | {null}
116,completed_without_short_link,CIC,Facebook,social,Visit,Visit,Facebook,Social,Visit,HikingWalkingTrails,Visit,https://www.castleintheclouds.org/things-to-do/hiking-walking-trails/,https://www.castleintheclouds.org/things-to-do/hiking-walking-trails/?utm_source=Facebook&utm_medium=Social&utm_campaign=Visit&utm_term=HikingWalkingTrails&utm_content=Visit,,,1,2026-09-14T00:00:00.000Z,2026-09-14T00:00:00.000Z,CIC starter database | Hiking & Walking Trails | Facebook | Visit
117,completed_without_short_link,CIC,Facebook,social,Visit,Visit,Facebook,Social,Visit,HikingWalkingTrails,Learn,https://www.castleintheclouds.org/things-to-do/hiking-walking-trails/,https://www.castleintheclouds.org/things-to-do/hiking-walking-trails/?utm_source=Facebook&utm_medium=Social&utm_campaign=Visit&utm_term=HikingWalkingTrails&utm_content=Learn,,,1,2026-09-14T00:00:00.000Z,2026-09-14T00:00:00.000Z,CIC starter database | Hiking & Walking Trails | Facebook | Learn
118,completed_without_short_link,CIC,Facebook,social,Visit,Visit,Facebook,Social,Visit,HikingWalkingTrails,Explore,https://www.castleintheclouds.org/things-to-do/hiking-walking-trails/,https://www.castleintheclouds.org/things-to-do/hiking-walking-trails/?utm_source=Facebook&utm_medium=Social&utm_campaign=Visit&utm_term=HikingWalkingTrails&utm_content=Explore,,,1,2026-09-14T00:00:00.000Z,2026-09-14T00:00:00.000Z,CIC starter database | Hiking & Walking Trails | Facebook | Explore
119,completed_without_short_link,CIC,Facebook,social,Visit,Visit,Facebook,Social,Visit,HikingWalkingTrails,,https://www.castleintheclouds.org/things-to-do/hiking-walking-trails/,https://www.castleintheclouds.org/things-to-do/hiking-walking-trails/?utm_source=Facebook&utm_medium=Social&utm_campaign=Visit&utm_term=HikingWalkingTrails,,,1,2026-09-14T00:00:00.000Z,2026-09-14T00:00:00.000Z,CIC starter database | Hiking & Walking Trails | Facebook | {null}
120,completed_without_short_link,CIC,GMB,social,Visit,Visit,GMB,Social,Visit,HikingWalkingTrails,Visit,https://www.castleintheclouds.org/things-to-do/hiking-walking-trails/,https://www.castleintheclouds.org/things-to-do/hiking-walking-trails/?utm_source=GMB&utm_medium=Social&utm_campaign=Visit&utm_term=HikingWalkingTrails&utm_content=Visit,,,1,2026-09-14T00:00:00.000Z,2026-09-14T00:00:00.000Z,CIC starter database | Hiking & Walking Trails | GMB | Visit
121,completed_without_short_link,CIC,GMB,social,Visit,Visit,GMB,Social,Visit,HikingWalkingTrails,Learn,https://www.castleintheclouds.org/things-to-do/hiking-walking-trails/,https://www.castleintheclouds.org/things-to-do/hiking-walking-trails/?utm_source=GMB&utm_medium=Social&utm_campaign=Visit&utm_term=HikingWalkingTrails&utm_content=Learn,,,1,2026-09-14T00:00:00.000Z,2026-09-14T00:00:00.000Z,CIC starter database | Hiking & Walking Trails | GMB | Learn
122,completed_without_short_link,CIC,GMB,social,Visit,Visit,GMB,Social,Visit,HikingWalkingTrails,Explore,https://www.castleintheclouds.org/things-to-do/hiking-walking-trails/,https://www.castleintheclouds.org/things-to-do/hiking-walking-trails/?utm_source=GMB&utm_medium=Social&utm_campaign=Visit&utm_term=HikingWalkingTrails&utm_content=Explore,,,1,2026-09-14T00:00:00.000Z,2026-09-14T00:00:00.000Z,CIC starter database | Hiking & Walking Trails | GMB | Explore
123,completed_without_short_link,CIC,GMB,social,Visit,Visit,GMB,Social,Visit,HikingWalkingTrails,,https://www.castleintheclouds.org/things-to-do/hiking-walking-trails/,https://www.castleintheclouds.org/things-to-do/hiking-walking-trails/?utm_source=GMB&utm_medium=Social&utm_campaign=Visit&utm_term=HikingWalkingTrails,,,1,2026-09-14T00:00:00.000Z,2026-09-14T00:00:00.000Z,CIC starter database | Hiking & Walking Trails | GMB | {null}
124,completed_without_short_link,CIC,Instagram,social,Visit,Visit,Instagram,Social,Visit,HikingWalkingTrails,Visit,https://www.castleintheclouds.org/things-to-do/hiking-walking-trails/,https://www.castleintheclouds.org/things-to-do/hiking-walking-trails/?utm_source=Instagram&utm_medium=Social&utm_campaign=Visit&utm_term=HikingWalkingTrails&utm_content=Visit,,,1,2026-09-14T00:00:00.000Z,2026-09-14T00:00:00.000Z,CIC starter database | Hiking & Walking Trails | Instagram | Visit
125,completed_without_short_link,CIC,Instagram,social,Visit,Visit,Instagram,Social,Visit,HikingWalkingTrails,Learn,https://www.castleintheclouds.org/things-to-do/hiking-walking-trails/,https://www.castleintheclouds.org/things-to-do/hiking-walking-trails/?utm_source=Instagram&utm_medium=Social&utm_campaign=Visit&utm_term=HikingWalkingTrails&utm_content=Learn,,,1,2026-09-14T00:00:00.000Z,2026-09-14T00:00:00.000Z,CIC starter database | Hiking & Walking Trails | Instagram | Learn
126,completed_without_short_link,CIC,Instagram,social,Visit,Visit,Instagram,Social,Visit,HikingWalkingTrails,Explore,https://www.castleintheclouds.org/things-to-do/hiking-walking-trails/,https://www.castleintheclouds.org/things-to-do/hiking-walking-trails/?utm_source=Instagram&utm_medium=Social&utm_campaign=Visit&utm_term=HikingWalkingTrails&utm_content=Explore,,,1,2026-09-14T00:00:00.000Z,2026-09-14T00:00:00.000Z,CIC starter database | Hiking & Walking Trails | Instagram | Explore
127,completed_without_short_link,CIC,Instagram,social,Visit,Visit,Instagram,Social,Visit,HikingWalkingTrails,,https://www.castleintheclouds.org/things-to-do/hiking-walking-trails/,https://www.castleintheclouds.org/things-to-do/hiking-walking-trails/?utm_source=Instagram&utm_medium=Social&utm_campaign=Visit&utm_term=HikingWalkingTrails,,,1,2026-09-14T00:00:00.000Z,2026-09-14T00:00:00.000Z,CIC starter database | Hiking & Walking Trails | Instagram | {null}
128,completed_without_short_link,CIC,LinkedIn,social,Visit,Visit,LinkedIn,Social,Visit,HikingWalkingTrails,Visit,https://www.castleintheclouds.org/things-to-do/hiking-walking-trails/,https://www.castleintheclouds.org/things-to-do/hiking-walking-trails/?utm_source=LinkedIn&utm_medium=Social&utm_campaign=Visit&utm_term=HikingWalkingTrails&utm_content=Visit,,,1,2026-09-14T00:00:00.000Z,2026-09-14T00:00:00.000Z,CIC starter database | Hiking & Walking Trails | LinkedIn | Visit
129,completed_without_short_link,CIC,LinkedIn,social,Visit,Visit,LinkedIn,Social,Visit,HikingWalkingTrails,Learn,https://www.castleintheclouds.org/things-to-do/hiking-walking-trails/,https://www.castleintheclouds.org/things-to-do/hiking-walking-trails/?utm_source=LinkedIn&utm_medium=Social&utm_campaign=Visit&utm_term=HikingWalkingTrails&utm_content=Learn,,,1,2026-09-14T00:00:00.000Z,2026-09-14T00:00:00.000Z,CIC starter database | Hiking & Walking Trails | LinkedIn | Learn
130,completed_without_short_link,CIC,LinkedIn,social,Visit,Visit,LinkedIn,Social,Visit,HikingWalkingTrails,Explore,https://www.castleintheclouds.org/things-to-do/hiking-walking-trails/,https://www.castleintheclouds.org/things-to-do/hiking-walking-trails/?utm_source=LinkedIn&utm_medium=Social&utm_campaign=Visit&utm_term=HikingWalkingTrails&utm_content=Explore,,,1,2026-09-14T00:00:00.000Z,2026-09-14T00:00:00.000Z,CIC starter database | Hiking & Walking Trails | LinkedIn | Explore
131,completed_without_short_link,CIC,LinkedIn,social,Visit,Visit,LinkedIn,Social,Visit,HikingWalkingTrails,,https://www.castleintheclouds.org/things-to-do/hiking-walking-trails/,https://www.castleintheclouds.org/things-to-do/hiking-walking-trails/?utm_source=LinkedIn&utm_medium=Social&utm_campaign=Visit&utm_term=HikingWalkingTrails,,,1,2026-09-14T00:00:00.000Z,2026-09-14T00:00:00.000Z,CIC starter database | Hiking & Walking Trails | LinkedIn | {null}
132,completed_without_short_link,CIC,ConstantContact,email,Visit,Visit,ConstantContact,Email,Visit,HikingWalkingTrails,Visit,https://www.castleintheclouds.org/things-to-do/hiking-walking-trails/,https://www.castleintheclouds.org/things-to-do/hiking-walking-trails/?utm_source=ConstantContact&utm_medium=Email&utm_campaign=Visit&utm_term=HikingWalkingTrails&utm_content=Visit,,,1,2026-09-14T00:00:00.000Z,2026-09-14T00:00:00.000Z,CIC starter database | Hiking & Walking Trails | ConstantContact | Visit
133,completed_without_short_link,CIC,ConstantContact,email,Visit,Visit,ConstantContact,Email,Visit,HikingWalkingTrails,Learn,https://www.castleintheclouds.org/things-to-do/hiking-walking-trails/,https://www.castleintheclouds.org/things-to-do/hiking-walking-trails/?utm_source=ConstantContact&utm_medium=Email&utm_campaign=Visit&utm_term=HikingWalkingTrails&utm_content=Learn,,,1,2026-09-14T00:00:00.000Z,2026-09-14T00:00:00.000Z,CIC starter database | Hiking & Walking Trails | ConstantContact | Learn
134,completed_without_short_link,CIC,ConstantContact,email,Visit,Visit,ConstantContact,Email,Visit,HikingWalkingTrails,Explore,https://www.castleintheclouds.org/things-to-do/hiking-walking-trails/,https://www.castleintheclouds.org/things-to-do/hiking-walking-trails/?utm_source=ConstantContact&utm_medium=Email&utm_campaign=Visit&utm_term=HikingWalkingTrails&utm_content=Explore,,,1,2026-09-14T00:00:00.000Z,2026-09-14T00:00:00.000Z,CIC starter database | Hiking & Walking Trails | ConstantContact | Explore
135,completed_without_short_link,CIC,ConstantContact,email,Visit,Visit,ConstantContact,Email,Visit,HikingWalkingTrails,,https://www.castleintheclouds.org/things-to-do/hiking-walking-trails/,https://www.castleintheclouds.org/things-to-do/hiking-walking-trails/?utm_source=ConstantContact&utm_medium=Email&utm_campaign=Visit&utm_term=HikingWalkingTrails,,,1,2026-09-14T00:00:00.000Z,2026-09-14T00:00:00.000Z,CIC starter database | Hiking & Walking Trails | ConstantContact | {null}
136,completed_without_short_link,CIC,Facebook,social,Visit,Visit,Facebook,Social,Visit,ShannonPondAndTheMeadows,Visit,https://www.castleintheclouds.org/things-to-do/shannon-pond-the-meadows/,https://www.castleintheclouds.org/things-to-do/shannon-pond-the-meadows/?utm_source=Facebook&utm_medium=Social&utm_campaign=Visit&utm_term=ShannonPondAndTheMeadows&utm_content=Visit,,,1,2026-09-14T00:00:00.000Z,2026-09-14T00:00:00.000Z,CIC starter database | Shannon Pond & The Meadows | Facebook | Visit
137,completed_without_short_link,CIC,Facebook,social,Visit,Visit,Facebook,Social,Visit,ShannonPondAndTheMeadows,Learn,https://www.castleintheclouds.org/things-to-do/shannon-pond-the-meadows/,https://www.castleintheclouds.org/things-to-do/shannon-pond-the-meadows/?utm_source=Facebook&utm_medium=Social&utm_campaign=Visit&utm_term=ShannonPondAndTheMeadows&utm_content=Learn,,,1,2026-09-14T00:00:00.000Z,2026-09-14T00:00:00.000Z,CIC starter database | Shannon Pond & The Meadows | Facebook | Learn
138,completed_without_short_link,CIC,Facebook,social,Visit,Visit,Facebook,Social,Visit,ShannonPondAndTheMeadows,Explore,https://www.castleintheclouds.org/things-to-do/shannon-pond-the-meadows/,https://www.castleintheclouds.org/things-to-do/shannon-pond-the-meadows/?utm_source=Facebook&utm_medium=Social&utm_campaign=Visit&utm_term=ShannonPondAndTheMeadows&utm_content=Explore,,,1,2026-09-14T00:00:00.000Z,2026-09-14T00:00:00.000Z,CIC starter database | Shannon Pond & The Meadows | Facebook | Explore
139,completed_without_short_link,CIC,Facebook,social,Visit,Visit,Facebook,Social,Visit,ShannonPondAndTheMeadows,,https://www.castleintheclouds.org/things-to-do/shannon-pond-the-meadows/,https://www.castleintheclouds.org/things-to-do/shannon-pond-the-meadows/?utm_source=Facebook&utm_medium=Social&utm_campaign=Visit&utm_term=ShannonPondAndTheMeadows,,,1,2026-09-14T00:00:00.000Z,2026-09-14T00:00:00.000Z,CIC starter database | Shannon Pond & The Meadows | Facebook | {null}
140,completed_without_short_link,CIC,GMB,social,Visit,Visit,GMB,Social,Visit,ShannonPondAndTheMeadows,Visit,https://www.castleintheclouds.org/things-to-do/shannon-pond-the-meadows/,https://www.castleintheclouds.org/things-to-do/shannon-pond-the-meadows/?utm_source=GMB&utm_medium=Social&utm_campaign=Visit&utm_term=ShannonPondAndTheMeadows&utm_content=Visit,,,1,2026-09-14T00:00:00.000Z,2026-09-14T00:00:00.000Z,CIC starter database | Shannon Pond & The Meadows | GMB | Visit
141,completed_without_short_link,CIC,GMB,social,Visit,Visit,GMB,Social,Visit,ShannonPondAndTheMeadows,Learn,https://www.castleintheclouds.org/things-to-do/shannon-pond-the-meadows/,https://www.castleintheclouds.org/things-to-do/shannon-pond-the-meadows/?utm_source=GMB&utm_medium=Social&utm_campaign=Visit&utm_term=ShannonPondAndTheMeadows&utm_content=Learn,,,1,2026-09-14T00:00:00.000Z,2026-09-14T00:00:00.000Z,CIC starter database | Shannon Pond & The Meadows | GMB | Learn
142,completed_without_short_link,CIC,GMB,social,Visit,Visit,GMB,Social,Visit,ShannonPondAndTheMeadows,Explore,https://www.castleintheclouds.org/things-to-do/shannon-pond-the-meadows/,https://www.castleintheclouds.org/things-to-do/shannon-pond-the-meadows/?utm_source=GMB&utm_medium=Social&utm_campaign=Visit&utm_term=ShannonPondAndTheMeadows&utm_content=Explore,,,1,2026-09-14T00:00:00.000Z,2026-09-14T00:00:00.000Z,CIC starter database | Shannon Pond & The Meadows | GMB | Explore
143,completed_without_short_link,CIC,GMB,social,Visit,Visit,GMB,Social,Visit,ShannonPondAndTheMeadows,,https://www.castleintheclouds.org/things-to-do/shannon-pond-the-meadows/,https://www.castleintheclouds.org/things-to-do/shannon-pond-the-meadows/?utm_source=GMB&utm_medium=Social&utm_campaign=Visit&utm_term=ShannonPondAndTheMeadows,,,1,2026-09-14T00:00:00.000Z,2026-09-14T00:00:00.000Z,CIC starter database | Shannon Pond & The Meadows | GMB | {null}
144,completed_without_short_link,CIC,Instagram,social,Visit,Visit,Instagram,Social,Visit,ShannonPondAndTheMeadows,Visit,https://www.castleintheclouds.org/things-to-do/shannon-pond-the-meadows/,https://www.castleintheclouds.org/things-to-do/shannon-pond-the-meadows/?utm_source=Instagram&utm_medium=Social&utm_campaign=Visit&utm_term=ShannonPondAndTheMeadows&utm_content=Visit,,,1,2026-09-14T00:00:00.000Z,2026-09-14T00:00:00.000Z,CIC starter database | Shannon Pond & The Meadows | Instagram | Visit
145,completed_without_short_link,CIC,Instagram,social,Visit,Visit,Instagram,Social,Visit,ShannonPondAndTheMeadows,Learn,https://www.castleintheclouds.org/things-to-do/shannon-pond-the-meadows/,https://www.castleintheclouds.org/things-to-do/shannon-pond-the-meadows/?utm_source=Instagram&utm_medium=Social&utm_campaign=Visit&utm_term=ShannonPondAndTheMeadows&utm_content=Learn,,,1,2026-09-14T00:00:00.000Z,2026-09-14T00:00:00.000Z,CIC starter database | Shannon Pond & The Meadows | Instagram | Learn
146,completed_without_short_link,CIC,Instagram,social,Visit,Visit,Instagram,Social,Visit,ShannonPondAndTheMeadows,Explore,https://www.castleintheclouds.org/things-to-do/shannon-pond-the-meadows/,https://www.castleintheclouds.org/things-to-do/shannon-pond-the-meadows/?utm_source=Instagram&utm_medium=Social&utm_campaign=Visit&utm_term=ShannonPondAndTheMeadows&utm_content=Explore,,,1,2026-09-14T00:00:00.000Z,2026-09-14T00:00:00.000Z,CIC starter database | Shannon Pond & The Meadows | Instagram | Explore
147,completed_without_short_link,CIC,Instagram,social,Visit,Visit,Instagram,Social,Visit,ShannonPondAndTheMeadows,,https://www.castleintheclouds.org/things-to-do/shannon-pond-the-meadows/,https://www.castleintheclouds.org/things-to-do/shannon-pond-the-meadows/?utm_source=Instagram&utm_medium=Social&utm_campaign=Visit&utm_term=ShannonPondAndTheMeadows,,,1,2026-09-14T00:00:00.000Z,2026-09-14T00:00:00.000Z,CIC starter database | Shannon Pond & The Meadows | Instagram | {null}
148,completed_without_short_link,CIC,LinkedIn,social,Visit,Visit,LinkedIn,Social,Visit,ShannonPondAndTheMeadows,Visit,https://www.castleintheclouds.org/things-to-do/shannon-pond-the-meadows/,https://www.castleintheclouds.org/things-to-do/shannon-pond-the-meadows/?utm_source=LinkedIn&utm_medium=Social&utm_campaign=Visit&utm_term=ShannonPondAndTheMeadows&utm_content=Visit,,,1,2026-09-14T00:00:00.000Z,2026-09-14T00:00:00.000Z,CIC starter database | Shannon Pond & The Meadows | LinkedIn | Visit
149,completed_without_short_link,CIC,LinkedIn,social,Visit,Visit,LinkedIn,Social,Visit,ShannonPondAndTheMeadows,Learn,https://www.castleintheclouds.org/things-to-do/shannon-pond-the-meadows/,https://www.castleintheclouds.org/things-to-do/shannon-pond-the-meadows/?utm_source=LinkedIn&utm_medium=Social&utm_campaign=Visit&utm_term=ShannonPondAndTheMeadows&utm_content=Learn,,,1,2026-09-14T00:00:00.000Z,2026-09-14T00:00:00.000Z,CIC starter database | Shannon Pond & The Meadows | LinkedIn | Learn
150,completed_without_short_link,CIC,LinkedIn,social,Visit,Visit,LinkedIn,Social,Visit,ShannonPondAndTheMeadows,Explore,https://www.castleintheclouds.org/things-to-do/shannon-pond-the-meadows/,https://www.castleintheclouds.org/things-to-do/shannon-pond-the-meadows/?utm_source=LinkedIn&utm_medium=Social&utm_campaign=Visit&utm_term=ShannonPondAndTheMeadows&utm_content=Explore,,,1,2026-09-14T00:00:00.000Z,2026-09-14T00:00:00.000Z,CIC starter database | Shannon Pond & The Meadows | LinkedIn | Explore
151,completed_without_short_link,CIC,LinkedIn,social,Visit,Visit,LinkedIn,Social,Visit,ShannonPondAndTheMeadows,,https://www.castleintheclouds.org/things-to-do/shannon-pond-the-meadows/,https://www.castleintheclouds.org/things-to-do/shannon-pond-the-meadows/?utm_source=LinkedIn&utm_medium=Social&utm_campaign=Visit&utm_term=ShannonPondAndTheMeadows,,,1,2026-09-14T00:00:00.000Z,2026-09-14T00:00:00.000Z,CIC starter database | Shannon Pond & The Meadows | LinkedIn | {null}
152,completed_without_short_link,CIC,ConstantContact,email,Visit,Visit,ConstantContact,Email,Visit,ShannonPondAndTheMeadows,Visit,https://www.castleintheclouds.org/things-to-do/shannon-pond-the-meadows/,https://www.castleintheclouds.org/things-to-do/shannon-pond-the-meadows/?utm_source=ConstantContact&utm_medium=Email&utm_campaign=Visit&utm_term=ShannonPondAndTheMeadows&utm_content=Visit,,,1,2026-09-14T00:00:00.000Z,2026-09-14T00:00:00.000Z,CIC starter database | Shannon Pond & The Meadows | ConstantContact | Visit
153,completed_without_short_link,CIC,ConstantContact,email,Visit,Visit,ConstantContact,Email,Visit,ShannonPondAndTheMeadows,Learn,https://www.castleintheclouds.org/things-to-do/shannon-pond-the-meadows/,https://www.castleintheclouds.org/things-to-do/shannon-pond-the-meadows/?utm_source=ConstantContact&utm_medium=Email&utm_campaign=Visit&utm_term=ShannonPondAndTheMeadows&utm_content=Learn,,,1,2026-09-14T00:00:00.000Z,2026-09-14T00:00:00.000Z,CIC starter database | Shannon Pond & The Meadows | ConstantContact | Learn
154,completed_without_short_link,CIC,ConstantContact,email,Visit,Visit,ConstantContact,Email,Visit,ShannonPondAndTheMeadows,Explore,https://www.castleintheclouds.org/things-to-do/shannon-pond-the-meadows/,https://www.castleintheclouds.org/things-to-do/shannon-pond-the-meadows/?utm_source=ConstantContact&utm_medium=Email&utm_campaign=Visit&utm_term=ShannonPondAndTheMeadows&utm_content=Explore,,,1,2026-09-14T00:00:00.000Z,2026-09-14T00:00:00.000Z,CIC starter database | Shannon Pond & The Meadows | ConstantContact | Explore
155,completed_without_short_link,CIC,ConstantContact,email,Visit,Visit,ConstantContact,Email,Visit,ShannonPondAndTheMeadows,,https://www.castleintheclouds.org/things-to-do/shannon-pond-the-meadows/,https://www.castleintheclouds.org/things-to-do/shannon-pond-the-meadows/?utm_source=ConstantContact&utm_medium=Email&utm_campaign=Visit&utm_term=ShannonPondAndTheMeadows,,,1,2026-09-14T00:00:00.000Z,2026-09-14T00:00:00.000Z,CIC starter database | Shannon Pond & The Meadows | ConstantContact | {null}
156,completed_without_short_link,CIC,Facebook,social,Visit,Visit,Facebook,Social,Visit,GiftShop,Visit,https://www.castleintheclouds.org/things-to-do/gift-shop/,https://www.castleintheclouds.org/things-to-do/gift-shop/?utm_source=Facebook&utm_medium=Social&utm_campaign=Visit&utm_term=GiftShop&utm_content=Visit,,,1,2026-09-14T00:00:00.000Z,2026-09-14T00:00:00.000Z,CIC starter database | Gift Shop | Facebook | Visit
157,completed_without_short_link,CIC,Facebook,social,Visit,Visit,Facebook,Social,Visit,GiftShop,Learn,https://www.castleintheclouds.org/things-to-do/gift-shop/,https://www.castleintheclouds.org/things-to-do/gift-shop/?utm_source=Facebook&utm_medium=Social&utm_campaign=Visit&utm_term=GiftShop&utm_content=Learn,,,1,2026-09-14T00:00:00.000Z,2026-09-14T00:00:00.000Z,CIC starter database | Gift Shop | Facebook | Learn
158,completed_without_short_link,CIC,Facebook,social,Visit,Visit,Facebook,Social,Visit,GiftShop,Explore,https://www.castleintheclouds.org/things-to-do/gift-shop/,https://www.castleintheclouds.org/things-to-do/gift-shop/?utm_source=Facebook&utm_medium=Social&utm_campaign=Visit&utm_term=GiftShop&utm_content=Explore,,,1,2026-09-14T00:00:00.000Z,2026-09-14T00:00:00.000Z,CIC starter database | Gift Shop | Facebook | Explore
159,completed_without_short_link,CIC,Facebook,social,Visit,Visit,Facebook,Social,Visit,GiftShop,,https://www.castleintheclouds.org/things-to-do/gift-shop/,https://www.castleintheclouds.org/things-to-do/gift-shop/?utm_source=Facebook&utm_medium=Social&utm_campaign=Visit&utm_term=GiftShop,,,1,2026-09-14T00:00:00.000Z,2026-09-14T00:00:00.000Z,CIC starter database | Gift Shop | Facebook | {null}
160,completed_without_short_link,CIC,GMB,social,Visit,Visit,GMB,Social,Visit,GiftShop,Visit,https://www.castleintheclouds.org/things-to-do/gift-shop/,https://www.castleintheclouds.org/things-to-do/gift-shop/?utm_source=GMB&utm_medium=Social&utm_campaign=Visit&utm_term=GiftShop&utm_content=Visit,,,1,2026-09-14T00:00:00.000Z,2026-09-14T00:00:00.000Z,CIC starter database | Gift Shop | GMB | Visit
161,completed_without_short_link,CIC,GMB,social,Visit,Visit,GMB,Social,Visit,GiftShop,Learn,https://www.castleintheclouds.org/things-to-do/gift-shop/,https://www.castleintheclouds.org/things-to-do/gift-shop/?utm_source=GMB&utm_medium=Social&utm_campaign=Visit&utm_term=GiftShop&utm_content=Learn,,,1,2026-09-14T00:00:00.000Z,2026-09-14T00:00:00.000Z,CIC starter database | Gift Shop | GMB | Learn
162,completed_without_short_link,CIC,GMB,social,Visit,Visit,GMB,Social,Visit,GiftShop,Explore,https://www.castleintheclouds.org/things-to-do/gift-shop/,https://www.castleintheclouds.org/things-to-do/gift-shop/?utm_source=GMB&utm_medium=Social&utm_campaign=Visit&utm_term=GiftShop&utm_content=Explore,,,1,2026-09-14T00:00:00.000Z,2026-09-14T00:00:00.000Z,CIC starter database | Gift Shop | GMB | Explore
163,completed_without_short_link,CIC,GMB,social,Visit,Visit,GMB,Social,Visit,GiftShop,,https://www.castleintheclouds.org/things-to-do/gift-shop/,https://www.castleintheclouds.org/things-to-do/gift-shop/?utm_source=GMB&utm_medium=Social&utm_campaign=Visit&utm_term=GiftShop,,,1,2026-09-14T00:00:00.000Z,2026-09-14T00:00:00.000Z,CIC starter database | Gift Shop | GMB | {null}
164,completed_without_short_link,CIC,Instagram,social,Visit,Visit,Instagram,Social,Visit,GiftShop,Visit,https://www.castleintheclouds.org/things-to-do/gift-shop/,https://www.castleintheclouds.org/things-to-do/gift-shop/?utm_source=Instagram&utm_medium=Social&utm_campaign=Visit&utm_term=GiftShop&utm_content=Visit,,,1,2026-09-14T00:00:00.000Z,2026-09-14T00:00:00.000Z,CIC starter database | Gift Shop | Instagram | Visit
165,completed_without_short_link,CIC,Instagram,social,Visit,Visit,Instagram,Social,Visit,GiftShop,Learn,https://www.castleintheclouds.org/things-to-do/gift-shop/,https://www.castleintheclouds.org/things-to-do/gift-shop/?utm_source=Instagram&utm_medium=Social&utm_campaign=Visit&utm_term=GiftShop&utm_content=Learn,,,1,2026-09-14T00:00:00.000Z,2026-09-14T00:00:00.000Z,CIC starter database | Gift Shop | Instagram | Learn
166,completed_without_short_link,CIC,Instagram,social,Visit,Visit,Instagram,Social,Visit,GiftShop,Explore,https://www.castleintheclouds.org/things-to-do/gift-shop/,https://www.castleintheclouds.org/things-to-do/gift-shop/?utm_source=Instagram&utm_medium=Social&utm_campaign=Visit&utm_term=GiftShop&utm_content=Explore,,,1,2026-09-14T00:00:00.000Z,2026-09-14T00:00:00.000Z,CIC starter database | Gift Shop | Instagram | Explore
167,completed_without_short_link,CIC,Instagram,social,Visit,Visit,Instagram,Social,Visit,GiftShop,,https://www.castleintheclouds.org/things-to-do/gift-shop/,https://www.castleintheclouds.org/things-to-do/gift-shop/?utm_source=Instagram&utm_medium=Social&utm_campaign=Visit&utm_term=GiftShop,,,1,2026-09-14T00:00:00.000Z,2026-09-14T00:00:00.000Z,CIC starter database | Gift Shop | Instagram | {null}
168,completed_without_short_link,CIC,LinkedIn,social,Visit,Visit,LinkedIn,Social,Visit,GiftShop,Visit,https://www.castleintheclouds.org/things-to-do/gift-shop/,https://www.castleintheclouds.org/things-to-do/gift-shop/?utm_source=LinkedIn&utm_medium=Social&utm_campaign=Visit&utm_term=GiftShop&utm_content=Visit,,,1,2026-09-14T00:00:00.000Z,2026-09-14T00:00:00.000Z,CIC starter database | Gift Shop | LinkedIn | Visit
169,completed_without_short_link,CIC,LinkedIn,social,Visit,Visit,LinkedIn,Social,Visit,GiftShop,Learn,https://www.castleintheclouds.org/things-to-do/gift-shop/,https://www.castleintheclouds.org/things-to-do/gift-shop/?utm_source=LinkedIn&utm_medium=Social&utm_campaign=Visit&utm_term=GiftShop&utm_content=Learn,,,1,2026-09-14T00:00:00.000Z,2026-09-14T00:00:00.000Z,CIC starter database | Gift Shop | LinkedIn | Learn
170,completed_without_short_link,CIC,LinkedIn,social,Visit,Visit,LinkedIn,Social,Visit,GiftShop,Explore,https://www.castleintheclouds.org/things-to-do/gift-shop/,https://www.castleintheclouds.org/things-to-do/gift-shop/?utm_source=LinkedIn&utm_medium=Social&utm_campaign=Visit&utm_term=GiftShop&utm_content=Explore,,,1,2026-09-14T00:00:00.000Z,2026-09-14T00:00:00.000Z,CIC starter database | Gift Shop | LinkedIn | Explore
171,completed_without_short_link,CIC,LinkedIn,social,Visit,Visit,LinkedIn,Social,Visit,GiftShop,,https://www.castleintheclouds.org/things-to-do/gift-shop/,https://www.castleintheclouds.org/things-to-do/gift-shop/?utm_source=LinkedIn&utm_medium=Social&utm_campaign=Visit&utm_term=GiftShop,,,1,2026-09-14T00:00:00.000Z,2026-09-14T00:00:00.000Z,CIC starter database | Gift Shop | LinkedIn | {null}
172,completed_without_short_link,CIC,ConstantContact,email,Visit,Visit,ConstantContact,Email,Visit,GiftShop,Visit,https://www.castleintheclouds.org/things-to-do/gift-shop/,https://www.castleintheclouds.org/things-to-do/gift-shop/?utm_source=ConstantContact&utm_medium=Email&utm_campaign=Visit&utm_term=GiftShop&utm_content=Visit,,,1,2026-09-14T00:00:00.000Z,2026-09-14T00:00:00.000Z,CIC starter database | Gift Shop | ConstantContact | Visit
173,completed_without_short_link,CIC,ConstantContact,email,Visit,Visit,ConstantContact,Email,Visit,GiftShop,Learn,https://www.castleintheclouds.org/things-to-do/gift-shop/,https://www.castleintheclouds.org/things-to-do/gift-shop/?utm_source=ConstantContact&utm_medium=Email&utm_campaign=Visit&utm_term=GiftShop&utm_content=Learn,,,1,2026-09-14T00:00:00.000Z,2026-09-14T00:00:00.000Z,CIC starter database | Gift Shop | ConstantContact | Learn
174,completed_without_short_link,CIC,ConstantContact,email,Visit,Visit,ConstantContact,Email,Visit,GiftShop,Explore,https://www.castleintheclouds.org/things-to-do/gift-shop/,https://www.castleintheclouds.org/things-to-do/gift-shop/?utm_source=ConstantContact&utm_medium=Email&utm_campaign=Visit&utm_term=GiftShop&utm_content=Explore,,,1,2026-09-14T00:00:00.000Z,2026-09-14T00:00:00.000Z,CIC starter database | Gift Shop | ConstantContact | Explore
175,completed_without_short_link,CIC,ConstantContact,email,Visit,Visit,ConstantContact,Email,Visit,GiftShop,,https://www.castleintheclouds.org/things-to-do/gift-shop/,https://www.castleintheclouds.org/things-to-do/gift-shop/?utm_source=ConstantContact&utm_medium=Email&utm_campaign=Visit&utm_term=GiftShop,,,1,2026-09-14T00:00:00.000Z,2026-09-14T00:00:00.000Z,CIC starter database | Gift Shop | ConstantContact | {null}
176,completed_without_short_link,CIC,Facebook,social,Visit,Visit,Facebook,Social,Visit,WinterActivities,Visit,https://www.castleintheclouds.org/things-to-do/winter-activities/,https://www.castleintheclouds.org/things-to-do/winter-activities/?utm_source=Facebook&utm_medium=Social&utm_campaign=Visit&utm_term=WinterActivities&utm_content=Visit,,,1,2026-09-14T00:00:00.000Z,2026-09-14T00:00:00.000Z,CIC starter database | Winter Activities | Facebook | Visit
177,completed_without_short_link,CIC,Facebook,social,Visit,Visit,Facebook,Social,Visit,WinterActivities,Learn,https://www.castleintheclouds.org/things-to-do/winter-activities/,https://www.castleintheclouds.org/things-to-do/winter-activities/?utm_source=Facebook&utm_medium=Social&utm_campaign=Visit&utm_term=WinterActivities&utm_content=Learn,,,1,2026-09-14T00:00:00.000Z,2026-09-14T00:00:00.000Z,CIC starter database | Winter Activities | Facebook | Learn
178,completed_without_short_link,CIC,Facebook,social,Visit,Visit,Facebook,Social,Visit,WinterActivities,Explore,https://www.castleintheclouds.org/things-to-do/winter-activities/,https://www.castleintheclouds.org/things-to-do/winter-activities/?utm_source=Facebook&utm_medium=Social&utm_campaign=Visit&utm_term=WinterActivities&utm_content=Explore,,,1,2026-09-14T00:00:00.000Z,2026-09-14T00:00:00.000Z,CIC starter database | Winter Activities | Facebook | Explore
179,completed_without_short_link,CIC,Facebook,social,Visit,Visit,Facebook,Social,Visit,WinterActivities,,https://www.castleintheclouds.org/things-to-do/winter-activities/,https://www.castleintheclouds.org/things-to-do/winter-activities/?utm_source=Facebook&utm_medium=Social&utm_campaign=Visit&utm_term=WinterActivities,,,1,2026-09-14T00:00:00.000Z,2026-09-14T00:00:00.000Z,CIC starter database | Winter Activities | Facebook | {null}
180,completed_without_short_link,CIC,GMB,social,Visit,Visit,GMB,Social,Visit,WinterActivities,Visit,https://www.castleintheclouds.org/things-to-do/winter-activities/,https://www.castleintheclouds.org/things-to-do/winter-activities/?utm_source=GMB&utm_medium=Social&utm_campaign=Visit&utm_term=WinterActivities&utm_content=Visit,,,1,2026-09-14T00:00:00.000Z,2026-09-14T00:00:00.000Z,CIC starter database | Winter Activities | GMB | Visit
181,completed_without_short_link,CIC,GMB,social,Visit,Visit,GMB,Social,Visit,WinterActivities,Learn,https://www.castleintheclouds.org/things-to-do/winter-activities/,https://www.castleintheclouds.org/things-to-do/winter-activities/?utm_source=GMB&utm_medium=Social&utm_campaign=Visit&utm_term=WinterActivities&utm_content=Learn,,,1,2026-09-14T00:00:00.000Z,2026-09-14T00:00:00.000Z,CIC starter database | Winter Activities | GMB | Learn
182,completed_without_short_link,CIC,GMB,social,Visit,Visit,GMB,Social,Visit,WinterActivities,Explore,https://www.castleintheclouds.org/things-to-do/winter-activities/,https://www.castleintheclouds.org/things-to-do/winter-activities/?utm_source=GMB&utm_medium=Social&utm_campaign=Visit&utm_term=WinterActivities&utm_content=Explore,,,1,2026-09-14T00:00:00.000Z,2026-09-14T00:00:00.000Z,CIC starter database | Winter Activities | GMB | Explore
183,completed_without_short_link,CIC,GMB,social,Visit,Visit,GMB,Social,Visit,WinterActivities,,https://www.castleintheclouds.org/things-to-do/winter-activities/,https://www.castleintheclouds.org/things-to-do/winter-activities/?utm_source=GMB&utm_medium=Social&utm_campaign=Visit&utm_term=WinterActivities,,,1,2026-09-14T00:00:00.000Z,2026-09-14T00:00:00.000Z,CIC starter database | Winter Activities | GMB | {null}
184,completed_without_short_link,CIC,Instagram,social,Visit,Visit,Instagram,Social,Visit,WinterActivities,Visit,https://www.castleintheclouds.org/things-to-do/winter-activities/,https://www.castleintheclouds.org/things-to-do/winter-activities/?utm_source=Instagram&utm_medium=Social&utm_campaign=Visit&utm_term=WinterActivities&utm_content=Visit,,,1,2026-09-14T00:00:00.000Z,2026-09-14T00:00:00.000Z,CIC starter database | Winter Activities | Instagram | Visit
185,completed_without_short_link,CIC,Instagram,social,Visit,Visit,Instagram,Social,Visit,WinterActivities,Learn,https://www.castleintheclouds.org/things-to-do/winter-activities/,https://www.castleintheclouds.org/things-to-do/winter-activities/?utm_source=Instagram&utm_medium=Social&utm_campaign=Visit&utm_term=WinterActivities&utm_content=Learn,,,1,2026-09-14T00:00:00.000Z,2026-09-14T00:00:00.000Z,CIC starter database | Winter Activities | Instagram | Learn
186,completed_without_short_link,CIC,Instagram,social,Visit,Visit,Instagram,Social,Visit,WinterActivities,Explore,https://www.castleintheclouds.org/things-to-do/winter-activities/,https://www.castleintheclouds.org/things-to-do/winter-activities/?utm_source=Instagram&utm_medium=Social&utm_campaign=Visit&utm_term=WinterActivities&utm_content=Explore,,,1,2026-09-14T00:00:00.000Z,2026-09-14T00:00:00.000Z,CIC starter database | Winter Activities | Instagram | Explore
187,completed_without_short_link,CIC,Instagram,social,Visit,Visit,Instagram,Social,Visit,WinterActivities,,https://www.castleintheclouds.org/things-to-do/winter-activities/,https://www.castleintheclouds.org/things-to-do/winter-activities/?utm_source=Instagram&utm_medium=Social&utm_campaign=Visit&utm_term=WinterActivities,,,1,2026-09-14T00:00:00.000Z,2026-09-14T00:00:00.000Z,CIC starter database | Winter Activities | Instagram | {null}
188,completed_without_short_link,CIC,LinkedIn,social,Visit,Visit,LinkedIn,Social,Visit,WinterActivities,Visit,https://www.castleintheclouds.org/things-to-do/winter-activities/,https://www.castleintheclouds.org/things-to-do/winter-activities/?utm_source=LinkedIn&utm_medium=Social&utm_campaign=Visit&utm_term=WinterActivities&utm_content=Visit,,,1,2026-09-14T00:00:00.000Z,2026-09-14T00:00:00.000Z,CIC starter database | Winter Activities | LinkedIn | Visit
189,completed_without_short_link,CIC,LinkedIn,social,Visit,Visit,LinkedIn,Social,Visit,WinterActivities,Learn,https://www.castleintheclouds.org/things-to-do/winter-activities/,https://www.castleintheclouds.org/things-to-do/winter-activities/?utm_source=LinkedIn&utm_medium=Social&utm_campaign=Visit&utm_term=WinterActivities&utm_content=Learn,,,1,2026-09-14T00:00:00.000Z,2026-09-14T00:00:00.000Z,CIC starter database | Winter Activities | LinkedIn | Learn
190,completed_without_short_link,CIC,LinkedIn,social,Visit,Visit,LinkedIn,Social,Visit,WinterActivities,Explore,https://www.castleintheclouds.org/things-to-do/winter-activities/,https://www.castleintheclouds.org/things-to-do/winter-activities/?utm_source=LinkedIn&utm_medium=Social&utm_campaign=Visit&utm_term=WinterActivities&utm_content=Explore,,,1,2026-09-14T00:00:00.000Z,2026-09-14T00:00:00.000Z,CIC starter database | Winter Activities | LinkedIn | Explore
191,completed_without_short_link,CIC,LinkedIn,social,Visit,Visit,LinkedIn,Social,Visit,WinterActivities,,https://www.castleintheclouds.org/things-to-do/winter-activities/,https://www.castleintheclouds.org/things-to-do/winter-activities/?utm_source=LinkedIn&utm_medium=Social&utm_campaign=Visit&utm_term=WinterActivities,,,1,2026-09-14T00:00:00.000Z,2026-09-14T00:00:00.000Z,CIC starter database | Winter Activities | LinkedIn | {null}
192,completed_without_short_link,CIC,ConstantContact,email,Visit,Visit,ConstantContact,Email,Visit,WinterActivities,Visit,https://www.castleintheclouds.org/things-to-do/winter-activities/,https://www.castleintheclouds.org/things-to-do/winter-activities/?utm_source=ConstantContact&utm_medium=Email&utm_campaign=Visit&utm_term=WinterActivities&utm_content=Visit,,,1,2026-09-14T00:00:00.000Z,2026-09-14T00:00:00.000Z,CIC starter database | Winter Activities | ConstantContact | Visit
193,completed_without_short_link,CIC,ConstantContact,email,Visit,Visit,ConstantContact,Email,Visit,WinterActivities,Learn,https://www.castleintheclouds.org/things-to-do/winter-activities/,https://www.castleintheclouds.org/things-to-do/winter-activities/?utm_source=ConstantContact&utm_medium=Email&utm_campaign=Visit&utm_term=WinterActivities&utm_content=Learn,,,1,2026-09-14T00:00:00.000Z,2026-09-14T00:00:00.000Z,CIC starter database | Winter Activities | ConstantContact | Learn
194,completed_without_short_link,CIC,ConstantContact,email,Visit,Visit,ConstantContact,Email,Visit,WinterActivities,Explore,https://www.castleintheclouds.org/things-to-do/winter-activities/,https://www.castleintheclouds.org/things-to-do/winter-activities/?utm_source=ConstantContact&utm_medium=Email&utm_campaign=Visit&utm_term=WinterActivities&utm_content=Explore,,,1,2026-09-14T00:00:00.000Z,2026-09-14T00:00:00.000Z,CIC starter database | Winter Activities | ConstantContact | Explore
195,completed_without_short_link,CIC,ConstantContact,email,Visit,Visit,ConstantContact,Email,Visit,WinterActivities,,https://www.castleintheclouds.org/things-to-do/winter-activities/,https://www.castleintheclouds.org/things-to-do/winter-activities/?utm_source=ConstantContact&utm_medium=Email&utm_campaign=Visit&utm_term=WinterActivities,,,1,2026-09-14T00:00:00.000Z,2026-09-14T00:00:00.000Z,CIC starter database | Winter Activities | ConstantContact | {null}
196,completed_without_short_link,CIC,Facebook,social,Visit,Visit,Facebook,Social,Visit,KidsAndFamilies,Visit,https://www.castleintheclouds.org/kids-families/,https://www.castleintheclouds.org/kids-families/?utm_source=Facebook&utm_medium=Social&utm_campaign=Visit&utm_term=KidsAndFamilies&utm_content=Visit,,,1,2026-09-14T00:00:00.000Z,2026-09-14T00:00:00.000Z,CIC starter database | Kids & Families | Facebook | Visit
197,completed_without_short_link,CIC,Facebook,social,Visit,Visit,Facebook,Social,Visit,KidsAndFamilies,Learn,https://www.castleintheclouds.org/kids-families/,https://www.castleintheclouds.org/kids-families/?utm_source=Facebook&utm_medium=Social&utm_campaign=Visit&utm_term=KidsAndFamilies&utm_content=Learn,,,1,2026-09-14T00:00:00.000Z,2026-09-14T00:00:00.000Z,CIC starter database | Kids & Families | Facebook | Learn
198,completed_without_short_link,CIC,Facebook,social,Visit,Visit,Facebook,Social,Visit,KidsAndFamilies,Explore,https://www.castleintheclouds.org/kids-families/,https://www.castleintheclouds.org/kids-families/?utm_source=Facebook&utm_medium=Social&utm_campaign=Visit&utm_term=KidsAndFamilies&utm_content=Explore,,,1,2026-09-14T00:00:00.000Z,2026-09-14T00:00:00.000Z,CIC starter database | Kids & Families | Facebook | Explore
199,completed_without_short_link,CIC,Facebook,social,Visit,Visit,Facebook,Social,Visit,KidsAndFamilies,,https://www.castleintheclouds.org/kids-families/,https://www.castleintheclouds.org/kids-families/?utm_source=Facebook&utm_medium=Social&utm_campaign=Visit&utm_term=KidsAndFamilies,,,1,2026-09-14T00:00:00.000Z,2026-09-14T00:00:00.000Z,CIC starter database | Kids & Families | Facebook | {null}
200,completed_without_short_link,CIC,GMB,social,Visit,Visit,GMB,Social,Visit,KidsAndFamilies,Visit,https://www.castleintheclouds.org/kids-families/,https://www.castleintheclouds.org/kids-families/?utm_source=GMB&utm_medium=Social&utm_campaign=Visit&utm_term=KidsAndFamilies&utm_content=Visit,,,1,2026-09-14T00:00:00.000Z,2026-09-14T00:00:00.000Z,CIC starter database | Kids & Families | GMB | Visit
201,completed_without_short_link,CIC,GMB,social,Visit,Visit,GMB,Social,Visit,KidsAndFamilies,Learn,https://www.castleintheclouds.org/kids-families/,https://www.castleintheclouds.org/kids-families/?utm_source=GMB&utm_medium=Social&utm_campaign=Visit&utm_term=KidsAndFamilies&utm_content=Learn,,,1,2026-09-14T00:00:00.000Z,2026-09-14T00:00:00.000Z,CIC starter database | Kids & Families | GMB | Learn
202,completed_without_short_link,CIC,GMB,social,Visit,Visit,GMB,Social,Visit,KidsAndFamilies,Explore,https://www.castleintheclouds.org/kids-families/,https://www.castleintheclouds.org/kids-families/?utm_source=GMB&utm_medium=Social&utm_campaign=Visit&utm_term=KidsAndFamilies&utm_content=Explore,,,1,2026-09-14T00:00:00.000Z,2026-09-14T00:00:00.000Z,CIC starter database | Kids & Families | GMB | Explore
203,completed_without_short_link,CIC,GMB,social,Visit,Visit,GMB,Social,Visit,KidsAndFamilies,,https://www.castleintheclouds.org/kids-families/,https://www.castleintheclouds.org/kids-families/?utm_source=GMB&utm_medium=Social&utm_campaign=Visit&utm_term=KidsAndFamilies,,,1,2026-09-14T00:00:00.000Z,2026-09-14T00:00:00.000Z,CIC starter database | Kids & Families | GMB | {null}
204,completed_without_short_link,CIC,Instagram,social,Visit,Visit,Instagram,Social,Visit,KidsAndFamilies,Visit,https://www.castleintheclouds.org/kids-families/,https://www.castleintheclouds.org/kids-families/?utm_source=Instagram&utm_medium=Social&utm_campaign=Visit&utm_term=KidsAndFamilies&utm_content=Visit,,,1,2026-09-14T00:00:00.000Z,2026-09-14T00:00:00.000Z,CIC starter database | Kids & Families | Instagram | Visit
205,completed_without_short_link,CIC,Instagram,social,Visit,Visit,Instagram,Social,Visit,KidsAndFamilies,Learn,https://www.castleintheclouds.org/kids-families/,https://www.castleintheclouds.org/kids-families/?utm_source=Instagram&utm_medium=Social&utm_campaign=Visit&utm_term=KidsAndFamilies&utm_content=Learn,,,1,2026-09-14T00:00:00.000Z,2026-09-14T00:00:00.000Z,CIC starter database | Kids & Families | Instagram | Learn
206,completed_without_short_link,CIC,Instagram,social,Visit,Visit,Instagram,Social,Visit,KidsAndFamilies,Explore,https://www.castleintheclouds.org/kids-families/,https://www.castleintheclouds.org/kids-families/?utm_source=Instagram&utm_medium=Social&utm_campaign=Visit&utm_term=KidsAndFamilies&utm_content=Explore,,,1,2026-09-14T00:00:00.000Z,2026-09-14T00:00:00.000Z,CIC starter database | Kids & Families | Instagram | Explore
207,completed_without_short_link,CIC,Instagram,social,Visit,Visit,Instagram,Social,Visit,KidsAndFamilies,,https://www.castleintheclouds.org/kids-families/,https://www.castleintheclouds.org/kids-families/?utm_source=Instagram&utm_medium=Social&utm_campaign=Visit&utm_term=KidsAndFamilies,,,1,2026-09-14T00:00:00.000Z,2026-09-14T00:00:00.000Z,CIC starter database | Kids & Families | Instagram | {null}
208,completed_without_short_link,CIC,LinkedIn,social,Visit,Visit,LinkedIn,Social,Visit,KidsAndFamilies,Visit,https://www.castleintheclouds.org/kids-families/,https://www.castleintheclouds.org/kids-families/?utm_source=LinkedIn&utm_medium=Social&utm_campaign=Visit&utm_term=KidsAndFamilies&utm_content=Visit,,,1,2026-09-14T00:00:00.000Z,2026-09-14T00:00:00.000Z,CIC starter database | Kids & Families | LinkedIn | Visit
209,completed_without_short_link,CIC,LinkedIn,social,Visit,Visit,LinkedIn,Social,Visit,KidsAndFamilies,Learn,https://www.castleintheclouds.org/kids-families/,https://www.castleintheclouds.org/kids-families/?utm_source=LinkedIn&utm_medium=Social&utm_campaign=Visit&utm_term=KidsAndFamilies&utm_content=Learn,,,1,2026-09-14T00:00:00.000Z,2026-09-14T00:00:00.000Z,CIC starter database | Kids & Families | LinkedIn | Learn
210,completed_without_short_link,CIC,LinkedIn,social,Visit,Visit,LinkedIn,Social,Visit,KidsAndFamilies,Explore,https://www.castleintheclouds.org/kids-families/,https://www.castleintheclouds.org/kids-families/?utm_source=LinkedIn&utm_medium=Social&utm_campaign=Visit&utm_term=KidsAndFamilies&utm_content=Explore,,,1,2026-09-14T00:00:00.000Z,2026-09-14T00:00:00.000Z,CIC starter database | Kids & Families | LinkedIn | Explore
211,completed_without_short_link,CIC,LinkedIn,social,Visit,Visit,LinkedIn,Social,Visit,KidsAndFamilies,,https://www.castleintheclouds.org/kids-families/,https://www.castleintheclouds.org/kids-families/?utm_source=LinkedIn&utm_medium=Social&utm_campaign=Visit&utm_term=KidsAndFamilies,,,1,2026-09-14T00:00:00.000Z,2026-09-14T00:00:00.000Z,CIC starter database | Kids & Families | LinkedIn | {null}
212,completed_without_short_link,CIC,ConstantContact,email,Visit,Visit,ConstantContact,Email,Visit,KidsAndFamilies,Visit,https://www.castleintheclouds.org/kids-families/,https://www.castleintheclouds.org/kids-families/?utm_source=ConstantContact&utm_medium=Email&utm_campaign=Visit&utm_term=KidsAndFamilies&utm_content=Visit,,,1,2026-09-14T00:00:00.000Z,2026-09-14T00:00:00.000Z,CIC starter database | Kids & Families | ConstantContact | Visit
213,completed_without_short_link,CIC,ConstantContact,email,Visit,Visit,ConstantContact,Email,Visit,KidsAndFamilies,Learn,https://www.castleintheclouds.org/kids-families/,https://www.castleintheclouds.org/kids-families/?utm_source=ConstantContact&utm_medium=Email&utm_campaign=Visit&utm_term=KidsAndFamilies&utm_content=Learn,,,1,2026-09-14T00:00:00.000Z,2026-09-14T00:00:00.000Z,CIC starter database | Kids & Families | ConstantContact | Learn
214,completed_without_short_link,CIC,ConstantContact,email,Visit,Visit,ConstantContact,Email,Visit,KidsAndFamilies,Explore,https://www.castleintheclouds.org/kids-families/,https://www.castleintheclouds.org/kids-families/?utm_source=ConstantContact&utm_medium=Email&utm_campaign=Visit&utm_term=KidsAndFamilies&utm_content=Explore,,,1,2026-09-14T00:00:00.000Z,2026-09-14T00:00:00.000Z,CIC starter database | Kids & Families | ConstantContact | Explore
215,completed_without_short_link,CIC,ConstantContact,email,Visit,Visit,ConstantContact,Email,Visit,KidsAndFamilies,,https://www.castleintheclouds.org/kids-families/,https://www.castleintheclouds.org/kids-families/?utm_source=ConstantContact&utm_medium=Email&utm_campaign=Visit&utm_term=KidsAndFamilies,,,1,2026-09-14T00:00:00.000Z,2026-09-14T00:00:00.000Z,CIC starter database | Kids & Families | ConstantContact | {null}
216,completed_without_short_link,CIC,Facebook,social,Visit,Visit,Facebook,Social,Visit,DirectionsAndParking,Visit,https://www.castleintheclouds.org/directions-parking/,https://www.castleintheclouds.org/directions-parking/?utm_source=Facebook&utm_medium=Social&utm_campaign=Visit&utm_term=DirectionsAndParking&utm_content=Visit,,,1,2026-09-14T00:00:00.000Z,2026-09-14T00:00:00.000Z,CIC starter database | Directions & Parking | Facebook | Visit
217,completed_without_short_link,CIC,Facebook,social,Visit,Visit,Facebook,Social,Visit,DirectionsAndParking,Learn,https://www.castleintheclouds.org/directions-parking/,https://www.castleintheclouds.org/directions-parking/?utm_source=Facebook&utm_medium=Social&utm_campaign=Visit&utm_term=DirectionsAndParking&utm_content=Learn,,,1,2026-09-14T00:00:00.000Z,2026-09-14T00:00:00.000Z,CIC starter database | Directions & Parking | Facebook | Learn
218,completed_without_short_link,CIC,Facebook,social,Visit,Visit,Facebook,Social,Visit,DirectionsAndParking,Explore,https://www.castleintheclouds.org/directions-parking/,https://www.castleintheclouds.org/directions-parking/?utm_source=Facebook&utm_medium=Social&utm_campaign=Visit&utm_term=DirectionsAndParking&utm_content=Explore,,,1,2026-09-14T00:00:00.000Z,2026-09-14T00:00:00.000Z,CIC starter database | Directions & Parking | Facebook | Explore
219,completed_without_short_link,CIC,Facebook,social,Visit,Visit,Facebook,Social,Visit,DirectionsAndParking,,https://www.castleintheclouds.org/directions-parking/,https://www.castleintheclouds.org/directions-parking/?utm_source=Facebook&utm_medium=Social&utm_campaign=Visit&utm_term=DirectionsAndParking,,,1,2026-09-14T00:00:00.000Z,2026-09-14T00:00:00.000Z,CIC starter database | Directions & Parking | Facebook | {null}
220,completed_without_short_link,CIC,GMB,social,Visit,Visit,GMB,Social,Visit,DirectionsAndParking,Visit,https://www.castleintheclouds.org/directions-parking/,https://www.castleintheclouds.org/directions-parking/?utm_source=GMB&utm_medium=Social&utm_campaign=Visit&utm_term=DirectionsAndParking&utm_content=Visit,,,1,2026-09-14T00:00:00.000Z,2026-09-14T00:00:00.000Z,CIC starter database | Directions & Parking | GMB | Visit
221,completed_without_short_link,CIC,GMB,social,Visit,Visit,GMB,Social,Visit,DirectionsAndParking,Learn,https://www.castleintheclouds.org/directions-parking/,https://www.castleintheclouds.org/directions-parking/?utm_source=GMB&utm_medium=Social&utm_campaign=Visit&utm_term=DirectionsAndParking&utm_content=Learn,,,1,2026-09-14T00:00:00.000Z,2026-09-14T00:00:00.000Z,CIC starter database | Directions & Parking | GMB | Learn
222,completed_without_short_link,CIC,GMB,social,Visit,Visit,GMB,Social,Visit,DirectionsAndParking,Explore,https://www.castleintheclouds.org/directions-parking/,https://www.castleintheclouds.org/directions-parking/?utm_source=GMB&utm_medium=Social&utm_campaign=Visit&utm_term=DirectionsAndParking&utm_content=Explore,,,1,2026-09-14T00:00:00.000Z,2026-09-14T00:00:00.000Z,CIC starter database | Directions & Parking | GMB | Explore
223,completed_without_short_link,CIC,GMB,social,Visit,Visit,GMB,Social,Visit,DirectionsAndParking,,https://www.castleintheclouds.org/directions-parking/,https://www.castleintheclouds.org/directions-parking/?utm_source=GMB&utm_medium=Social&utm_campaign=Visit&utm_term=DirectionsAndParking,,,1,2026-09-14T00:00:00.000Z,2026-09-14T00:00:00.000Z,CIC starter database | Directions & Parking | GMB | {null}
224,completed_without_short_link,CIC,Instagram,social,Visit,Visit,Instagram,Social,Visit,DirectionsAndParking,Visit,https://www.castleintheclouds.org/directions-parking/,https://www.castleintheclouds.org/directions-parking/?utm_source=Instagram&utm_medium=Social&utm_campaign=Visit&utm_term=DirectionsAndParking&utm_content=Visit,,,1,2026-09-14T00:00:00.000Z,2026-09-14T00:00:00.000Z,CIC starter database | Directions & Parking | Instagram | Visit
225,completed_without_short_link,CIC,Instagram,social,Visit,Visit,Instagram,Social,Visit,DirectionsAndParking,Learn,https://www.castleintheclouds.org/directions-parking/,https://www.castleintheclouds.org/directions-parking/?utm_source=Instagram&utm_medium=Social&utm_campaign=Visit&utm_term=DirectionsAndParking&utm_content=Learn,,,1,2026-09-14T00:00:00.000Z,2026-09-14T00:00:00.000Z,CIC starter database | Directions & Parking | Instagram | Learn
226,completed_without_short_link,CIC,Instagram,social,Visit,Visit,Instagram,Social,Visit,DirectionsAndParking,Explore,https://www.castleintheclouds.org/directions-parking/,https://www.castleintheclouds.org/directions-parking/?utm_source=Instagram&utm_medium=Social&utm_campaign=Visit&utm_term=DirectionsAndParking&utm_content=Explore,,,1,2026-09-14T00:00:00.000Z,2026-09-14T00:00:00.000Z,CIC starter database | Directions & Parking | Instagram | Explore
227,completed_without_short_link,CIC,Instagram,social,Visit,Visit,Instagram,Social,Visit,DirectionsAndParking,,https://www.castleintheclouds.org/directions-parking/,https://www.castleintheclouds.org/directions-parking/?utm_source=Instagram&utm_medium=Social&utm_campaign=Visit&utm_term=DirectionsAndParking,,,1,2026-09-14T00:00:00.000Z,2026-09-14T00:00:00.000Z,CIC starter database | Directions & Parking | Instagram | {null}
228,completed_without_short_link,CIC,LinkedIn,social,Visit,Visit,LinkedIn,Social,Visit,DirectionsAndParking,Visit,https://www.castleintheclouds.org/directions-parking/,https://www.castleintheclouds.org/directions-parking/?utm_source=LinkedIn&utm_medium=Social&utm_campaign=Visit&utm_term=DirectionsAndParking&utm_content=Visit,,,1,2026-09-14T00:00:00.000Z,2026-09-14T00:00:00.000Z,CIC starter database | Directions & Parking | LinkedIn | Visit
229,completed_without_short_link,CIC,LinkedIn,social,Visit,Visit,LinkedIn,Social,Visit,DirectionsAndParking,Learn,https://www.castleintheclouds.org/directions-parking/,https://www.castleintheclouds.org/directions-parking/?utm_source=LinkedIn&utm_medium=Social&utm_campaign=Visit&utm_term=DirectionsAndParking&utm_content=Learn,,,1,2026-09-14T00:00:00.000Z,2026-09-14T00:00:00.000Z,CIC starter database | Directions & Parking | LinkedIn | Learn
230,completed_without_short_link,CIC,LinkedIn,social,Visit,Visit,LinkedIn,Social,Visit,DirectionsAndParking,Explore,https://www.castleintheclouds.org/directions-parking/,https://www.castleintheclouds.org/directions-parking/?utm_source=LinkedIn&utm_medium=Social&utm_campaign=Visit&utm_term=DirectionsAndParking&utm_content=Explore,,,1,2026-09-14T00:00:00.000Z,2026-09-14T00:00:00.000Z,CIC starter database | Directions & Parking | LinkedIn | Explore
231,completed_without_short_link,CIC,LinkedIn,social,Visit,Visit,LinkedIn,Social,Visit,DirectionsAndParking,,https://www.castleintheclouds.org/directions-parking/,https://www.castleintheclouds.org/directions-parking/?utm_source=LinkedIn&utm_medium=Social&utm_campaign=Visit&utm_term=DirectionsAndParking,,,1,2026-09-14T00:00:00.000Z,2026-09-14T00:00:00.000Z,CIC starter database | Directions & Parking | LinkedIn | {null}
232,completed_without_short_link,CIC,ConstantContact,email,Visit,Visit,ConstantContact,Email,Visit,DirectionsAndParking,Visit,https://www.castleintheclouds.org/directions-parking/,https://www.castleintheclouds.org/directions-parking/?utm_source=ConstantContact&utm_medium=Email&utm_campaign=Visit&utm_term=DirectionsAndParking&utm_content=Visit,,,1,2026-09-14T00:00:00.000Z,2026-09-14T00:00:00.000Z,CIC starter database | Directions & Parking | ConstantContact | Visit
233,completed_without_short_link,CIC,ConstantContact,email,Visit,Visit,ConstantContact,Email,Visit,DirectionsAndParking,Learn,https://www.castleintheclouds.org/directions-parking/,https://www.castleintheclouds.org/directions-parking/?utm_source=ConstantContact&utm_medium=Email&utm_campaign=Visit&utm_term=DirectionsAndParking&utm_content=Learn,,,1,2026-09-14T00:00:00.000Z,2026-09-14T00:00:00.000Z,CIC starter database | Directions & Parking | ConstantContact | Learn
234,completed_without_short_link,CIC,ConstantContact,email,Visit,Visit,ConstantContact,Email,Visit,DirectionsAndParking,Explore,https://www.castleintheclouds.org/directions-parking/,https://www.castleintheclouds.org/directions-parking/?utm_source=ConstantContact&utm_medium=Email&utm_campaign=Visit&utm_term=DirectionsAndParking&utm_content=Explore,,,1,2026-09-14T00:00:00.000Z,2026-09-14T00:00:00.000Z,CIC starter database | Directions & Parking | ConstantContact | Explore
235,completed_without_short_link,CIC,ConstantContact,email,Visit,Visit,ConstantContact,Email,Visit,DirectionsAndParking,,https://www.castleintheclouds.org/directions-parking/,https://www.castleintheclouds.org/directions-parking/?utm_source=ConstantContact&utm_medium=Email&utm_campaign=Visit&utm_term=DirectionsAndParking,,,1,2026-09-14T00:00:00.000Z,2026-09-14T00:00:00.000Z,CIC starter database | Directions & Parking | ConstantContact | {null}
236,completed_without_short_link,CIC,Facebook,social,Visit,Visit,Facebook,Social,Visit,VisitorInformation,Visit,https://www.castleintheclouds.org/visitor-information/,https://www.castleintheclouds.org/visitor-information/?utm_source=Facebook&utm_medium=Social&utm_campaign=Visit&utm_term=VisitorInformation&utm_content=Visit,,,1,2026-09-14T00:00:00.000Z,2026-09-14T00:00:00.000Z,CIC starter database | Visitor Information | Facebook | Visit
237,completed_without_short_link,CIC,Facebook,social,Visit,Visit,Facebook,Social,Visit,VisitorInformation,Learn,https://www.castleintheclouds.org/visitor-information/,https://www.castleintheclouds.org/visitor-information/?utm_source=Facebook&utm_medium=Social&utm_campaign=Visit&utm_term=VisitorInformation&utm_content=Learn,,,1,2026-09-14T00:00:00.000Z,2026-09-14T00:00:00.000Z,CIC starter database | Visitor Information | Facebook | Learn
238,completed_without_short_link,CIC,Facebook,social,Visit,Visit,Facebook,Social,Visit,VisitorInformation,Explore,https://www.castleintheclouds.org/visitor-information/,https://www.castleintheclouds.org/visitor-information/?utm_source=Facebook&utm_medium=Social&utm_campaign=Visit&utm_term=VisitorInformation&utm_content=Explore,,,1,2026-09-14T00:00:00.000Z,2026-09-14T00:00:00.000Z,CIC starter database | Visitor Information | Facebook | Explore
239,completed_without_short_link,CIC,Facebook,social,Visit,Visit,Facebook,Social,Visit,VisitorInformation,,https://www.castleintheclouds.org/visitor-information/,https://www.castleintheclouds.org/visitor-information/?utm_source=Facebook&utm_medium=Social&utm_campaign=Visit&utm_term=VisitorInformation,,,1,2026-09-14T00:00:00.000Z,2026-09-14T00:00:00.000Z,CIC starter database | Visitor Information | Facebook | {null}
240,completed_without_short_link,CIC,GMB,social,Visit,Visit,GMB,Social,Visit,VisitorInformation,Visit,https://www.castleintheclouds.org/visitor-information/,https://www.castleintheclouds.org/visitor-information/?utm_source=GMB&utm_medium=Social&utm_campaign=Visit&utm_term=VisitorInformation&utm_content=Visit,,,1,2026-09-14T00:00:00.000Z,2026-09-14T00:00:00.000Z,CIC starter database | Visitor Information | GMB | Visit
241,completed_without_short_link,CIC,GMB,social,Visit,Visit,GMB,Social,Visit,VisitorInformation,Learn,https://www.castleintheclouds.org/visitor-information/,https://www.castleintheclouds.org/visitor-information/?utm_source=GMB&utm_medium=Social&utm_campaign=Visit&utm_term=VisitorInformation&utm_content=Learn,,,1,2026-09-14T00:00:00.000Z,2026-09-14T00:00:00.000Z,CIC starter database | Visitor Information | GMB | Learn
242,completed_without_short_link,CIC,GMB,social,Visit,Visit,GMB,Social,Visit,VisitorInformation,Explore,https://www.castleintheclouds.org/visitor-information/,https://www.castleintheclouds.org/visitor-information/?utm_source=GMB&utm_medium=Social&utm_campaign=Visit&utm_term=VisitorInformation&utm_content=Explore,,,1,2026-09-14T00:00:00.000Z,2026-09-14T00:00:00.000Z,CIC starter database | Visitor Information | GMB | Explore
243,completed_without_short_link,CIC,GMB,social,Visit,Visit,GMB,Social,Visit,VisitorInformation,,https://www.castleintheclouds.org/visitor-information/,https://www.castleintheclouds.org/visitor-information/?utm_source=GMB&utm_medium=Social&utm_campaign=Visit&utm_term=VisitorInformation,,,1,2026-09-14T00:00:00.000Z,2026-09-14T00:00:00.000Z,CIC starter database | Visitor Information | GMB | {null}
244,completed_without_short_link,CIC,Instagram,social,Visit,Visit,Instagram,Social,Visit,VisitorInformation,Visit,https://www.castleintheclouds.org/visitor-information/,https://www.castleintheclouds.org/visitor-information/?utm_source=Instagram&utm_medium=Social&utm_campaign=Visit&utm_term=VisitorInformation&utm_content=Visit,,,1,2026-09-14T00:00:00.000Z,2026-09-14T00:00:00.000Z,CIC starter database | Visitor Information | Instagram | Visit
245,completed_without_short_link,CIC,Instagram,social,Visit,Visit,Instagram,Social,Visit,VisitorInformation,Learn,https://www.castleintheclouds.org/visitor-information/,https://www.castleintheclouds.org/visitor-information/?utm_source=Instagram&utm_medium=Social&utm_campaign=Visit&utm_term=VisitorInformation&utm_content=Learn,,,1,2026-09-14T00:00:00.000Z,2026-09-14T00:00:00.000Z,CIC starter database | Visitor Information | Instagram | Learn
246,completed_without_short_link,CIC,Instagram,social,Visit,Visit,Instagram,Social,Visit,VisitorInformation,Explore,https://www.castleintheclouds.org/visitor-information/,https://www.castleintheclouds.org/visitor-information/?utm_source=Instagram&utm_medium=Social&utm_campaign=Visit&utm_term=VisitorInformation&utm_content=Explore,,,1,2026-09-14T00:00:00.000Z,2026-09-14T00:00:00.000Z,CIC starter database | Visitor Information | Instagram | Explore
247,completed_without_short_link,CIC,Instagram,social,Visit,Visit,Instagram,Social,Visit,VisitorInformation,,https://www.castleintheclouds.org/visitor-information/,https://www.castleintheclouds.org/visitor-information/?utm_source=Instagram&utm_medium=Social&utm_campaign=Visit&utm_term=VisitorInformation,,,1,2026-09-14T00:00:00.000Z,2026-09-14T00:00:00.000Z,CIC starter database | Visitor Information | Instagram | {null}
248,completed_without_short_link,CIC,LinkedIn,social,Visit,Visit,LinkedIn,Social,Visit,VisitorInformation,Visit,https://www.castleintheclouds.org/visitor-information/,https://www.castleintheclouds.org/visitor-information/?utm_source=LinkedIn&utm_medium=Social&utm_campaign=Visit&utm_term=VisitorInformation&utm_content=Visit,,,1,2026-09-14T00:00:00.000Z,2026-09-14T00:00:00.000Z,CIC starter database | Visitor Information | LinkedIn | Visit
249,completed_without_short_link,CIC,LinkedIn,social,Visit,Visit,LinkedIn,Social,Visit,VisitorInformation,Learn,https://www.castleintheclouds.org/visitor-information/,https://www.castleintheclouds.org/visitor-information/?utm_source=LinkedIn&utm_medium=Social&utm_campaign=Visit&utm_term=VisitorInformation&utm_content=Learn,,,1,2026-09-14T00:00:00.000Z,2026-09-14T00:00:00.000Z,CIC starter database | Visitor Information | LinkedIn | Learn
250,completed_without_short_link,CIC,LinkedIn,social,Visit,Visit,LinkedIn,Social,Visit,VisitorInformation,Explore,https://www.castleintheclouds.org/visitor-information/,https://www.castleintheclouds.org/visitor-information/?utm_source=LinkedIn&utm_medium=Social&utm_campaign=Visit&utm_term=VisitorInformation&utm_content=Explore,,,1,2026-09-14T00:00:00.000Z,2026-09-14T00:00:00.000Z,CIC starter database | Visitor Information | LinkedIn | Explore
251,completed_without_short_link,CIC,LinkedIn,social,Visit,Visit,LinkedIn,Social,Visit,VisitorInformation,,https://www.castleintheclouds.org/visitor-information/,https://www.castleintheclouds.org/visitor-information/?utm_source=LinkedIn&utm_medium=Social&utm_campaign=Visit&utm_term=VisitorInformation,,,1,2026-09-14T00:00:00.000Z,2026-09-14T00:00:00.000Z,CIC starter database | Visitor Information | LinkedIn | {null}
252,completed_without_short_link,CIC,ConstantContact,email,Visit,Visit,ConstantContact,Email,Visit,VisitorInformation,Visit,https://www.castleintheclouds.org/visitor-information/,https://www.castleintheclouds.org/visitor-information/?utm_source=ConstantContact&utm_medium=Email&utm_campaign=Visit&utm_term=VisitorInformation&utm_content=Visit,,,1,2026-09-14T00:00:00.000Z,2026-09-14T00:00:00.000Z,CIC starter database | Visitor Information | ConstantContact | Visit
253,completed_without_short_link,CIC,ConstantContact,email,Visit,Visit,ConstantContact,Email,Visit,VisitorInformation,Learn,https://www.castleintheclouds.org/visitor-information/,https://www.castleintheclouds.org/visitor-information/?utm_source=ConstantContact&utm_medium=Email&utm_campaign=Visit&utm_term=VisitorInformation&utm_content=Learn,,,1,2026-09-14T00:00:00.000Z,2026-09-14T00:00:00.000Z,CIC starter database | Visitor Information | ConstantContact | Learn
254,completed_without_short_link,CIC,ConstantContact,email,Visit,Visit,ConstantContact,Email,Visit,VisitorInformation,Explore,https://www.castleintheclouds.org/visitor-information/,https://www.castleintheclouds.org/visitor-information/?utm_source=ConstantContact&utm_medium=Email&utm_campaign=Visit&utm_term=VisitorInformation&utm_content=Explore,,,1,2026-09-14T00:00:00.000Z,2026-09-14T00:00:00.000Z,CIC starter database | Visitor Information | ConstantContact | Explore
255,completed_without_short_link,CIC,ConstantContact,email,Visit,Visit,ConstantContact,Email,Visit,VisitorInformation,,https://www.castleintheclouds.org/visitor-information/,https://www.castleintheclouds.org/visitor-information/?utm_source=ConstantContact&utm_medium=Email&utm_campaign=Visit&utm_term=VisitorInformation,,,1,2026-09-14T00:00:00.000Z,2026-09-14T00:00:00.000Z,CIC starter database | Visitor Information | ConstantContact | {null}
256,completed_without_short_link,CIC,Facebook,social,Visit,Visit,Facebook,Social,Visit,AreaInformation,Visit,https://www.castleintheclouds.org/area-information/,https://www.castleintheclouds.org/area-information/?utm_source=Facebook&utm_medium=Social&utm_campaign=Visit&utm_term=AreaInformation&utm_content=Visit,,,1,2026-09-14T00:00:00.000Z,2026-09-14T00:00:00.000Z,CIC starter database | Area Information | Facebook | Visit
257,completed_without_short_link,CIC,Facebook,social,Visit,Visit,Facebook,Social,Visit,AreaInformation,Learn,https://www.castleintheclouds.org/area-information/,https://www.castleintheclouds.org/area-information/?utm_source=Facebook&utm_medium=Social&utm_campaign=Visit&utm_term=AreaInformation&utm_content=Learn,,,1,2026-09-14T00:00:00.000Z,2026-09-14T00:00:00.000Z,CIC starter database | Area Information | Facebook | Learn
258,completed_without_short_link,CIC,Facebook,social,Visit,Visit,Facebook,Social,Visit,AreaInformation,Explore,https://www.castleintheclouds.org/area-information/,https://www.castleintheclouds.org/area-information/?utm_source=Facebook&utm_medium=Social&utm_campaign=Visit&utm_term=AreaInformation&utm_content=Explore,,,1,2026-09-14T00:00:00.000Z,2026-09-14T00:00:00.000Z,CIC starter database | Area Information | Facebook | Explore
259,completed_without_short_link,CIC,Facebook,social,Visit,Visit,Facebook,Social,Visit,AreaInformation,,https://www.castleintheclouds.org/area-information/,https://www.castleintheclouds.org/area-information/?utm_source=Facebook&utm_medium=Social&utm_campaign=Visit&utm_term=AreaInformation,,,1,2026-09-14T00:00:00.000Z,2026-09-14T00:00:00.000Z,CIC starter database | Area Information | Facebook | {null}
260,completed_without_short_link,CIC,GMB,social,Visit,Visit,GMB,Social,Visit,AreaInformation,Visit,https://www.castleintheclouds.org/area-information/,https://www.castleintheclouds.org/area-information/?utm_source=GMB&utm_medium=Social&utm_campaign=Visit&utm_term=AreaInformation&utm_content=Visit,,,1,2026-09-14T00:00:00.000Z,2026-09-14T00:00:00.000Z,CIC starter database | Area Information | GMB | Visit
261,completed_without_short_link,CIC,GMB,social,Visit,Visit,GMB,Social,Visit,AreaInformation,Learn,https://www.castleintheclouds.org/area-information/,https://www.castleintheclouds.org/area-information/?utm_source=GMB&utm_medium=Social&utm_campaign=Visit&utm_term=AreaInformation&utm_content=Learn,,,1,2026-09-14T00:00:00.000Z,2026-09-14T00:00:00.000Z,CIC starter database | Area Information | GMB | Learn
262,completed_without_short_link,CIC,GMB,social,Visit,Visit,GMB,Social,Visit,AreaInformation,Explore,https://www.castleintheclouds.org/area-information/,https://www.castleintheclouds.org/area-information/?utm_source=GMB&utm_medium=Social&utm_campaign=Visit&utm_term=AreaInformation&utm_content=Explore,,,1,2026-09-14T00:00:00.000Z,2026-09-14T00:00:00.000Z,CIC starter database | Area Information | GMB | Explore
263,completed_without_short_link,CIC,GMB,social,Visit,Visit,GMB,Social,Visit,AreaInformation,,https://www.castleintheclouds.org/area-information/,https://www.castleintheclouds.org/area-information/?utm_source=GMB&utm_medium=Social&utm_campaign=Visit&utm_term=AreaInformation,,,1,2026-09-14T00:00:00.000Z,2026-09-14T00:00:00.000Z,CIC starter database | Area Information | GMB | {null}
264,completed_without_short_link,CIC,Instagram,social,Visit,Visit,Instagram,Social,Visit,AreaInformation,Visit,https://www.castleintheclouds.org/area-information/,https://www.castleintheclouds.org/area-information/?utm_source=Instagram&utm_medium=Social&utm_campaign=Visit&utm_term=AreaInformation&utm_content=Visit,,,1,2026-09-14T00:00:00.000Z,2026-09-14T00:00:00.000Z,CIC starter database | Area Information | Instagram | Visit
265,completed_without_short_link,CIC,Instagram,social,Visit,Visit,Instagram,Social,Visit,AreaInformation,Learn,https://www.castleintheclouds.org/area-information/,https://www.castleintheclouds.org/area-information/?utm_source=Instagram&utm_medium=Social&utm_campaign=Visit&utm_term=AreaInformation&utm_content=Learn,,,1,2026-09-14T00:00:00.000Z,2026-09-14T00:00:00.000Z,CIC starter database | Area Information | Instagram | Learn
266,completed_without_short_link,CIC,Instagram,social,Visit,Visit,Instagram,Social,Visit,AreaInformation,Explore,https://www.castleintheclouds.org/area-information/,https://www.castleintheclouds.org/area-information/?utm_source=Instagram&utm_medium=Social&utm_campaign=Visit&utm_term=AreaInformation&utm_content=Explore,,,1,2026-09-14T00:00:00.000Z,2026-09-14T00:00:00.000Z,CIC starter database | Area Information | Instagram | Explore
267,completed_without_short_link,CIC,Instagram,social,Visit,Visit,Instagram,Social,Visit,AreaInformation,,https://www.castleintheclouds.org/area-information/,https://www.castleintheclouds.org/area-information/?utm_source=Instagram&utm_medium=Social&utm_campaign=Visit&utm_term=AreaInformation,,,1,2026-09-14T00:00:00.000Z,2026-09-14T00:00:00.000Z,CIC starter database | Area Information | Instagram | {null}
268,completed_without_short_link,CIC,LinkedIn,social,Visit,Visit,LinkedIn,Social,Visit,AreaInformation,Visit,https://www.castleintheclouds.org/area-information/,https://www.castleintheclouds.org/area-information/?utm_source=LinkedIn&utm_medium=Social&utm_campaign=Visit&utm_term=AreaInformation&utm_content=Visit,,,1,2026-09-14T00:00:00.000Z,2026-09-14T00:00:00.000Z,CIC starter database | Area Information | LinkedIn | Visit
269,completed_without_short_link,CIC,LinkedIn,social,Visit,Visit,LinkedIn,Social,Visit,AreaInformation,Learn,https://www.castleintheclouds.org/area-information/,https://www.castleintheclouds.org/area-information/?utm_source=LinkedIn&utm_medium=Social&utm_campaign=Visit&utm_term=AreaInformation&utm_content=Learn,,,1,2026-09-14T00:00:00.000Z,2026-09-14T00:00:00.000Z,CIC starter database | Area Information | LinkedIn | Learn
270,completed_without_short_link,CIC,LinkedIn,social,Visit,Visit,LinkedIn,Social,Visit,AreaInformation,Explore,https://www.castleintheclouds.org/area-information/,https://www.castleintheclouds.org/area-information/?utm_source=LinkedIn&utm_medium=Social&utm_campaign=Visit&utm_term=AreaInformation&utm_content=Explore,,,1,2026-09-14T00:00:00.000Z,2026-09-14T00:00:00.000Z,CIC starter database | Area Information | LinkedIn | Explore
271,completed_without_short_link,CIC,LinkedIn,social,Visit,Visit,LinkedIn,Social,Visit,AreaInformation,,https://www.castleintheclouds.org/area-information/,https://www.castleintheclouds.org/area-information/?utm_source=LinkedIn&utm_medium=Social&utm_campaign=Visit&utm_term=AreaInformation,,,1,2026-09-14T00:00:00.000Z,2026-09-14T00:00:00.000Z,CIC starter database | Area Information | LinkedIn | {null}
272,completed_without_short_link,CIC,ConstantContact,email,Visit,Visit,ConstantContact,Email,Visit,AreaInformation,Visit,https://www.castleintheclouds.org/area-information/,https://www.castleintheclouds.org/area-information/?utm_source=ConstantContact&utm_medium=Email&utm_campaign=Visit&utm_term=AreaInformation&utm_content=Visit,,,1,2026-09-14T00:00:00.000Z,2026-09-14T00:00:00.000Z,CIC starter database | Area Information | ConstantContact | Visit
273,completed_without_short_link,CIC,ConstantContact,email,Visit,Visit,ConstantContact,Email,Visit,AreaInformation,Learn,https://www.castleintheclouds.org/area-information/,https://www.castleintheclouds.org/area-information/?utm_source=ConstantContact&utm_medium=Email&utm_campaign=Visit&utm_term=AreaInformation&utm_content=Learn,,,1,2026-09-14T00:00:00.000Z,2026-09-14T00:00:00.000Z,CIC starter database | Area Information | ConstantContact | Learn
274,completed_without_short_link,CIC,ConstantContact,email,Visit,Visit,ConstantContact,Email,Visit,AreaInformation,Explore,https://www.castleintheclouds.org/area-information/,https://www.castleintheclouds.org/area-information/?utm_source=ConstantContact&utm_medium=Email&utm_campaign=Visit&utm_term=AreaInformation&utm_content=Explore,,,1,2026-09-14T00:00:00.000Z,2026-09-14T00:00:00.000Z,CIC starter database | Area Information | ConstantContact | Explore
275,completed_without_short_link,CIC,ConstantContact,email,Visit,Visit,ConstantContact,Email,Visit,AreaInformation,,https://www.castleintheclouds.org/area-information/,https://www.castleintheclouds.org/area-information/?utm_source=ConstantContact&utm_medium=Email&utm_campaign=Visit&utm_term=AreaInformation,,,1,2026-09-14T00:00:00.000Z,2026-09-14T00:00:00.000Z,CIC starter database | Area Information | ConstantContact | {null}
276,completed_without_short_link,CIC,Facebook,social,Visit,Visit,Facebook,Social,Visit,VirtualLibrary,Visit,https://www.castleintheclouds.org/virtual-library/,https://www.castleintheclouds.org/virtual-library/?utm_source=Facebook&utm_medium=Social&utm_campaign=Visit&utm_term=VirtualLibrary&utm_content=Visit,,,1,2026-09-14T00:00:00.000Z,2026-09-14T00:00:00.000Z,CIC starter database | Virtual Library | Facebook | Visit
277,completed_without_short_link,CIC,Facebook,social,Visit,Visit,Facebook,Social,Visit,VirtualLibrary,Learn,https://www.castleintheclouds.org/virtual-library/,https://www.castleintheclouds.org/virtual-library/?utm_source=Facebook&utm_medium=Social&utm_campaign=Visit&utm_term=VirtualLibrary&utm_content=Learn,,,1,2026-09-14T00:00:00.000Z,2026-09-14T00:00:00.000Z,CIC starter database | Virtual Library | Facebook | Learn
278,completed_without_short_link,CIC,Facebook,social,Visit,Visit,Facebook,Social,Visit,VirtualLibrary,Explore,https://www.castleintheclouds.org/virtual-library/,https://www.castleintheclouds.org/virtual-library/?utm_source=Facebook&utm_medium=Social&utm_campaign=Visit&utm_term=VirtualLibrary&utm_content=Explore,,,1,2026-09-14T00:00:00.000Z,2026-09-14T00:00:00.000Z,CIC starter database | Virtual Library | Facebook | Explore
279,completed_without_short_link,CIC,Facebook,social,Visit,Visit,Facebook,Social,Visit,VirtualLibrary,,https://www.castleintheclouds.org/virtual-library/,https://www.castleintheclouds.org/virtual-library/?utm_source=Facebook&utm_medium=Social&utm_campaign=Visit&utm_term=VirtualLibrary,,,1,2026-09-14T00:00:00.000Z,2026-09-14T00:00:00.000Z,CIC starter database | Virtual Library | Facebook | {null}
280,completed_without_short_link,CIC,GMB,social,Visit,Visit,GMB,Social,Visit,VirtualLibrary,Visit,https://www.castleintheclouds.org/virtual-library/,https://www.castleintheclouds.org/virtual-library/?utm_source=GMB&utm_medium=Social&utm_campaign=Visit&utm_term=VirtualLibrary&utm_content=Visit,,,1,2026-09-14T00:00:00.000Z,2026-09-14T00:00:00.000Z,CIC starter database | Virtual Library | GMB | Visit
281,completed_without_short_link,CIC,GMB,social,Visit,Visit,GMB,Social,Visit,VirtualLibrary,Learn,https://www.castleintheclouds.org/virtual-library/,https://www.castleintheclouds.org/virtual-library/?utm_source=GMB&utm_medium=Social&utm_campaign=Visit&utm_term=VirtualLibrary&utm_content=Learn,,,1,2026-09-14T00:00:00.000Z,2026-09-14T00:00:00.000Z,CIC starter database | Virtual Library | GMB | Learn
282,completed_without_short_link,CIC,GMB,social,Visit,Visit,GMB,Social,Visit,VirtualLibrary,Explore,https://www.castleintheclouds.org/virtual-library/,https://www.castleintheclouds.org/virtual-library/?utm_source=GMB&utm_medium=Social&utm_campaign=Visit&utm_term=VirtualLibrary&utm_content=Explore,,,1,2026-09-14T00:00:00.000Z,2026-09-14T00:00:00.000Z,CIC starter database | Virtual Library | GMB | Explore
283,completed_without_short_link,CIC,GMB,social,Visit,Visit,GMB,Social,Visit,VirtualLibrary,,https://www.castleintheclouds.org/virtual-library/,https://www.castleintheclouds.org/virtual-library/?utm_source=GMB&utm_medium=Social&utm_campaign=Visit&utm_term=VirtualLibrary,,,1,2026-09-14T00:00:00.000Z,2026-09-14T00:00:00.000Z,CIC starter database | Virtual Library | GMB | {null}
284,completed_without_short_link,CIC,Instagram,social,Visit,Visit,Instagram,Social,Visit,VirtualLibrary,Visit,https://www.castleintheclouds.org/virtual-library/,https://www.castleintheclouds.org/virtual-library/?utm_source=Instagram&utm_medium=Social&utm_campaign=Visit&utm_term=VirtualLibrary&utm_content=Visit,,,1,2026-09-14T00:00:00.000Z,2026-09-14T00:00:00.000Z,CIC starter database | Virtual Library | Instagram | Visit
285,completed_without_short_link,CIC,Instagram,social,Visit,Visit,Instagram,Social,Visit,VirtualLibrary,Learn,https://www.castleintheclouds.org/virtual-library/,https://www.castleintheclouds.org/virtual-library/?utm_source=Instagram&utm_medium=Social&utm_campaign=Visit&utm_term=VirtualLibrary&utm_content=Learn,,,1,2026-09-14T00:00:00.000Z,2026-09-14T00:00:00.000Z,CIC starter database | Virtual Library | Instagram | Learn
286,completed_without_short_link,CIC,Instagram,social,Visit,Visit,Instagram,Social,Visit,VirtualLibrary,Explore,https://www.castleintheclouds.org/virtual-library/,https://www.castleintheclouds.org/virtual-library/?utm_source=Instagram&utm_medium=Social&utm_campaign=Visit&utm_term=VirtualLibrary&utm_content=Explore,,,1,2026-09-14T00:00:00.000Z,2026-09-14T00:00:00.000Z,CIC starter database | Virtual Library | Instagram | Explore
287,completed_without_short_link,CIC,Instagram,social,Visit,Visit,Instagram,Social,Visit,VirtualLibrary,,https://www.castleintheclouds.org/virtual-library/,https://www.castleintheclouds.org/virtual-library/?utm_source=Instagram&utm_medium=Social&utm_campaign=Visit&utm_term=VirtualLibrary,,,1,2026-09-14T00:00:00.000Z,2026-09-14T00:00:00.000Z,CIC starter database | Virtual Library | Instagram | {null}
288,completed_without_short_link,CIC,LinkedIn,social,Visit,Visit,LinkedIn,Social,Visit,VirtualLibrary,Visit,https://www.castleintheclouds.org/virtual-library/,https://www.castleintheclouds.org/virtual-library/?utm_source=LinkedIn&utm_medium=Social&utm_campaign=Visit&utm_term=VirtualLibrary&utm_content=Visit,,,1,2026-09-14T00:00:00.000Z,2026-09-14T00:00:00.000Z,CIC starter database | Virtual Library | LinkedIn | Visit
289,completed_without_short_link,CIC,LinkedIn,social,Visit,Visit,LinkedIn,Social,Visit,VirtualLibrary,Learn,https://www.castleintheclouds.org/virtual-library/,https://www.castleintheclouds.org/virtual-library/?utm_source=LinkedIn&utm_medium=Social&utm_campaign=Visit&utm_term=VirtualLibrary&utm_content=Learn,,,1,2026-09-14T00:00:00.000Z,2026-09-14T00:00:00.000Z,CIC starter database | Virtual Library | LinkedIn | Learn
290,completed_without_short_link,CIC,LinkedIn,social,Visit,Visit,LinkedIn,Social,Visit,VirtualLibrary,Explore,https://www.castleintheclouds.org/virtual-library/,https://www.castleintheclouds.org/virtual-library/?utm_source=LinkedIn&utm_medium=Social&utm_campaign=Visit&utm_term=VirtualLibrary&utm_content=Explore,,,1,2026-09-14T00:00:00.000Z,2026-09-14T00:00:00.000Z,CIC starter database | Virtual Library | LinkedIn | Explore
291,completed_without_short_link,CIC,LinkedIn,social,Visit,Visit,LinkedIn,Social,Visit,VirtualLibrary,,https://www.castleintheclouds.org/virtual-library/,https://www.castleintheclouds.org/virtual-library/?utm_source=LinkedIn&utm_medium=Social&utm_campaign=Visit&utm_term=VirtualLibrary,,,1,2026-09-14T00:00:00.000Z,2026-09-14T00:00:00.000Z,CIC starter database | Virtual Library | LinkedIn | {null}
292,completed_without_short_link,CIC,ConstantContact,email,Visit,Visit,ConstantContact,Email,Visit,VirtualLibrary,Visit,https://www.castleintheclouds.org/virtual-library/,https://www.castleintheclouds.org/virtual-library/?utm_source=ConstantContact&utm_medium=Email&utm_campaign=Visit&utm_term=VirtualLibrary&utm_content=Visit,,,1,2026-09-14T00:00:00.000Z,2026-09-14T00:00:00.000Z,CIC starter database | Virtual Library | ConstantContact | Visit
293,completed_without_short_link,CIC,ConstantContact,email,Visit,Visit,ConstantContact,Email,Visit,VirtualLibrary,Learn,https://www.castleintheclouds.org/virtual-library/,https://www.castleintheclouds.org/virtual-library/?utm_source=ConstantContact&utm_medium=Email&utm_campaign=Visit&utm_term=VirtualLibrary&utm_content=Learn,,,1,2026-09-14T00:00:00.000Z,2026-09-14T00:00:00.000Z,CIC starter database | Virtual Library | ConstantContact | Learn
294,completed_without_short_link,CIC,ConstantContact,email,Visit,Visit,ConstantContact,Email,Visit,VirtualLibrary,Explore,https://www.castleintheclouds.org/virtual-library/,https://www.castleintheclouds.org/virtual-library/?utm_source=ConstantContact&utm_medium=Email&utm_campaign=Visit&utm_term=VirtualLibrary&utm_content=Explore,,,1,2026-09-14T00:00:00.000Z,2026-09-14T00:00:00.000Z,CIC starter database | Virtual Library | ConstantContact | Explore
295,completed_without_short_link,CIC,ConstantContact,email,Visit,Visit,ConstantContact,Email,Visit,VirtualLibrary,,https://www.castleintheclouds.org/virtual-library/,https://www.castleintheclouds.org/virtual-library/?utm_source=ConstantContact&utm_medium=Email&utm_campaign=Visit&utm_term=VirtualLibrary,,,1,2026-09-14T00:00:00.000Z,2026-09-14T00:00:00.000Z,CIC starter database | Virtual Library | ConstantContact | {null}
296,completed_without_short_link,CIC,Facebook,social,Visit,Visit,Facebook,Social,Visit,VisitorFeedback,,https://www.castleintheclouds.org/visitor-feedback/,https://www.castleintheclouds.org/visitor-feedback/?utm_source=Facebook&utm_medium=Social&utm_campaign=Visit&utm_term=VisitorFeedback,,,1,2026-09-14T00:00:00.000Z,2026-09-14T00:00:00.000Z,CIC starter database | Visitor Feedback | Facebook | {null}
297,completed_without_short_link,CIC,GMB,social,Visit,Visit,GMB,Social,Visit,VisitorFeedback,,https://www.castleintheclouds.org/visitor-feedback/,https://www.castleintheclouds.org/visitor-feedback/?utm_source=GMB&utm_medium=Social&utm_campaign=Visit&utm_term=VisitorFeedback,,,1,2026-09-14T00:00:00.000Z,2026-09-14T00:00:00.000Z,CIC starter database | Visitor Feedback | GMB | {null}
298,completed_without_short_link,CIC,Instagram,social,Visit,Visit,Instagram,Social,Visit,VisitorFeedback,,https://www.castleintheclouds.org/visitor-feedback/,https://www.castleintheclouds.org/visitor-feedback/?utm_source=Instagram&utm_medium=Social&utm_campaign=Visit&utm_term=VisitorFeedback,,,1,2026-09-14T00:00:00.000Z,2026-09-14T00:00:00.000Z,CIC starter database | Visitor Feedback | Instagram | {null}
299,completed_without_short_link,CIC,LinkedIn,social,Visit,Visit,LinkedIn,Social,Visit,VisitorFeedback,,https://www.castleintheclouds.org/visitor-feedback/,https://www.castleintheclouds.org/visitor-feedback/?utm_source=LinkedIn&utm_medium=Social&utm_campaign=Visit&utm_term=VisitorFeedback,,,1,2026-09-14T00:00:00.000Z,2026-09-14T00:00:00.000Z,CIC starter database | Visitor Feedback | LinkedIn | {null}
300,completed_without_short_link,CIC,ConstantContact,email,Visit,Visit,ConstantContact,Email,Visit,VisitorFeedback,,https://www.castleintheclouds.org/visitor-feedback/,https://www.castleintheclouds.org/visitor-feedback/?utm_source=ConstantContact&utm_medium=Email&utm_campaign=Visit&utm_term=VisitorFeedback,,,1,2026-09-14T00:00:00.000Z,2026-09-14T00:00:00.000Z,CIC starter database | Visitor Feedback | ConstantContact | {null}
301,completed_without_short_link,CIC,Facebook,social,Visit,Visit,Facebook,Social,Visit,GroupTours,Visit,https://www.castleintheclouds.org/group-tours/,https://www.castleintheclouds.org/group-tours/?utm_source=Facebook&utm_medium=Social&utm_campaign=Visit&utm_term=GroupTours&utm_content=Visit,,,1,2026-09-14T00:00:00.000Z,2026-09-14T00:00:00.000Z,CIC starter database | Group Tours | Facebook | Visit
302,completed_without_short_link,CIC,Facebook,social,Visit,Visit,Facebook,Social,Visit,GroupTours,Learn,https://www.castleintheclouds.org/group-tours/,https://www.castleintheclouds.org/group-tours/?utm_source=Facebook&utm_medium=Social&utm_campaign=Visit&utm_term=GroupTours&utm_content=Learn,,,1,2026-09-14T00:00:00.000Z,2026-09-14T00:00:00.000Z,CIC starter database | Group Tours | Facebook | Learn
303,completed_without_short_link,CIC,Facebook,social,Visit,Visit,Facebook,Social,Visit,GroupTours,Explore,https://www.castleintheclouds.org/group-tours/,https://www.castleintheclouds.org/group-tours/?utm_source=Facebook&utm_medium=Social&utm_campaign=Visit&utm_term=GroupTours&utm_content=Explore,,,1,2026-09-14T00:00:00.000Z,2026-09-14T00:00:00.000Z,CIC starter database | Group Tours | Facebook | Explore
304,completed_without_short_link,CIC,Facebook,social,Visit,Visit,Facebook,Social,Visit,GroupTours,,https://www.castleintheclouds.org/group-tours/,https://www.castleintheclouds.org/group-tours/?utm_source=Facebook&utm_medium=Social&utm_campaign=Visit&utm_term=GroupTours,,,1,2026-09-14T00:00:00.000Z,2026-09-14T00:00:00.000Z,CIC starter database | Group Tours | Facebook | {null}
305,completed_without_short_link,CIC,GMB,social,Visit,Visit,GMB,Social,Visit,GroupTours,Visit,https://www.castleintheclouds.org/group-tours/,https://www.castleintheclouds.org/group-tours/?utm_source=GMB&utm_medium=Social&utm_campaign=Visit&utm_term=GroupTours&utm_content=Visit,,,1,2026-09-14T00:00:00.000Z,2026-09-14T00:00:00.000Z,CIC starter database | Group Tours | GMB | Visit
306,completed_without_short_link,CIC,GMB,social,Visit,Visit,GMB,Social,Visit,GroupTours,Learn,https://www.castleintheclouds.org/group-tours/,https://www.castleintheclouds.org/group-tours/?utm_source=GMB&utm_medium=Social&utm_campaign=Visit&utm_term=GroupTours&utm_content=Learn,,,1,2026-09-14T00:00:00.000Z,2026-09-14T00:00:00.000Z,CIC starter database | Group Tours | GMB | Learn
307,completed_without_short_link,CIC,GMB,social,Visit,Visit,GMB,Social,Visit,GroupTours,Explore,https://www.castleintheclouds.org/group-tours/,https://www.castleintheclouds.org/group-tours/?utm_source=GMB&utm_medium=Social&utm_campaign=Visit&utm_term=GroupTours&utm_content=Explore,,,1,2026-09-14T00:00:00.000Z,2026-09-14T00:00:00.000Z,CIC starter database | Group Tours | GMB | Explore
308,completed_without_short_link,CIC,GMB,social,Visit,Visit,GMB,Social,Visit,GroupTours,,https://www.castleintheclouds.org/group-tours/,https://www.castleintheclouds.org/group-tours/?utm_source=GMB&utm_medium=Social&utm_campaign=Visit&utm_term=GroupTours,,,1,2026-09-14T00:00:00.000Z,2026-09-14T00:00:00.000Z,CIC starter database | Group Tours | GMB | {null}
309,completed_without_short_link,CIC,Instagram,social,Visit,Visit,Instagram,Social,Visit,GroupTours,Visit,https://www.castleintheclouds.org/group-tours/,https://www.castleintheclouds.org/group-tours/?utm_source=Instagram&utm_medium=Social&utm_campaign=Visit&utm_term=GroupTours&utm_content=Visit,,,1,2026-09-14T00:00:00.000Z,2026-09-14T00:00:00.000Z,CIC starter database | Group Tours | Instagram | Visit
310,completed_without_short_link,CIC,Instagram,social,Visit,Visit,Instagram,Social,Visit,GroupTours,Learn,https://www.castleintheclouds.org/group-tours/,https://www.castleintheclouds.org/group-tours/?utm_source=Instagram&utm_medium=Social&utm_campaign=Visit&utm_term=GroupTours&utm_content=Learn,,,1,2026-09-14T00:00:00.000Z,2026-09-14T00:00:00.000Z,CIC starter database | Group Tours | Instagram | Learn
311,completed_without_short_link,CIC,Instagram,social,Visit,Visit,Instagram,Social,Visit,GroupTours,Explore,https://www.castleintheclouds.org/group-tours/,https://www.castleintheclouds.org/group-tours/?utm_source=Instagram&utm_medium=Social&utm_campaign=Visit&utm_term=GroupTours&utm_content=Explore,,,1,2026-09-14T00:00:00.000Z,2026-09-14T00:00:00.000Z,CIC starter database | Group Tours | Instagram | Explore
312,completed_without_short_link,CIC,Instagram,social,Visit,Visit,Instagram,Social,Visit,GroupTours,,https://www.castleintheclouds.org/group-tours/,https://www.castleintheclouds.org/group-tours/?utm_source=Instagram&utm_medium=Social&utm_campaign=Visit&utm_term=GroupTours,,,1,2026-09-14T00:00:00.000Z,2026-09-14T00:00:00.000Z,CIC starter database | Group Tours | Instagram | {null}
313,completed_without_short_link,CIC,LinkedIn,social,Visit,Visit,LinkedIn,Social,Visit,GroupTours,Visit,https://www.castleintheclouds.org/group-tours/,https://www.castleintheclouds.org/group-tours/?utm_source=LinkedIn&utm_medium=Social&utm_campaign=Visit&utm_term=GroupTours&utm_content=Visit,,,1,2026-09-14T00:00:00.000Z,2026-09-14T00:00:00.000Z,CIC starter database | Group Tours | LinkedIn | Visit
314,completed_without_short_link,CIC,LinkedIn,social,Visit,Visit,LinkedIn,Social,Visit,GroupTours,Learn,https://www.castleintheclouds.org/group-tours/,https://www.castleintheclouds.org/group-tours/?utm_source=LinkedIn&utm_medium=Social&utm_campaign=Visit&utm_term=GroupTours&utm_content=Learn,,,1,2026-09-14T00:00:00.000Z,2026-09-14T00:00:00.000Z,CIC starter database | Group Tours | LinkedIn | Learn
315,completed_without_short_link,CIC,LinkedIn,social,Visit,Visit,LinkedIn,Social,Visit,GroupTours,Explore,https://www.castleintheclouds.org/group-tours/,https://www.castleintheclouds.org/group-tours/?utm_source=LinkedIn&utm_medium=Social&utm_campaign=Visit&utm_term=GroupTours&utm_content=Explore,,,1,2026-09-14T00:00:00.000Z,2026-09-14T00:00:00.000Z,CIC starter database | Group Tours | LinkedIn | Explore
316,completed_without_short_link,CIC,LinkedIn,social,Visit,Visit,LinkedIn,Social,Visit,GroupTours,,https://www.castleintheclouds.org/group-tours/,https://www.castleintheclouds.org/group-tours/?utm_source=LinkedIn&utm_medium=Social&utm_campaign=Visit&utm_term=GroupTours,,,1,2026-09-14T00:00:00.000Z,2026-09-14T00:00:00.000Z,CIC starter database | Group Tours | LinkedIn | {null}
317,completed_without_short_link,CIC,ConstantContact,email,Visit,Visit,ConstantContact,Email,Visit,GroupTours,Visit,https://www.castleintheclouds.org/group-tours/,https://www.castleintheclouds.org/group-tours/?utm_source=ConstantContact&utm_medium=Email&utm_campaign=Visit&utm_term=GroupTours&utm_content=Visit,,,1,2026-09-14T00:00:00.000Z,2026-09-14T00:00:00.000Z,CIC starter database | Group Tours | ConstantContact | Visit
318,completed_without_short_link,CIC,ConstantContact,email,Visit,Visit,ConstantContact,Email,Visit,GroupTours,Learn,https://www.castleintheclouds.org/group-tours/,https://www.castleintheclouds.org/group-tours/?utm_source=ConstantContact&utm_medium=Email&utm_campaign=Visit&utm_term=GroupTours&utm_content=Learn,,,1,2026-09-14T00:00:00.000Z,2026-09-14T00:00:00.000Z,CIC starter database | Group Tours | ConstantContact | Learn
319,completed_without_short_link,CIC,ConstantContact,email,Visit,Visit,ConstantContact,Email,Visit,GroupTours,Explore,https://www.castleintheclouds.org/group-tours/,https://www.castleintheclouds.org/group-tours/?utm_source=ConstantContact&utm_medium=Email&utm_campaign=Visit&utm_term=GroupTours&utm_content=Explore,,,1,2026-09-14T00:00:00.000Z,2026-09-14T00:00:00.000Z,CIC starter database | Group Tours | ConstantContact | Explore
320,completed_without_short_link,CIC,ConstantContact,email,Visit,Visit,ConstantContact,Email,Visit,GroupTours,,https://www.castleintheclouds.org/group-tours/,https://www.castleintheclouds.org/group-tours/?utm_source=ConstantContact&utm_medium=Email&utm_campaign=Visit&utm_term=GroupTours,,,1,2026-09-14T00:00:00.000Z,2026-09-14T00:00:00.000Z,CIC starter database | Group Tours | ConstantContact | {null}
321,completed_without_short_link,CIC,Facebook,social,ProgramsAndEvents,ProgramsAndEvents,Facebook,Social,ProgramsAndEvents,UpcomingEvents,Learn,https://www.castleintheclouds.org/upcoming-events/,https://www.castleintheclouds.org/upcoming-events/?utm_source=Facebook&utm_medium=Social&utm_campaign=ProgramsAndEvents&utm_term=UpcomingEvents&utm_content=Learn,,,1,2026-09-14T00:00:00.000Z,2026-09-14T00:00:00.000Z,CIC starter database | Upcoming Events | Facebook | Learn
322,completed_without_short_link,CIC,Facebook,social,ProgramsAndEvents,ProgramsAndEvents,Facebook,Social,ProgramsAndEvents,UpcomingEvents,Explore,https://www.castleintheclouds.org/upcoming-events/,https://www.castleintheclouds.org/upcoming-events/?utm_source=Facebook&utm_medium=Social&utm_campaign=ProgramsAndEvents&utm_term=UpcomingEvents&utm_content=Explore,,,1,2026-09-14T00:00:00.000Z,2026-09-14T00:00:00.000Z,CIC starter database | Upcoming Events | Facebook | Explore
323,completed_without_short_link,CIC,Facebook,social,ProgramsAndEvents,ProgramsAndEvents,Facebook,Social,ProgramsAndEvents,UpcomingEvents,,https://www.castleintheclouds.org/upcoming-events/,https://www.castleintheclouds.org/upcoming-events/?utm_source=Facebook&utm_medium=Social&utm_campaign=ProgramsAndEvents&utm_term=UpcomingEvents,,,1,2026-09-14T00:00:00.000Z,2026-09-14T00:00:00.000Z,CIC starter database | Upcoming Events | Facebook | {null}
324,completed_without_short_link,CIC,GMB,social,ProgramsAndEvents,ProgramsAndEvents,GMB,Social,ProgramsAndEvents,UpcomingEvents,Learn,https://www.castleintheclouds.org/upcoming-events/,https://www.castleintheclouds.org/upcoming-events/?utm_source=GMB&utm_medium=Social&utm_campaign=ProgramsAndEvents&utm_term=UpcomingEvents&utm_content=Learn,,,1,2026-09-14T00:00:00.000Z,2026-09-14T00:00:00.000Z,CIC starter database | Upcoming Events | GMB | Learn
325,completed_without_short_link,CIC,GMB,social,ProgramsAndEvents,ProgramsAndEvents,GMB,Social,ProgramsAndEvents,UpcomingEvents,Explore,https://www.castleintheclouds.org/upcoming-events/,https://www.castleintheclouds.org/upcoming-events/?utm_source=GMB&utm_medium=Social&utm_campaign=ProgramsAndEvents&utm_term=UpcomingEvents&utm_content=Explore,,,1,2026-09-14T00:00:00.000Z,2026-09-14T00:00:00.000Z,CIC starter database | Upcoming Events | GMB | Explore
326,completed_without_short_link,CIC,GMB,social,ProgramsAndEvents,ProgramsAndEvents,GMB,Social,ProgramsAndEvents,UpcomingEvents,,https://www.castleintheclouds.org/upcoming-events/,https://www.castleintheclouds.org/upcoming-events/?utm_source=GMB&utm_medium=Social&utm_campaign=ProgramsAndEvents&utm_term=UpcomingEvents,,,1,2026-09-14T00:00:00.000Z,2026-09-14T00:00:00.000Z,CIC starter database | Upcoming Events | GMB | {null}
327,completed_without_short_link,CIC,Instagram,social,ProgramsAndEvents,ProgramsAndEvents,Instagram,Social,ProgramsAndEvents,UpcomingEvents,Learn,https://www.castleintheclouds.org/upcoming-events/,https://www.castleintheclouds.org/upcoming-events/?utm_source=Instagram&utm_medium=Social&utm_campaign=ProgramsAndEvents&utm_term=UpcomingEvents&utm_content=Learn,,,1,2026-09-14T00:00:00.000Z,2026-09-14T00:00:00.000Z,CIC starter database | Upcoming Events | Instagram | Learn
328,completed_without_short_link,CIC,Instagram,social,ProgramsAndEvents,ProgramsAndEvents,Instagram,Social,ProgramsAndEvents,UpcomingEvents,Explore,https://www.castleintheclouds.org/upcoming-events/,https://www.castleintheclouds.org/upcoming-events/?utm_source=Instagram&utm_medium=Social&utm_campaign=ProgramsAndEvents&utm_term=UpcomingEvents&utm_content=Explore,,,1,2026-09-14T00:00:00.000Z,2026-09-14T00:00:00.000Z,CIC starter database | Upcoming Events | Instagram | Explore
329,completed_without_short_link,CIC,Instagram,social,ProgramsAndEvents,ProgramsAndEvents,Instagram,Social,ProgramsAndEvents,UpcomingEvents,,https://www.castleintheclouds.org/upcoming-events/,https://www.castleintheclouds.org/upcoming-events/?utm_source=Instagram&utm_medium=Social&utm_campaign=ProgramsAndEvents&utm_term=UpcomingEvents,,,1,2026-09-14T00:00:00.000Z,2026-09-14T00:00:00.000Z,CIC starter database | Upcoming Events | Instagram | {null}
330,completed_without_short_link,CIC,LinkedIn,social,ProgramsAndEvents,ProgramsAndEvents,LinkedIn,Social,ProgramsAndEvents,UpcomingEvents,Learn,https://www.castleintheclouds.org/upcoming-events/,https://www.castleintheclouds.org/upcoming-events/?utm_source=LinkedIn&utm_medium=Social&utm_campaign=ProgramsAndEvents&utm_term=UpcomingEvents&utm_content=Learn,,,1,2026-09-14T00:00:00.000Z,2026-09-14T00:00:00.000Z,CIC starter database | Upcoming Events | LinkedIn | Learn
331,completed_without_short_link,CIC,LinkedIn,social,ProgramsAndEvents,ProgramsAndEvents,LinkedIn,Social,ProgramsAndEvents,UpcomingEvents,Explore,https://www.castleintheclouds.org/upcoming-events/,https://www.castleintheclouds.org/upcoming-events/?utm_source=LinkedIn&utm_medium=Social&utm_campaign=ProgramsAndEvents&utm_term=UpcomingEvents&utm_content=Explore,,,1,2026-09-14T00:00:00.000Z,2026-09-14T00:00:00.000Z,CIC starter database | Upcoming Events | LinkedIn | Explore
332,completed_without_short_link,CIC,LinkedIn,social,ProgramsAndEvents,ProgramsAndEvents,LinkedIn,Social,ProgramsAndEvents,UpcomingEvents,,https://www.castleintheclouds.org/upcoming-events/,https://www.castleintheclouds.org/upcoming-events/?utm_source=LinkedIn&utm_medium=Social&utm_campaign=ProgramsAndEvents&utm_term=UpcomingEvents,,,1,2026-09-14T00:00:00.000Z,2026-09-14T00:00:00.000Z,CIC starter database | Upcoming Events | LinkedIn | {null}
333,completed_without_short_link,CIC,ConstantContact,email,ProgramsAndEvents,ProgramsAndEvents,ConstantContact,Email,ProgramsAndEvents,UpcomingEvents,Learn,https://www.castleintheclouds.org/upcoming-events/,https://www.castleintheclouds.org/upcoming-events/?utm_source=ConstantContact&utm_medium=Email&utm_campaign=ProgramsAndEvents&utm_term=UpcomingEvents&utm_content=Learn,,,1,2026-09-14T00:00:00.000Z,2026-09-14T00:00:00.000Z,CIC starter database | Upcoming Events | ConstantContact | Learn
334,completed_without_short_link,CIC,ConstantContact,email,ProgramsAndEvents,ProgramsAndEvents,ConstantContact,Email,ProgramsAndEvents,UpcomingEvents,Explore,https://www.castleintheclouds.org/upcoming-events/,https://www.castleintheclouds.org/upcoming-events/?utm_source=ConstantContact&utm_medium=Email&utm_campaign=ProgramsAndEvents&utm_term=UpcomingEvents&utm_content=Explore,,,1,2026-09-14T00:00:00.000Z,2026-09-14T00:00:00.000Z,CIC starter database | Upcoming Events | ConstantContact | Explore
335,completed_without_short_link,CIC,ConstantContact,email,ProgramsAndEvents,ProgramsAndEvents,ConstantContact,Email,ProgramsAndEvents,UpcomingEvents,,https://www.castleintheclouds.org/upcoming-events/,https://www.castleintheclouds.org/upcoming-events/?utm_source=ConstantContact&utm_medium=Email&utm_campaign=ProgramsAndEvents&utm_term=UpcomingEvents,,,1,2026-09-14T00:00:00.000Z,2026-09-14T00:00:00.000Z,CIC starter database | Upcoming Events | ConstantContact | {null}
336,completed_without_short_link,CIC,Facebook,social,ProgramsAndEvents,ProgramsAndEvents,Facebook,Social,ProgramsAndEvents,CalendarOfEvents,Learn,https://www.castleintheclouds.org/calendar-of-events/,https://www.castleintheclouds.org/calendar-of-events/?utm_source=Facebook&utm_medium=Social&utm_campaign=ProgramsAndEvents&utm_term=CalendarOfEvents&utm_content=Learn,,,1,2026-09-14T00:00:00.000Z,2026-09-14T00:00:00.000Z,CIC starter database | Calendar of Events | Facebook | Learn
337,completed_without_short_link,CIC,Facebook,social,ProgramsAndEvents,ProgramsAndEvents,Facebook,Social,ProgramsAndEvents,CalendarOfEvents,Explore,https://www.castleintheclouds.org/calendar-of-events/,https://www.castleintheclouds.org/calendar-of-events/?utm_source=Facebook&utm_medium=Social&utm_campaign=ProgramsAndEvents&utm_term=CalendarOfEvents&utm_content=Explore,,,1,2026-09-14T00:00:00.000Z,2026-09-14T00:00:00.000Z,CIC starter database | Calendar of Events | Facebook | Explore
338,completed_without_short_link,CIC,Facebook,social,ProgramsAndEvents,ProgramsAndEvents,Facebook,Social,ProgramsAndEvents,CalendarOfEvents,,https://www.castleintheclouds.org/calendar-of-events/,https://www.castleintheclouds.org/calendar-of-events/?utm_source=Facebook&utm_medium=Social&utm_campaign=ProgramsAndEvents&utm_term=CalendarOfEvents,,,1,2026-09-14T00:00:00.000Z,2026-09-14T00:00:00.000Z,CIC starter database | Calendar of Events | Facebook | {null}
339,completed_without_short_link,CIC,GMB,social,ProgramsAndEvents,ProgramsAndEvents,GMB,Social,ProgramsAndEvents,CalendarOfEvents,Learn,https://www.castleintheclouds.org/calendar-of-events/,https://www.castleintheclouds.org/calendar-of-events/?utm_source=GMB&utm_medium=Social&utm_campaign=ProgramsAndEvents&utm_term=CalendarOfEvents&utm_content=Learn,,,1,2026-09-14T00:00:00.000Z,2026-09-14T00:00:00.000Z,CIC starter database | Calendar of Events | GMB | Learn
340,completed_without_short_link,CIC,GMB,social,ProgramsAndEvents,ProgramsAndEvents,GMB,Social,ProgramsAndEvents,CalendarOfEvents,Explore,https://www.castleintheclouds.org/calendar-of-events/,https://www.castleintheclouds.org/calendar-of-events/?utm_source=GMB&utm_medium=Social&utm_campaign=ProgramsAndEvents&utm_term=CalendarOfEvents&utm_content=Explore,,,1,2026-09-14T00:00:00.000Z,2026-09-14T00:00:00.000Z,CIC starter database | Calendar of Events | GMB | Explore
341,completed_without_short_link,CIC,GMB,social,ProgramsAndEvents,ProgramsAndEvents,GMB,Social,ProgramsAndEvents,CalendarOfEvents,,https://www.castleintheclouds.org/calendar-of-events/,https://www.castleintheclouds.org/calendar-of-events/?utm_source=GMB&utm_medium=Social&utm_campaign=ProgramsAndEvents&utm_term=CalendarOfEvents,,,1,2026-09-14T00:00:00.000Z,2026-09-14T00:00:00.000Z,CIC starter database | Calendar of Events | GMB | {null}
342,completed_without_short_link,CIC,Instagram,social,ProgramsAndEvents,ProgramsAndEvents,Instagram,Social,ProgramsAndEvents,CalendarOfEvents,Learn,https://www.castleintheclouds.org/calendar-of-events/,https://www.castleintheclouds.org/calendar-of-events/?utm_source=Instagram&utm_medium=Social&utm_campaign=ProgramsAndEvents&utm_term=CalendarOfEvents&utm_content=Learn,,,1,2026-09-14T00:00:00.000Z,2026-09-14T00:00:00.000Z,CIC starter database | Calendar of Events | Instagram | Learn
343,completed_without_short_link,CIC,Instagram,social,ProgramsAndEvents,ProgramsAndEvents,Instagram,Social,ProgramsAndEvents,CalendarOfEvents,Explore,https://www.castleintheclouds.org/calendar-of-events/,https://www.castleintheclouds.org/calendar-of-events/?utm_source=Instagram&utm_medium=Social&utm_campaign=ProgramsAndEvents&utm_term=CalendarOfEvents&utm_content=Explore,,,1,2026-09-14T00:00:00.000Z,2026-09-14T00:00:00.000Z,CIC starter database | Calendar of Events | Instagram | Explore
344,completed_without_short_link,CIC,Instagram,social,ProgramsAndEvents,ProgramsAndEvents,Instagram,Social,ProgramsAndEvents,CalendarOfEvents,,https://www.castleintheclouds.org/calendar-of-events/,https://www.castleintheclouds.org/calendar-of-events/?utm_source=Instagram&utm_medium=Social&utm_campaign=ProgramsAndEvents&utm_term=CalendarOfEvents,,,1,2026-09-14T00:00:00.000Z,2026-09-14T00:00:00.000Z,CIC starter database | Calendar of Events | Instagram | {null}
345,completed_without_short_link,CIC,LinkedIn,social,ProgramsAndEvents,ProgramsAndEvents,LinkedIn,Social,ProgramsAndEvents,CalendarOfEvents,Learn,https://www.castleintheclouds.org/calendar-of-events/,https://www.castleintheclouds.org/calendar-of-events/?utm_source=LinkedIn&utm_medium=Social&utm_campaign=ProgramsAndEvents&utm_term=CalendarOfEvents&utm_content=Learn,,,1,2026-09-14T00:00:00.000Z,2026-09-14T00:00:00.000Z,CIC starter database | Calendar of Events | LinkedIn | Learn
346,completed_without_short_link,CIC,LinkedIn,social,ProgramsAndEvents,ProgramsAndEvents,LinkedIn,Social,ProgramsAndEvents,CalendarOfEvents,Explore,https://www.castleintheclouds.org/calendar-of-events/,https://www.castleintheclouds.org/calendar-of-events/?utm_source=LinkedIn&utm_medium=Social&utm_campaign=ProgramsAndEvents&utm_term=CalendarOfEvents&utm_content=Explore,,,1,2026-09-14T00:00:00.000Z,2026-09-14T00:00:00.000Z,CIC starter database | Calendar of Events | LinkedIn | Explore
347,completed_without_short_link,CIC,LinkedIn,social,ProgramsAndEvents,ProgramsAndEvents,LinkedIn,Social,ProgramsAndEvents,CalendarOfEvents,,https://www.castleintheclouds.org/calendar-of-events/,https://www.castleintheclouds.org/calendar-of-events/?utm_source=LinkedIn&utm_medium=Social&utm_campaign=ProgramsAndEvents&utm_term=CalendarOfEvents,,,1,2026-09-14T00:00:00.000Z,2026-09-14T00:00:00.000Z,CIC starter database | Calendar of Events | LinkedIn | {null}
348,completed_without_short_link,CIC,ConstantContact,email,ProgramsAndEvents,ProgramsAndEvents,ConstantContact,Email,ProgramsAndEvents,CalendarOfEvents,Learn,https://www.castleintheclouds.org/calendar-of-events/,https://www.castleintheclouds.org/calendar-of-events/?utm_source=ConstantContact&utm_medium=Email&utm_campaign=ProgramsAndEvents&utm_term=CalendarOfEvents&utm_content=Learn,,,1,2026-09-14T00:00:00.000Z,2026-09-14T00:00:00.000Z,CIC starter database | Calendar of Events | ConstantContact | Learn
349,completed_without_short_link,CIC,ConstantContact,email,ProgramsAndEvents,ProgramsAndEvents,ConstantContact,Email,ProgramsAndEvents,CalendarOfEvents,Explore,https://www.castleintheclouds.org/calendar-of-events/,https://www.castleintheclouds.org/calendar-of-events/?utm_source=ConstantContact&utm_medium=Email&utm_campaign=ProgramsAndEvents&utm_term=CalendarOfEvents&utm_content=Explore,,,1,2026-09-14T00:00:00.000Z,2026-09-14T00:00:00.000Z,CIC starter database | Calendar of Events | ConstantContact | Explore
350,completed_without_short_link,CIC,ConstantContact,email,ProgramsAndEvents,ProgramsAndEvents,ConstantContact,Email,ProgramsAndEvents,CalendarOfEvents,,https://www.castleintheclouds.org/calendar-of-events/,https://www.castleintheclouds.org/calendar-of-events/?utm_source=ConstantContact&utm_medium=Email&utm_campaign=ProgramsAndEvents&utm_term=CalendarOfEvents,,,1,2026-09-14T00:00:00.000Z,2026-09-14T00:00:00.000Z,CIC starter database | Calendar of Events | ConstantContact | {null}
351,completed_without_short_link,CIC,Facebook,social,ProgramsAndEvents,ProgramsAndEvents,Facebook,Social,ProgramsAndEvents,ForTeachers,Learn,https://www.castleintheclouds.org/for-teachers/,https://www.castleintheclouds.org/for-teachers/?utm_source=Facebook&utm_medium=Social&utm_campaign=ProgramsAndEvents&utm_term=ForTeachers&utm_content=Learn,,,1,2026-09-14T00:00:00.000Z,2026-09-14T00:00:00.000Z,CIC starter database | For Teachers | Facebook | Learn
352,completed_without_short_link,CIC,Facebook,social,ProgramsAndEvents,ProgramsAndEvents,Facebook,Social,ProgramsAndEvents,ForTeachers,Explore,https://www.castleintheclouds.org/for-teachers/,https://www.castleintheclouds.org/for-teachers/?utm_source=Facebook&utm_medium=Social&utm_campaign=ProgramsAndEvents&utm_term=ForTeachers&utm_content=Explore,,,1,2026-09-14T00:00:00.000Z,2026-09-14T00:00:00.000Z,CIC starter database | For Teachers | Facebook | Explore
353,completed_without_short_link,CIC,Facebook,social,ProgramsAndEvents,ProgramsAndEvents,Facebook,Social,ProgramsAndEvents,ForTeachers,,https://www.castleintheclouds.org/for-teachers/,https://www.castleintheclouds.org/for-teachers/?utm_source=Facebook&utm_medium=Social&utm_campaign=ProgramsAndEvents&utm_term=ForTeachers,,,1,2026-09-14T00:00:00.000Z,2026-09-14T00:00:00.000Z,CIC starter database | For Teachers | Facebook | {null}
354,completed_without_short_link,CIC,GMB,social,ProgramsAndEvents,ProgramsAndEvents,GMB,Social,ProgramsAndEvents,ForTeachers,Learn,https://www.castleintheclouds.org/for-teachers/,https://www.castleintheclouds.org/for-teachers/?utm_source=GMB&utm_medium=Social&utm_campaign=ProgramsAndEvents&utm_term=ForTeachers&utm_content=Learn,,,1,2026-09-14T00:00:00.000Z,2026-09-14T00:00:00.000Z,CIC starter database | For Teachers | GMB | Learn
355,completed_without_short_link,CIC,GMB,social,ProgramsAndEvents,ProgramsAndEvents,GMB,Social,ProgramsAndEvents,ForTeachers,Explore,https://www.castleintheclouds.org/for-teachers/,https://www.castleintheclouds.org/for-teachers/?utm_source=GMB&utm_medium=Social&utm_campaign=ProgramsAndEvents&utm_term=ForTeachers&utm_content=Explore,,,1,2026-09-14T00:00:00.000Z,2026-09-14T00:00:00.000Z,CIC starter database | For Teachers | GMB | Explore
356,completed_without_short_link,CIC,GMB,social,ProgramsAndEvents,ProgramsAndEvents,GMB,Social,ProgramsAndEvents,ForTeachers,,https://www.castleintheclouds.org/for-teachers/,https://www.castleintheclouds.org/for-teachers/?utm_source=GMB&utm_medium=Social&utm_campaign=ProgramsAndEvents&utm_term=ForTeachers,,,1,2026-09-14T00:00:00.000Z,2026-09-14T00:00:00.000Z,CIC starter database | For Teachers | GMB | {null}
357,completed_without_short_link,CIC,Instagram,social,ProgramsAndEvents,ProgramsAndEvents,Instagram,Social,ProgramsAndEvents,ForTeachers,Learn,https://www.castleintheclouds.org/for-teachers/,https://www.castleintheclouds.org/for-teachers/?utm_source=Instagram&utm_medium=Social&utm_campaign=ProgramsAndEvents&utm_term=ForTeachers&utm_content=Learn,,,1,2026-09-14T00:00:00.000Z,2026-09-14T00:00:00.000Z,CIC starter database | For Teachers | Instagram | Learn
358,completed_without_short_link,CIC,Instagram,social,ProgramsAndEvents,ProgramsAndEvents,Instagram,Social,ProgramsAndEvents,ForTeachers,Explore,https://www.castleintheclouds.org/for-teachers/,https://www.castleintheclouds.org/for-teachers/?utm_source=Instagram&utm_medium=Social&utm_campaign=ProgramsAndEvents&utm_term=ForTeachers&utm_content=Explore,,,1,2026-09-14T00:00:00.000Z,2026-09-14T00:00:00.000Z,CIC starter database | For Teachers | Instagram | Explore
359,completed_without_short_link,CIC,Instagram,social,ProgramsAndEvents,ProgramsAndEvents,Instagram,Social,ProgramsAndEvents,ForTeachers,,https://www.castleintheclouds.org/for-teachers/,https://www.castleintheclouds.org/for-teachers/?utm_source=Instagram&utm_medium=Social&utm_campaign=ProgramsAndEvents&utm_term=ForTeachers,,,1,2026-09-14T00:00:00.000Z,2026-09-14T00:00:00.000Z,CIC starter database | For Teachers | Instagram | {null}
360,completed_without_short_link,CIC,LinkedIn,social,ProgramsAndEvents,ProgramsAndEvents,LinkedIn,Social,ProgramsAndEvents,ForTeachers,Learn,https://www.castleintheclouds.org/for-teachers/,https://www.castleintheclouds.org/for-teachers/?utm_source=LinkedIn&utm_medium=Social&utm_campaign=ProgramsAndEvents&utm_term=ForTeachers&utm_content=Learn,,,1,2026-09-14T00:00:00.000Z,2026-09-14T00:00:00.000Z,CIC starter database | For Teachers | LinkedIn | Learn
361,completed_without_short_link,CIC,LinkedIn,social,ProgramsAndEvents,ProgramsAndEvents,LinkedIn,Social,ProgramsAndEvents,ForTeachers,Explore,https://www.castleintheclouds.org/for-teachers/,https://www.castleintheclouds.org/for-teachers/?utm_source=LinkedIn&utm_medium=Social&utm_campaign=ProgramsAndEvents&utm_term=ForTeachers&utm_content=Explore,,,1,2026-09-14T00:00:00.000Z,2026-09-14T00:00:00.000Z,CIC starter database | For Teachers | LinkedIn | Explore
362,completed_without_short_link,CIC,LinkedIn,social,ProgramsAndEvents,ProgramsAndEvents,LinkedIn,Social,ProgramsAndEvents,ForTeachers,,https://www.castleintheclouds.org/for-teachers/,https://www.castleintheclouds.org/for-teachers/?utm_source=LinkedIn&utm_medium=Social&utm_campaign=ProgramsAndEvents&utm_term=ForTeachers,,,1,2026-09-14T00:00:00.000Z,2026-09-14T00:00:00.000Z,CIC starter database | For Teachers | LinkedIn | {null}
363,completed_without_short_link,CIC,ConstantContact,email,ProgramsAndEvents,ProgramsAndEvents,ConstantContact,Email,ProgramsAndEvents,ForTeachers,Learn,https://www.castleintheclouds.org/for-teachers/,https://www.castleintheclouds.org/for-teachers/?utm_source=ConstantContact&utm_medium=Email&utm_campaign=ProgramsAndEvents&utm_term=ForTeachers&utm_content=Learn,,,1,2026-09-14T00:00:00.000Z,2026-09-14T00:00:00.000Z,CIC starter database | For Teachers | ConstantContact | Learn
364,completed_without_short_link,CIC,ConstantContact,email,ProgramsAndEvents,ProgramsAndEvents,ConstantContact,Email,ProgramsAndEvents,ForTeachers,Explore,https://www.castleintheclouds.org/for-teachers/,https://www.castleintheclouds.org/for-teachers/?utm_source=ConstantContact&utm_medium=Email&utm_campaign=ProgramsAndEvents&utm_term=ForTeachers&utm_content=Explore,,,1,2026-09-14T00:00:00.000Z,2026-09-14T00:00:00.000Z,CIC starter database | For Teachers | ConstantContact | Explore
365,completed_without_short_link,CIC,ConstantContact,email,ProgramsAndEvents,ProgramsAndEvents,ConstantContact,Email,ProgramsAndEvents,ForTeachers,,https://www.castleintheclouds.org/for-teachers/,https://www.castleintheclouds.org/for-teachers/?utm_source=ConstantContact&utm_medium=Email&utm_campaign=ProgramsAndEvents&utm_term=ForTeachers,,,1,2026-09-14T00:00:00.000Z,2026-09-14T00:00:00.000Z,CIC starter database | For Teachers | ConstantContact | {null}
366,completed_without_short_link,CIC,Facebook,social,ProgramsAndEvents,ProgramsAndEvents,Facebook,Social,ProgramsAndEvents,ChristmasAtTheCastle,CATC,https://www.castleintheclouds.org/christmas-at-the-castle/,https://www.castleintheclouds.org/christmas-at-the-castle/?utm_source=Facebook&utm_medium=Social&utm_campaign=ProgramsAndEvents&utm_term=ChristmasAtTheCastle&utm_content=CATC,,,1,2026-09-14T00:00:00.000Z,2026-09-14T00:00:00.000Z,CIC starter database | Christmas at the Castle | Facebook | CATC
367,completed_without_short_link,CIC,Facebook,social,ProgramsAndEvents,ProgramsAndEvents,Facebook,Social,ProgramsAndEvents,ChristmasAtTheCastle,Preview,https://www.castleintheclouds.org/christmas-at-the-castle/,https://www.castleintheclouds.org/christmas-at-the-castle/?utm_source=Facebook&utm_medium=Social&utm_campaign=ProgramsAndEvents&utm_term=ChristmasAtTheCastle&utm_content=Preview,,,1,2026-09-14T00:00:00.000Z,2026-09-14T00:00:00.000Z,CIC starter database | Christmas at the Castle | Facebook | Preview
368,completed_without_short_link,CIC,Facebook,social,ProgramsAndEvents,ProgramsAndEvents,Facebook,Social,ProgramsAndEvents,ChristmasAtTheCastle,TwilightTours,https://www.castleintheclouds.org/christmas-at-the-castle/,https://www.castleintheclouds.org/christmas-at-the-castle/?utm_source=Facebook&utm_medium=Social&utm_campaign=ProgramsAndEvents&utm_term=ChristmasAtTheCastle&utm_content=TwilightTours,,,1,2026-09-14T00:00:00.000Z,2026-09-14T00:00:00.000Z,CIC starter database | Christmas at the Castle | Facebook | TwilightTours
369,completed_without_short_link,CIC,GMB,social,ProgramsAndEvents,ProgramsAndEvents,GMB,Social,ProgramsAndEvents,ChristmasAtTheCastle,CATC,https://www.castleintheclouds.org/christmas-at-the-castle/,https://www.castleintheclouds.org/christmas-at-the-castle/?utm_source=GMB&utm_medium=Social&utm_campaign=ProgramsAndEvents&utm_term=ChristmasAtTheCastle&utm_content=CATC,,,1,2026-09-14T00:00:00.000Z,2026-09-14T00:00:00.000Z,CIC starter database | Christmas at the Castle | GMB | CATC
370,completed_without_short_link,CIC,GMB,social,ProgramsAndEvents,ProgramsAndEvents,GMB,Social,ProgramsAndEvents,ChristmasAtTheCastle,Preview,https://www.castleintheclouds.org/christmas-at-the-castle/,https://www.castleintheclouds.org/christmas-at-the-castle/?utm_source=GMB&utm_medium=Social&utm_campaign=ProgramsAndEvents&utm_term=ChristmasAtTheCastle&utm_content=Preview,,,1,2026-09-14T00:00:00.000Z,2026-09-14T00:00:00.000Z,CIC starter database | Christmas at the Castle | GMB | Preview
371,completed_without_short_link,CIC,GMB,social,ProgramsAndEvents,ProgramsAndEvents,GMB,Social,ProgramsAndEvents,ChristmasAtTheCastle,TwilightTours,https://www.castleintheclouds.org/christmas-at-the-castle/,https://www.castleintheclouds.org/christmas-at-the-castle/?utm_source=GMB&utm_medium=Social&utm_campaign=ProgramsAndEvents&utm_term=ChristmasAtTheCastle&utm_content=TwilightTours,,,1,2026-09-14T00:00:00.000Z,2026-09-14T00:00:00.000Z,CIC starter database | Christmas at the Castle | GMB | TwilightTours
372,completed_without_short_link,CIC,Instagram,social,ProgramsAndEvents,ProgramsAndEvents,Instagram,Social,ProgramsAndEvents,ChristmasAtTheCastle,CATC,https://www.castleintheclouds.org/christmas-at-the-castle/,https://www.castleintheclouds.org/christmas-at-the-castle/?utm_source=Instagram&utm_medium=Social&utm_campaign=ProgramsAndEvents&utm_term=ChristmasAtTheCastle&utm_content=CATC,,,1,2026-09-14T00:00:00.000Z,2026-09-14T00:00:00.000Z,CIC starter database | Christmas at the Castle | Instagram | CATC
373,completed_without_short_link,CIC,Instagram,social,ProgramsAndEvents,ProgramsAndEvents,Instagram,Social,ProgramsAndEvents,ChristmasAtTheCastle,Preview,https://www.castleintheclouds.org/christmas-at-the-castle/,https://www.castleintheclouds.org/christmas-at-the-castle/?utm_source=Instagram&utm_medium=Social&utm_campaign=ProgramsAndEvents&utm_term=ChristmasAtTheCastle&utm_content=Preview,,,1,2026-09-14T00:00:00.000Z,2026-09-14T00:00:00.000Z,CIC starter database | Christmas at the Castle | Instagram | Preview
374,completed_without_short_link,CIC,Instagram,social,ProgramsAndEvents,ProgramsAndEvents,Instagram,Social,ProgramsAndEvents,ChristmasAtTheCastle,TwilightTours,https://www.castleintheclouds.org/christmas-at-the-castle/,https://www.castleintheclouds.org/christmas-at-the-castle/?utm_source=Instagram&utm_medium=Social&utm_campaign=ProgramsAndEvents&utm_term=ChristmasAtTheCastle&utm_content=TwilightTours,,,1,2026-09-14T00:00:00.000Z,2026-09-14T00:00:00.000Z,CIC starter database | Christmas at the Castle | Instagram | TwilightTours
375,completed_without_short_link,CIC,LinkedIn,social,ProgramsAndEvents,ProgramsAndEvents,LinkedIn,Social,ProgramsAndEvents,ChristmasAtTheCastle,CATC,https://www.castleintheclouds.org/christmas-at-the-castle/,https://www.castleintheclouds.org/christmas-at-the-castle/?utm_source=LinkedIn&utm_medium=Social&utm_campaign=ProgramsAndEvents&utm_term=ChristmasAtTheCastle&utm_content=CATC,,,1,2026-09-14T00:00:00.000Z,2026-09-14T00:00:00.000Z,CIC starter database | Christmas at the Castle | LinkedIn | CATC
376,completed_without_short_link,CIC,LinkedIn,social,ProgramsAndEvents,ProgramsAndEvents,LinkedIn,Social,ProgramsAndEvents,ChristmasAtTheCastle,Preview,https://www.castleintheclouds.org/christmas-at-the-castle/,https://www.castleintheclouds.org/christmas-at-the-castle/?utm_source=LinkedIn&utm_medium=Social&utm_campaign=ProgramsAndEvents&utm_term=ChristmasAtTheCastle&utm_content=Preview,,,1,2026-09-14T00:00:00.000Z,2026-09-14T00:00:00.000Z,CIC starter database | Christmas at the Castle | LinkedIn | Preview
377,completed_without_short_link,CIC,LinkedIn,social,ProgramsAndEvents,ProgramsAndEvents,LinkedIn,Social,ProgramsAndEvents,ChristmasAtTheCastle,TwilightTours,https://www.castleintheclouds.org/christmas-at-the-castle/,https://www.castleintheclouds.org/christmas-at-the-castle/?utm_source=LinkedIn&utm_medium=Social&utm_campaign=ProgramsAndEvents&utm_term=ChristmasAtTheCastle&utm_content=TwilightTours,,,1,2026-09-14T00:00:00.000Z,2026-09-14T00:00:00.000Z,CIC starter database | Christmas at the Castle | LinkedIn | TwilightTours
378,completed_without_short_link,CIC,ConstantContact,email,ProgramsAndEvents,ProgramsAndEvents,ConstantContact,Email,ProgramsAndEvents,ChristmasAtTheCastle,CATC,https://www.castleintheclouds.org/christmas-at-the-castle/,https://www.castleintheclouds.org/christmas-at-the-castle/?utm_source=ConstantContact&utm_medium=Email&utm_campaign=ProgramsAndEvents&utm_term=ChristmasAtTheCastle&utm_content=CATC,,,1,2026-09-14T00:00:00.000Z,2026-09-14T00:00:00.000Z,CIC starter database | Christmas at the Castle | ConstantContact | CATC
379,completed_without_short_link,CIC,ConstantContact,email,ProgramsAndEvents,ProgramsAndEvents,ConstantContact,Email,ProgramsAndEvents,ChristmasAtTheCastle,Preview,https://www.castleintheclouds.org/christmas-at-the-castle/,https://www.castleintheclouds.org/christmas-at-the-castle/?utm_source=ConstantContact&utm_medium=Email&utm_campaign=ProgramsAndEvents&utm_term=ChristmasAtTheCastle&utm_content=Preview,,,1,2026-09-14T00:00:00.000Z,2026-09-14T00:00:00.000Z,CIC starter database | Christmas at the Castle | ConstantContact | Preview
380,completed_without_short_link,CIC,ConstantContact,email,ProgramsAndEvents,ProgramsAndEvents,ConstantContact,Email,ProgramsAndEvents,ChristmasAtTheCastle,TwilightTours,https://www.castleintheclouds.org/christmas-at-the-castle/,https://www.castleintheclouds.org/christmas-at-the-castle/?utm_source=ConstantContact&utm_medium=Email&utm_campaign=ProgramsAndEvents&utm_term=ChristmasAtTheCastle&utm_content=TwilightTours,,,1,2026-09-14T00:00:00.000Z,2026-09-14T00:00:00.000Z,CIC starter database | Christmas at the Castle | ConstantContact | TwilightTours
381,completed_without_short_link,CIC,Facebook,social,Dine,Dine,Facebook,Social,Dine,CarriageHouseRestaurant,Visit,https://www.castleintheclouds.org/carriage-house-restaurant/,https://www.castleintheclouds.org/carriage-house-restaurant/?utm_source=Facebook&utm_medium=Social&utm_campaign=Dine&utm_term=CarriageHouseRestaurant&utm_content=Visit,,,1,2026-09-14T00:00:00.000Z,2026-09-14T00:00:00.000Z,CIC starter database | Carriage House Restaurant | Facebook | Visit
382,completed_without_short_link,CIC,Facebook,social,Dine,Dine,Facebook,Social,Dine,CarriageHouseRestaurant,Learn,https://www.castleintheclouds.org/carriage-house-restaurant/,https://www.castleintheclouds.org/carriage-house-restaurant/?utm_source=Facebook&utm_medium=Social&utm_campaign=Dine&utm_term=CarriageHouseRestaurant&utm_content=Learn,,,1,2026-09-14T00:00:00.000Z,2026-09-14T00:00:00.000Z,CIC starter database | Carriage House Restaurant | Facebook | Learn
383,completed_without_short_link,CIC,Facebook,social,Dine,Dine,Facebook,Social,Dine,CarriageHouseRestaurant,Explore,https://www.castleintheclouds.org/carriage-house-restaurant/,https://www.castleintheclouds.org/carriage-house-restaurant/?utm_source=Facebook&utm_medium=Social&utm_campaign=Dine&utm_term=CarriageHouseRestaurant&utm_content=Explore,,,1,2026-09-14T00:00:00.000Z,2026-09-14T00:00:00.000Z,CIC starter database | Carriage House Restaurant | Facebook | Explore
384,completed_without_short_link,CIC,Facebook,social,Dine,Dine,Facebook,Social,Dine,CarriageHouseRestaurant,,https://www.castleintheclouds.org/carriage-house-restaurant/,https://www.castleintheclouds.org/carriage-house-restaurant/?utm_source=Facebook&utm_medium=Social&utm_campaign=Dine&utm_term=CarriageHouseRestaurant,,,1,2026-09-14T00:00:00.000Z,2026-09-14T00:00:00.000Z,CIC starter database | Carriage House Restaurant | Facebook | {null}
385,completed_without_short_link,CIC,GMB,social,Dine,Dine,GMB,Social,Dine,CarriageHouseRestaurant,Visit,https://www.castleintheclouds.org/carriage-house-restaurant/,https://www.castleintheclouds.org/carriage-house-restaurant/?utm_source=GMB&utm_medium=Social&utm_campaign=Dine&utm_term=CarriageHouseRestaurant&utm_content=Visit,,,1,2026-09-14T00:00:00.000Z,2026-09-14T00:00:00.000Z,CIC starter database | Carriage House Restaurant | GMB | Visit
386,completed_without_short_link,CIC,GMB,social,Dine,Dine,GMB,Social,Dine,CarriageHouseRestaurant,Learn,https://www.castleintheclouds.org/carriage-house-restaurant/,https://www.castleintheclouds.org/carriage-house-restaurant/?utm_source=GMB&utm_medium=Social&utm_campaign=Dine&utm_term=CarriageHouseRestaurant&utm_content=Learn,,,1,2026-09-14T00:00:00.000Z,2026-09-14T00:00:00.000Z,CIC starter database | Carriage House Restaurant | GMB | Learn
387,completed_without_short_link,CIC,GMB,social,Dine,Dine,GMB,Social,Dine,CarriageHouseRestaurant,Explore,https://www.castleintheclouds.org/carriage-house-restaurant/,https://www.castleintheclouds.org/carriage-house-restaurant/?utm_source=GMB&utm_medium=Social&utm_campaign=Dine&utm_term=CarriageHouseRestaurant&utm_content=Explore,,,1,2026-09-14T00:00:00.000Z,2026-09-14T00:00:00.000Z,CIC starter database | Carriage House Restaurant | GMB | Explore
388,completed_without_short_link,CIC,GMB,social,Dine,Dine,GMB,Social,Dine,CarriageHouseRestaurant,,https://www.castleintheclouds.org/carriage-house-restaurant/,https://www.castleintheclouds.org/carriage-house-restaurant/?utm_source=GMB&utm_medium=Social&utm_campaign=Dine&utm_term=CarriageHouseRestaurant,,,1,2026-09-14T00:00:00.000Z,2026-09-14T00:00:00.000Z,CIC starter database | Carriage House Restaurant | GMB | {null}
389,completed_without_short_link,CIC,Instagram,social,Dine,Dine,Instagram,Social,Dine,CarriageHouseRestaurant,Visit,https://www.castleintheclouds.org/carriage-house-restaurant/,https://www.castleintheclouds.org/carriage-house-restaurant/?utm_source=Instagram&utm_medium=Social&utm_campaign=Dine&utm_term=CarriageHouseRestaurant&utm_content=Visit,,,1,2026-09-14T00:00:00.000Z,2026-09-14T00:00:00.000Z,CIC starter database | Carriage House Restaurant | Instagram | Visit
390,completed_without_short_link,CIC,Instagram,social,Dine,Dine,Instagram,Social,Dine,CarriageHouseRestaurant,Learn,https://www.castleintheclouds.org/carriage-house-restaurant/,https://www.castleintheclouds.org/carriage-house-restaurant/?utm_source=Instagram&utm_medium=Social&utm_campaign=Dine&utm_term=CarriageHouseRestaurant&utm_content=Learn,,,1,2026-09-14T00:00:00.000Z,2026-09-14T00:00:00.000Z,CIC starter database | Carriage House Restaurant | Instagram | Learn
391,completed_without_short_link,CIC,Instagram,social,Dine,Dine,Instagram,Social,Dine,CarriageHouseRestaurant,Explore,https://www.castleintheclouds.org/carriage-house-restaurant/,https://www.castleintheclouds.org/carriage-house-restaurant/?utm_source=Instagram&utm_medium=Social&utm_campaign=Dine&utm_term=CarriageHouseRestaurant&utm_content=Explore,,,1,2026-09-14T00:00:00.000Z,2026-09-14T00:00:00.000Z,CIC starter database | Carriage House Restaurant | Instagram | Explore
392,completed_without_short_link,CIC,Instagram,social,Dine,Dine,Instagram,Social,Dine,CarriageHouseRestaurant,,https://www.castleintheclouds.org/carriage-house-restaurant/,https://www.castleintheclouds.org/carriage-house-restaurant/?utm_source=Instagram&utm_medium=Social&utm_campaign=Dine&utm_term=CarriageHouseRestaurant,,,1,2026-09-14T00:00:00.000Z,2026-09-14T00:00:00.000Z,CIC starter database | Carriage House Restaurant | Instagram | {null}
393,completed_without_short_link,CIC,LinkedIn,social,Dine,Dine,LinkedIn,Social,Dine,CarriageHouseRestaurant,Visit,https://www.castleintheclouds.org/carriage-house-restaurant/,https://www.castleintheclouds.org/carriage-house-restaurant/?utm_source=LinkedIn&utm_medium=Social&utm_campaign=Dine&utm_term=CarriageHouseRestaurant&utm_content=Visit,,,1,2026-09-14T00:00:00.000Z,2026-09-14T00:00:00.000Z,CIC starter database | Carriage House Restaurant | LinkedIn | Visit
394,completed_without_short_link,CIC,LinkedIn,social,Dine,Dine,LinkedIn,Social,Dine,CarriageHouseRestaurant,Learn,https://www.castleintheclouds.org/carriage-house-restaurant/,https://www.castleintheclouds.org/carriage-house-restaurant/?utm_source=LinkedIn&utm_medium=Social&utm_campaign=Dine&utm_term=CarriageHouseRestaurant&utm_content=Learn,,,1,2026-09-14T00:00:00.000Z,2026-09-14T00:00:00.000Z,CIC starter database | Carriage House Restaurant | LinkedIn | Learn
395,completed_without_short_link,CIC,LinkedIn,social,Dine,Dine,LinkedIn,Social,Dine,CarriageHouseRestaurant,Explore,https://www.castleintheclouds.org/carriage-house-restaurant/,https://www.castleintheclouds.org/carriage-house-restaurant/?utm_source=LinkedIn&utm_medium=Social&utm_campaign=Dine&utm_term=CarriageHouseRestaurant&utm_content=Explore,,,1,2026-09-14T00:00:00.000Z,2026-09-14T00:00:00.000Z,CIC starter database | Carriage House Restaurant | LinkedIn | Explore
396,completed_without_short_link,CIC,LinkedIn,social,Dine,Dine,LinkedIn,Social,Dine,CarriageHouseRestaurant,,https://www.castleintheclouds.org/carriage-house-restaurant/,https://www.castleintheclouds.org/carriage-house-restaurant/?utm_source=LinkedIn&utm_medium=Social&utm_campaign=Dine&utm_term=CarriageHouseRestaurant,,,1,2026-09-14T00:00:00.000Z,2026-09-14T00:00:00.000Z,CIC starter database | Carriage House Restaurant | LinkedIn | {null}
397,completed_without_short_link,CIC,ConstantContact,email,Dine,Dine,ConstantContact,Email,Dine,CarriageHouseRestaurant,Visit,https://www.castleintheclouds.org/carriage-house-restaurant/,https://www.castleintheclouds.org/carriage-house-restaurant/?utm_source=ConstantContact&utm_medium=Email&utm_campaign=Dine&utm_term=CarriageHouseRestaurant&utm_content=Visit,,,1,2026-09-14T00:00:00.000Z,2026-09-14T00:00:00.000Z,CIC starter database | Carriage House Restaurant | ConstantContact | Visit
398,completed_without_short_link,CIC,ConstantContact,email,Dine,Dine,ConstantContact,Email,Dine,CarriageHouseRestaurant,Learn,https://www.castleintheclouds.org/carriage-house-restaurant/,https://www.castleintheclouds.org/carriage-house-restaurant/?utm_source=ConstantContact&utm_medium=Email&utm_campaign=Dine&utm_term=CarriageHouseRestaurant&utm_content=Learn,,,1,2026-09-14T00:00:00.000Z,2026-09-14T00:00:00.000Z,CIC starter database | Carriage House Restaurant | ConstantContact | Learn
399,completed_without_short_link,CIC,ConstantContact,email,Dine,Dine,ConstantContact,Email,Dine,CarriageHouseRestaurant,Explore,https://www.castleintheclouds.org/carriage-house-restaurant/,https://www.castleintheclouds.org/carriage-house-restaurant/?utm_source=ConstantContact&utm_medium=Email&utm_campaign=Dine&utm_term=CarriageHouseRestaurant&utm_content=Explore,,,1,2026-09-14T00:00:00.000Z,2026-09-14T00:00:00.000Z,CIC starter database | Carriage House Restaurant | ConstantContact | Explore
400,completed_without_short_link,CIC,ConstantContact,email,Dine,Dine,ConstantContact,Email,Dine,CarriageHouseRestaurant,,https://www.castleintheclouds.org/carriage-house-restaurant/,https://www.castleintheclouds.org/carriage-house-restaurant/?utm_source=ConstantContact&utm_medium=Email&utm_campaign=Dine&utm_term=CarriageHouseRestaurant,,,1,2026-09-14T00:00:00.000Z,2026-09-14T00:00:00.000Z,CIC starter database | Carriage House Restaurant | ConstantContact | {null}
401,completed_without_short_link,CIC,Facebook,social,Dine,Dine,Facebook,Social,Dine,CafeInTheClouds,Visit,https://www.castleintheclouds.org/things-to-do/cafe-in-the-clouds/,https://www.castleintheclouds.org/things-to-do/cafe-in-the-clouds/?utm_source=Facebook&utm_medium=Social&utm_campaign=Dine&utm_term=CafeInTheClouds&utm_content=Visit,,,1,2026-09-14T00:00:00.000Z,2026-09-14T00:00:00.000Z,CIC starter database | Cafe in the Clouds | Facebook | Visit
402,completed_without_short_link,CIC,Facebook,social,Dine,Dine,Facebook,Social,Dine,CafeInTheClouds,Learn,https://www.castleintheclouds.org/things-to-do/cafe-in-the-clouds/,https://www.castleintheclouds.org/things-to-do/cafe-in-the-clouds/?utm_source=Facebook&utm_medium=Social&utm_campaign=Dine&utm_term=CafeInTheClouds&utm_content=Learn,,,1,2026-09-14T00:00:00.000Z,2026-09-14T00:00:00.000Z,CIC starter database | Cafe in the Clouds | Facebook | Learn
403,completed_without_short_link,CIC,Facebook,social,Dine,Dine,Facebook,Social,Dine,CafeInTheClouds,Explore,https://www.castleintheclouds.org/things-to-do/cafe-in-the-clouds/,https://www.castleintheclouds.org/things-to-do/cafe-in-the-clouds/?utm_source=Facebook&utm_medium=Social&utm_campaign=Dine&utm_term=CafeInTheClouds&utm_content=Explore,,,1,2026-09-14T00:00:00.000Z,2026-09-14T00:00:00.000Z,CIC starter database | Cafe in the Clouds | Facebook | Explore
404,completed_without_short_link,CIC,Facebook,social,Dine,Dine,Facebook,Social,Dine,CafeInTheClouds,,https://www.castleintheclouds.org/things-to-do/cafe-in-the-clouds/,https://www.castleintheclouds.org/things-to-do/cafe-in-the-clouds/?utm_source=Facebook&utm_medium=Social&utm_campaign=Dine&utm_term=CafeInTheClouds,,,1,2026-09-14T00:00:00.000Z,2026-09-14T00:00:00.000Z,CIC starter database | Cafe in the Clouds | Facebook | {null}
405,completed_without_short_link,CIC,GMB,social,Dine,Dine,GMB,Social,Dine,CafeInTheClouds,Visit,https://www.castleintheclouds.org/things-to-do/cafe-in-the-clouds/,https://www.castleintheclouds.org/things-to-do/cafe-in-the-clouds/?utm_source=GMB&utm_medium=Social&utm_campaign=Dine&utm_term=CafeInTheClouds&utm_content=Visit,,,1,2026-09-14T00:00:00.000Z,2026-09-14T00:00:00.000Z,CIC starter database | Cafe in the Clouds | GMB | Visit
406,completed_without_short_link,CIC,GMB,social,Dine,Dine,GMB,Social,Dine,CafeInTheClouds,Learn,https://www.castleintheclouds.org/things-to-do/cafe-in-the-clouds/,https://www.castleintheclouds.org/things-to-do/cafe-in-the-clouds/?utm_source=GMB&utm_medium=Social&utm_campaign=Dine&utm_term=CafeInTheClouds&utm_content=Learn,,,1,2026-09-14T00:00:00.000Z,2026-09-14T00:00:00.000Z,CIC starter database | Cafe in the Clouds | GMB | Learn
407,completed_without_short_link,CIC,GMB,social,Dine,Dine,GMB,Social,Dine,CafeInTheClouds,Explore,https://www.castleintheclouds.org/things-to-do/cafe-in-the-clouds/,https://www.castleintheclouds.org/things-to-do/cafe-in-the-clouds/?utm_source=GMB&utm_medium=Social&utm_campaign=Dine&utm_term=CafeInTheClouds&utm_content=Explore,,,1,2026-09-14T00:00:00.000Z,2026-09-14T00:00:00.000Z,CIC starter database | Cafe in the Clouds | GMB | Explore
408,completed_without_short_link,CIC,GMB,social,Dine,Dine,GMB,Social,Dine,CafeInTheClouds,,https://www.castleintheclouds.org/things-to-do/cafe-in-the-clouds/,https://www.castleintheclouds.org/things-to-do/cafe-in-the-clouds/?utm_source=GMB&utm_medium=Social&utm_campaign=Dine&utm_term=CafeInTheClouds,,,1,2026-09-14T00:00:00.000Z,2026-09-14T00:00:00.000Z,CIC starter database | Cafe in the Clouds | GMB | {null}
409,completed_without_short_link,CIC,Instagram,social,Dine,Dine,Instagram,Social,Dine,CafeInTheClouds,Visit,https://www.castleintheclouds.org/things-to-do/cafe-in-the-clouds/,https://www.castleintheclouds.org/things-to-do/cafe-in-the-clouds/?utm_source=Instagram&utm_medium=Social&utm_campaign=Dine&utm_term=CafeInTheClouds&utm_content=Visit,,,1,2026-09-14T00:00:00.000Z,2026-09-14T00:00:00.000Z,CIC starter database | Cafe in the Clouds | Instagram | Visit
410,completed_without_short_link,CIC,Instagram,social,Dine,Dine,Instagram,Social,Dine,CafeInTheClouds,Learn,https://www.castleintheclouds.org/things-to-do/cafe-in-the-clouds/,https://www.castleintheclouds.org/things-to-do/cafe-in-the-clouds/?utm_source=Instagram&utm_medium=Social&utm_campaign=Dine&utm_term=CafeInTheClouds&utm_content=Learn,,,1,2026-09-14T00:00:00.000Z,2026-09-14T00:00:00.000Z,CIC starter database | Cafe in the Clouds | Instagram | Learn
411,completed_without_short_link,CIC,Instagram,social,Dine,Dine,Instagram,Social,Dine,CafeInTheClouds,Explore,https://www.castleintheclouds.org/things-to-do/cafe-in-the-clouds/,https://www.castleintheclouds.org/things-to-do/cafe-in-the-clouds/?utm_source=Instagram&utm_medium=Social&utm_campaign=Dine&utm_term=CafeInTheClouds&utm_content=Explore,,,1,2026-09-14T00:00:00.000Z,2026-09-14T00:00:00.000Z,CIC starter database | Cafe in the Clouds | Instagram | Explore
412,completed_without_short_link,CIC,Instagram,social,Dine,Dine,Instagram,Social,Dine,CafeInTheClouds,,https://www.castleintheclouds.org/things-to-do/cafe-in-the-clouds/,https://www.castleintheclouds.org/things-to-do/cafe-in-the-clouds/?utm_source=Instagram&utm_medium=Social&utm_campaign=Dine&utm_term=CafeInTheClouds,,,1,2026-09-14T00:00:00.000Z,2026-09-14T00:00:00.000Z,CIC starter database | Cafe in the Clouds | Instagram | {null}
413,completed_without_short_link,CIC,LinkedIn,social,Dine,Dine,LinkedIn,Social,Dine,CafeInTheClouds,Visit,https://www.castleintheclouds.org/things-to-do/cafe-in-the-clouds/,https://www.castleintheclouds.org/things-to-do/cafe-in-the-clouds/?utm_source=LinkedIn&utm_medium=Social&utm_campaign=Dine&utm_term=CafeInTheClouds&utm_content=Visit,,,1,2026-09-14T00:00:00.000Z,2026-09-14T00:00:00.000Z,CIC starter database | Cafe in the Clouds | LinkedIn | Visit
414,completed_without_short_link,CIC,LinkedIn,social,Dine,Dine,LinkedIn,Social,Dine,CafeInTheClouds,Learn,https://www.castleintheclouds.org/things-to-do/cafe-in-the-clouds/,https://www.castleintheclouds.org/things-to-do/cafe-in-the-clouds/?utm_source=LinkedIn&utm_medium=Social&utm_campaign=Dine&utm_term=CafeInTheClouds&utm_content=Learn,,,1,2026-09-14T00:00:00.000Z,2026-09-14T00:00:00.000Z,CIC starter database | Cafe in the Clouds | LinkedIn | Learn
415,completed_without_short_link,CIC,LinkedIn,social,Dine,Dine,LinkedIn,Social,Dine,CafeInTheClouds,Explore,https://www.castleintheclouds.org/things-to-do/cafe-in-the-clouds/,https://www.castleintheclouds.org/things-to-do/cafe-in-the-clouds/?utm_source=LinkedIn&utm_medium=Social&utm_campaign=Dine&utm_term=CafeInTheClouds&utm_content=Explore,,,1,2026-09-14T00:00:00.000Z,2026-09-14T00:00:00.000Z,CIC starter database | Cafe in the Clouds | LinkedIn | Explore
416,completed_without_short_link,CIC,LinkedIn,social,Dine,Dine,LinkedIn,Social,Dine,CafeInTheClouds,,https://www.castleintheclouds.org/things-to-do/cafe-in-the-clouds/,https://www.castleintheclouds.org/things-to-do/cafe-in-the-clouds/?utm_source=LinkedIn&utm_medium=Social&utm_campaign=Dine&utm_term=CafeInTheClouds,,,1,2026-09-14T00:00:00.000Z,2026-09-14T00:00:00.000Z,CIC starter database | Cafe in the Clouds | LinkedIn | {null}
417,completed_without_short_link,CIC,ConstantContact,email,Dine,Dine,ConstantContact,Email,Dine,CafeInTheClouds,Visit,https://www.castleintheclouds.org/things-to-do/cafe-in-the-clouds/,https://www.castleintheclouds.org/things-to-do/cafe-in-the-clouds/?utm_source=ConstantContact&utm_medium=Email&utm_campaign=Dine&utm_term=CafeInTheClouds&utm_content=Visit,,,1,2026-09-14T00:00:00.000Z,2026-09-14T00:00:00.000Z,CIC starter database | Cafe in the Clouds | ConstantContact | Visit
418,completed_without_short_link,CIC,ConstantContact,email,Dine,Dine,ConstantContact,Email,Dine,CafeInTheClouds,Learn,https://www.castleintheclouds.org/things-to-do/cafe-in-the-clouds/,https://www.castleintheclouds.org/things-to-do/cafe-in-the-clouds/?utm_source=ConstantContact&utm_medium=Email&utm_campaign=Dine&utm_term=CafeInTheClouds&utm_content=Learn,,,1,2026-09-14T00:00:00.000Z,2026-09-14T00:00:00.000Z,CIC starter database | Cafe in the Clouds | ConstantContact | Learn
419,completed_without_short_link,CIC,ConstantContact,email,Dine,Dine,ConstantContact,Email,Dine,CafeInTheClouds,Explore,https://www.castleintheclouds.org/things-to-do/cafe-in-the-clouds/,https://www.castleintheclouds.org/things-to-do/cafe-in-the-clouds/?utm_source=ConstantContact&utm_medium=Email&utm_campaign=Dine&utm_term=CafeInTheClouds&utm_content=Explore,,,1,2026-09-14T00:00:00.000Z,2026-09-14T00:00:00.000Z,CIC starter database | Cafe in the Clouds | ConstantContact | Explore
420,completed_without_short_link,CIC,ConstantContact,email,Dine,Dine,ConstantContact,Email,Dine,CafeInTheClouds,,https://www.castleintheclouds.org/things-to-do/cafe-in-the-clouds/,https://www.castleintheclouds.org/things-to-do/cafe-in-the-clouds/?utm_source=ConstantContact&utm_medium=Email&utm_campaign=Dine&utm_term=CafeInTheClouds,,,1,2026-09-14T00:00:00.000Z,2026-09-14T00:00:00.000Z,CIC starter database | Cafe in the Clouds | ConstantContact | {null}
421,completed_without_short_link,CIC,Facebook,social,Dine,Dine,Facebook,Social,Dine,MusicNights,Buy,https://www.castleintheclouds.org/calendar-of-events/category/music-nights/,https://www.castleintheclouds.org/calendar-of-events/category/music-nights/?utm_source=Facebook&utm_medium=Social&utm_campaign=Dine&utm_term=MusicNights&utm_content=Buy,,,1,2026-09-14T00:00:00.000Z,2026-09-14T00:00:00.000Z,CIC starter database | Music Nights | Facebook | Buy
422,completed_without_short_link,CIC,Facebook,social,Dine,Dine,Facebook,Social,Dine,MusicNights,Learn,https://www.castleintheclouds.org/calendar-of-events/category/music-nights/,https://www.castleintheclouds.org/calendar-of-events/category/music-nights/?utm_source=Facebook&utm_medium=Social&utm_campaign=Dine&utm_term=MusicNights&utm_content=Learn,,,1,2026-09-14T00:00:00.000Z,2026-09-14T00:00:00.000Z,CIC starter database | Music Nights | Facebook | Learn
423,completed_without_short_link,CIC,Facebook,social,Dine,Dine,Facebook,Social,Dine,MusicNights,Explore,https://www.castleintheclouds.org/calendar-of-events/category/music-nights/,https://www.castleintheclouds.org/calendar-of-events/category/music-nights/?utm_source=Facebook&utm_medium=Social&utm_campaign=Dine&utm_term=MusicNights&utm_content=Explore,,,1,2026-09-14T00:00:00.000Z,2026-09-14T00:00:00.000Z,CIC starter database | Music Nights | Facebook | Explore
424,completed_without_short_link,CIC,Facebook,social,Dine,Dine,Facebook,Social,Dine,MusicNights,,https://www.castleintheclouds.org/calendar-of-events/category/music-nights/,https://www.castleintheclouds.org/calendar-of-events/category/music-nights/?utm_source=Facebook&utm_medium=Social&utm_campaign=Dine&utm_term=MusicNights,,,1,2026-09-14T00:00:00.000Z,2026-09-14T00:00:00.000Z,CIC starter database | Music Nights | Facebook | {null}
425,completed_without_short_link,CIC,GMB,social,Dine,Dine,GMB,Social,Dine,MusicNights,Buy,https://www.castleintheclouds.org/calendar-of-events/category/music-nights/,https://www.castleintheclouds.org/calendar-of-events/category/music-nights/?utm_source=GMB&utm_medium=Social&utm_campaign=Dine&utm_term=MusicNights&utm_content=Buy,,,1,2026-09-14T00:00:00.000Z,2026-09-14T00:00:00.000Z,CIC starter database | Music Nights | GMB | Buy
426,completed_without_short_link,CIC,GMB,social,Dine,Dine,GMB,Social,Dine,MusicNights,Learn,https://www.castleintheclouds.org/calendar-of-events/category/music-nights/,https://www.castleintheclouds.org/calendar-of-events/category/music-nights/?utm_source=GMB&utm_medium=Social&utm_campaign=Dine&utm_term=MusicNights&utm_content=Learn,,,1,2026-09-14T00:00:00.000Z,2026-09-14T00:00:00.000Z,CIC starter database | Music Nights | GMB | Learn
427,completed_without_short_link,CIC,GMB,social,Dine,Dine,GMB,Social,Dine,MusicNights,Explore,https://www.castleintheclouds.org/calendar-of-events/category/music-nights/,https://www.castleintheclouds.org/calendar-of-events/category/music-nights/?utm_source=GMB&utm_medium=Social&utm_campaign=Dine&utm_term=MusicNights&utm_content=Explore,,,1,2026-09-14T00:00:00.000Z,2026-09-14T00:00:00.000Z,CIC starter database | Music Nights | GMB | Explore
428,completed_without_short_link,CIC,GMB,social,Dine,Dine,GMB,Social,Dine,MusicNights,,https://www.castleintheclouds.org/calendar-of-events/category/music-nights/,https://www.castleintheclouds.org/calendar-of-events/category/music-nights/?utm_source=GMB&utm_medium=Social&utm_campaign=Dine&utm_term=MusicNights,,,1,2026-09-14T00:00:00.000Z,2026-09-14T00:00:00.000Z,CIC starter database | Music Nights | GMB | {null}
429,completed_without_short_link,CIC,Instagram,social,Dine,Dine,Instagram,Social,Dine,MusicNights,Buy,https://www.castleintheclouds.org/calendar-of-events/category/music-nights/,https://www.castleintheclouds.org/calendar-of-events/category/music-nights/?utm_source=Instagram&utm_medium=Social&utm_campaign=Dine&utm_term=MusicNights&utm_content=Buy,,,1,2026-09-14T00:00:00.000Z,2026-09-14T00:00:00.000Z,CIC starter database | Music Nights | Instagram | Buy
430,completed_without_short_link,CIC,Instagram,social,Dine,Dine,Instagram,Social,Dine,MusicNights,Learn,https://www.castleintheclouds.org/calendar-of-events/category/music-nights/,https://www.castleintheclouds.org/calendar-of-events/category/music-nights/?utm_source=Instagram&utm_medium=Social&utm_campaign=Dine&utm_term=MusicNights&utm_content=Learn,,,1,2026-09-14T00:00:00.000Z,2026-09-14T00:00:00.000Z,CIC starter database | Music Nights | Instagram | Learn
431,completed_without_short_link,CIC,Instagram,social,Dine,Dine,Instagram,Social,Dine,MusicNights,Explore,https://www.castleintheclouds.org/calendar-of-events/category/music-nights/,https://www.castleintheclouds.org/calendar-of-events/category/music-nights/?utm_source=Instagram&utm_medium=Social&utm_campaign=Dine&utm_term=MusicNights&utm_content=Explore,,,1,2026-09-14T00:00:00.000Z,2026-09-14T00:00:00.000Z,CIC starter database | Music Nights | Instagram | Explore
432,completed_without_short_link,CIC,Instagram,social,Dine,Dine,Instagram,Social,Dine,MusicNights,,https://www.castleintheclouds.org/calendar-of-events/category/music-nights/,https://www.castleintheclouds.org/calendar-of-events/category/music-nights/?utm_source=Instagram&utm_medium=Social&utm_campaign=Dine&utm_term=MusicNights,,,1,2026-09-14T00:00:00.000Z,2026-09-14T00:00:00.000Z,CIC starter database | Music Nights | Instagram | {null}
433,completed_without_short_link,CIC,LinkedIn,social,Dine,Dine,LinkedIn,Social,Dine,MusicNights,Buy,https://www.castleintheclouds.org/calendar-of-events/category/music-nights/,https://www.castleintheclouds.org/calendar-of-events/category/music-nights/?utm_source=LinkedIn&utm_medium=Social&utm_campaign=Dine&utm_term=MusicNights&utm_content=Buy,,,1,2026-09-14T00:00:00.000Z,2026-09-14T00:00:00.000Z,CIC starter database | Music Nights | LinkedIn | Buy
434,completed_without_short_link,CIC,LinkedIn,social,Dine,Dine,LinkedIn,Social,Dine,MusicNights,Learn,https://www.castleintheclouds.org/calendar-of-events/category/music-nights/,https://www.castleintheclouds.org/calendar-of-events/category/music-nights/?utm_source=LinkedIn&utm_medium=Social&utm_campaign=Dine&utm_term=MusicNights&utm_content=Learn,,,1,2026-09-14T00:00:00.000Z,2026-09-14T00:00:00.000Z,CIC starter database | Music Nights | LinkedIn | Learn
435,completed_without_short_link,CIC,LinkedIn,social,Dine,Dine,LinkedIn,Social,Dine,MusicNights,Explore,https://www.castleintheclouds.org/calendar-of-events/category/music-nights/,https://www.castleintheclouds.org/calendar-of-events/category/music-nights/?utm_source=LinkedIn&utm_medium=Social&utm_campaign=Dine&utm_term=MusicNights&utm_content=Explore,,,1,2026-09-14T00:00:00.000Z,2026-09-14T00:00:00.000Z,CIC starter database | Music Nights | LinkedIn | Explore
436,completed_without_short_link,CIC,LinkedIn,social,Dine,Dine,LinkedIn,Social,Dine,MusicNights,,https://www.castleintheclouds.org/calendar-of-events/category/music-nights/,https://www.castleintheclouds.org/calendar-of-events/category/music-nights/?utm_source=LinkedIn&utm_medium=Social&utm_campaign=Dine&utm_term=MusicNights,,,1,2026-09-14T00:00:00.000Z,2026-09-14T00:00:00.000Z,CIC starter database | Music Nights | LinkedIn | {null}
437,completed_without_short_link,CIC,ConstantContact,email,Dine,Dine,ConstantContact,Email,Dine,MusicNights,Buy,https://www.castleintheclouds.org/calendar-of-events/category/music-nights/,https://www.castleintheclouds.org/calendar-of-events/category/music-nights/?utm_source=ConstantContact&utm_medium=Email&utm_campaign=Dine&utm_term=MusicNights&utm_content=Buy,,,1,2026-09-14T00:00:00.000Z,2026-09-14T00:00:00.000Z,CIC starter database | Music Nights | ConstantContact | Buy
438,completed_without_short_link,CIC,ConstantContact,email,Dine,Dine,ConstantContact,Email,Dine,MusicNights,Learn,https://www.castleintheclouds.org/calendar-of-events/category/music-nights/,https://www.castleintheclouds.org/calendar-of-events/category/music-nights/?utm_source=ConstantContact&utm_medium=Email&utm_campaign=Dine&utm_term=MusicNights&utm_content=Learn,,,1,2026-09-14T00:00:00.000Z,2026-09-14T00:00:00.000Z,CIC starter database | Music Nights | ConstantContact | Learn
439,completed_without_short_link,CIC,ConstantContact,email,Dine,Dine,ConstantContact,Email,Dine,MusicNights,Explore,https://www.castleintheclouds.org/calendar-of-events/category/music-nights/,https://www.castleintheclouds.org/calendar-of-events/category/music-nights/?utm_source=ConstantContact&utm_medium=Email&utm_campaign=Dine&utm_term=MusicNights&utm_content=Explore,,,1,2026-09-14T00:00:00.000Z,2026-09-14T00:00:00.000Z,CIC starter database | Music Nights | ConstantContact | Explore
440,completed_without_short_link,CIC,ConstantContact,email,Dine,Dine,ConstantContact,Email,Dine,MusicNights,,https://www.castleintheclouds.org/calendar-of-events/category/music-nights/,https://www.castleintheclouds.org/calendar-of-events/category/music-nights/?utm_source=ConstantContact&utm_medium=Email&utm_campaign=Dine&utm_term=MusicNights,,,1,2026-09-14T00:00:00.000Z,2026-09-14T00:00:00.000Z,CIC starter database | Music Nights | ConstantContact | {null}
441,completed_without_short_link,CIC,Facebook,social,WeddingsAndEvents,WeddingsAndEvents,Facebook,Social,WeddingsAndEvents,CastleWeddings,Learn,https://www.castleintheclouds.org/weddings/,https://www.castleintheclouds.org/weddings/?utm_source=Facebook&utm_medium=Social&utm_campaign=WeddingsAndEvents&utm_term=CastleWeddings&utm_content=Learn,,,1,2026-09-14T00:00:00.000Z,2026-09-14T00:00:00.000Z,CIC starter database | Castle Weddings | Facebook | Learn
442,completed_without_short_link,CIC,Facebook,social,WeddingsAndEvents,WeddingsAndEvents,Facebook,Social,WeddingsAndEvents,CastleWeddings,Explore,https://www.castleintheclouds.org/weddings/,https://www.castleintheclouds.org/weddings/?utm_source=Facebook&utm_medium=Social&utm_campaign=WeddingsAndEvents&utm_term=CastleWeddings&utm_content=Explore,,,1,2026-09-14T00:00:00.000Z,2026-09-14T00:00:00.000Z,CIC starter database | Castle Weddings | Facebook | Explore
443,completed_without_short_link,CIC,Facebook,social,WeddingsAndEvents,WeddingsAndEvents,Facebook,Social,WeddingsAndEvents,CastleWeddings,,https://www.castleintheclouds.org/weddings/,https://www.castleintheclouds.org/weddings/?utm_source=Facebook&utm_medium=Social&utm_campaign=WeddingsAndEvents&utm_term=CastleWeddings,,,1,2026-09-14T00:00:00.000Z,2026-09-14T00:00:00.000Z,CIC starter database | Castle Weddings | Facebook | {null}
444,completed_without_short_link,CIC,GMB,social,WeddingsAndEvents,WeddingsAndEvents,GMB,Social,WeddingsAndEvents,CastleWeddings,Learn,https://www.castleintheclouds.org/weddings/,https://www.castleintheclouds.org/weddings/?utm_source=GMB&utm_medium=Social&utm_campaign=WeddingsAndEvents&utm_term=CastleWeddings&utm_content=Learn,,,1,2026-09-14T00:00:00.000Z,2026-09-14T00:00:00.000Z,CIC starter database | Castle Weddings | GMB | Learn
445,completed_without_short_link,CIC,GMB,social,WeddingsAndEvents,WeddingsAndEvents,GMB,Social,WeddingsAndEvents,CastleWeddings,Explore,https://www.castleintheclouds.org/weddings/,https://www.castleintheclouds.org/weddings/?utm_source=GMB&utm_medium=Social&utm_campaign=WeddingsAndEvents&utm_term=CastleWeddings&utm_content=Explore,,,1,2026-09-14T00:00:00.000Z,2026-09-14T00:00:00.000Z,CIC starter database | Castle Weddings | GMB | Explore
446,completed_without_short_link,CIC,GMB,social,WeddingsAndEvents,WeddingsAndEvents,GMB,Social,WeddingsAndEvents,CastleWeddings,,https://www.castleintheclouds.org/weddings/,https://www.castleintheclouds.org/weddings/?utm_source=GMB&utm_medium=Social&utm_campaign=WeddingsAndEvents&utm_term=CastleWeddings,,,1,2026-09-14T00:00:00.000Z,2026-09-14T00:00:00.000Z,CIC starter database | Castle Weddings | GMB | {null}
447,completed_without_short_link,CIC,Instagram,social,WeddingsAndEvents,WeddingsAndEvents,Instagram,Social,WeddingsAndEvents,CastleWeddings,Learn,https://www.castleintheclouds.org/weddings/,https://www.castleintheclouds.org/weddings/?utm_source=Instagram&utm_medium=Social&utm_campaign=WeddingsAndEvents&utm_term=CastleWeddings&utm_content=Learn,,,1,2026-09-14T00:00:00.000Z,2026-09-14T00:00:00.000Z,CIC starter database | Castle Weddings | Instagram | Learn
448,completed_without_short_link,CIC,Instagram,social,WeddingsAndEvents,WeddingsAndEvents,Instagram,Social,WeddingsAndEvents,CastleWeddings,Explore,https://www.castleintheclouds.org/weddings/,https://www.castleintheclouds.org/weddings/?utm_source=Instagram&utm_medium=Social&utm_campaign=WeddingsAndEvents&utm_term=CastleWeddings&utm_content=Explore,,,1,2026-09-14T00:00:00.000Z,2026-09-14T00:00:00.000Z,CIC starter database | Castle Weddings | Instagram | Explore
449,completed_without_short_link,CIC,Instagram,social,WeddingsAndEvents,WeddingsAndEvents,Instagram,Social,WeddingsAndEvents,CastleWeddings,,https://www.castleintheclouds.org/weddings/,https://www.castleintheclouds.org/weddings/?utm_source=Instagram&utm_medium=Social&utm_campaign=WeddingsAndEvents&utm_term=CastleWeddings,,,1,2026-09-14T00:00:00.000Z,2026-09-14T00:00:00.000Z,CIC starter database | Castle Weddings | Instagram | {null}
450,completed_without_short_link,CIC,LinkedIn,social,WeddingsAndEvents,WeddingsAndEvents,LinkedIn,Social,WeddingsAndEvents,CastleWeddings,Learn,https://www.castleintheclouds.org/weddings/,https://www.castleintheclouds.org/weddings/?utm_source=LinkedIn&utm_medium=Social&utm_campaign=WeddingsAndEvents&utm_term=CastleWeddings&utm_content=Learn,,,1,2026-09-14T00:00:00.000Z,2026-09-14T00:00:00.000Z,CIC starter database | Castle Weddings | LinkedIn | Learn
451,completed_without_short_link,CIC,LinkedIn,social,WeddingsAndEvents,WeddingsAndEvents,LinkedIn,Social,WeddingsAndEvents,CastleWeddings,Explore,https://www.castleintheclouds.org/weddings/,https://www.castleintheclouds.org/weddings/?utm_source=LinkedIn&utm_medium=Social&utm_campaign=WeddingsAndEvents&utm_term=CastleWeddings&utm_content=Explore,,,1,2026-09-14T00:00:00.000Z,2026-09-14T00:00:00.000Z,CIC starter database | Castle Weddings | LinkedIn | Explore
452,completed_without_short_link,CIC,LinkedIn,social,WeddingsAndEvents,WeddingsAndEvents,LinkedIn,Social,WeddingsAndEvents,CastleWeddings,,https://www.castleintheclouds.org/weddings/,https://www.castleintheclouds.org/weddings/?utm_source=LinkedIn&utm_medium=Social&utm_campaign=WeddingsAndEvents&utm_term=CastleWeddings,,,1,2026-09-14T00:00:00.000Z,2026-09-14T00:00:00.000Z,CIC starter database | Castle Weddings | LinkedIn | {null}
453,completed_without_short_link,CIC,ConstantContact,email,WeddingsAndEvents,WeddingsAndEvents,ConstantContact,Email,WeddingsAndEvents,CastleWeddings,Learn,https://www.castleintheclouds.org/weddings/,https://www.castleintheclouds.org/weddings/?utm_source=ConstantContact&utm_medium=Email&utm_campaign=WeddingsAndEvents&utm_term=CastleWeddings&utm_content=Learn,,,1,2026-09-14T00:00:00.000Z,2026-09-14T00:00:00.000Z,CIC starter database | Castle Weddings | ConstantContact | Learn
454,completed_without_short_link,CIC,ConstantContact,email,WeddingsAndEvents,WeddingsAndEvents,ConstantContact,Email,WeddingsAndEvents,CastleWeddings,Explore,https://www.castleintheclouds.org/weddings/,https://www.castleintheclouds.org/weddings/?utm_source=ConstantContact&utm_medium=Email&utm_campaign=WeddingsAndEvents&utm_term=CastleWeddings&utm_content=Explore,,,1,2026-09-14T00:00:00.000Z,2026-09-14T00:00:00.000Z,CIC starter database | Castle Weddings | ConstantContact | Explore
455,completed_without_short_link,CIC,ConstantContact,email,WeddingsAndEvents,WeddingsAndEvents,ConstantContact,Email,WeddingsAndEvents,CastleWeddings,,https://www.castleintheclouds.org/weddings/,https://www.castleintheclouds.org/weddings/?utm_source=ConstantContact&utm_medium=Email&utm_campaign=WeddingsAndEvents&utm_term=CastleWeddings,,,1,2026-09-14T00:00:00.000Z,2026-09-14T00:00:00.000Z,CIC starter database | Castle Weddings | ConstantContact | {null}
456,completed_without_short_link,CIC,Facebook,social,WeddingsAndEvents,WeddingsAndEvents,Facebook,Social,WeddingsAndEvents,PrivateEvents,Learn,https://www.castleintheclouds.org/private-events/,https://www.castleintheclouds.org/private-events/?utm_source=Facebook&utm_medium=Social&utm_campaign=WeddingsAndEvents&utm_term=PrivateEvents&utm_content=Learn,,,1,2026-09-14T00:00:00.000Z,2026-09-14T00:00:00.000Z,CIC starter database | Private Events | Facebook | Learn
457,completed_without_short_link,CIC,Facebook,social,WeddingsAndEvents,WeddingsAndEvents,Facebook,Social,WeddingsAndEvents,PrivateEvents,Explore,https://www.castleintheclouds.org/private-events/,https://www.castleintheclouds.org/private-events/?utm_source=Facebook&utm_medium=Social&utm_campaign=WeddingsAndEvents&utm_term=PrivateEvents&utm_content=Explore,,,1,2026-09-14T00:00:00.000Z,2026-09-14T00:00:00.000Z,CIC starter database | Private Events | Facebook | Explore
458,completed_without_short_link,CIC,Facebook,social,WeddingsAndEvents,WeddingsAndEvents,Facebook,Social,WeddingsAndEvents,PrivateEvents,,https://www.castleintheclouds.org/private-events/,https://www.castleintheclouds.org/private-events/?utm_source=Facebook&utm_medium=Social&utm_campaign=WeddingsAndEvents&utm_term=PrivateEvents,,,1,2026-09-14T00:00:00.000Z,2026-09-14T00:00:00.000Z,CIC starter database | Private Events | Facebook | {null}
459,completed_without_short_link,CIC,GMB,social,WeddingsAndEvents,WeddingsAndEvents,GMB,Social,WeddingsAndEvents,PrivateEvents,Learn,https://www.castleintheclouds.org/private-events/,https://www.castleintheclouds.org/private-events/?utm_source=GMB&utm_medium=Social&utm_campaign=WeddingsAndEvents&utm_term=PrivateEvents&utm_content=Learn,,,1,2026-09-14T00:00:00.000Z,2026-09-14T00:00:00.000Z,CIC starter database | Private Events | GMB | Learn
460,completed_without_short_link,CIC,GMB,social,WeddingsAndEvents,WeddingsAndEvents,GMB,Social,WeddingsAndEvents,PrivateEvents,Explore,https://www.castleintheclouds.org/private-events/,https://www.castleintheclouds.org/private-events/?utm_source=GMB&utm_medium=Social&utm_campaign=WeddingsAndEvents&utm_term=PrivateEvents&utm_content=Explore,,,1,2026-09-14T00:00:00.000Z,2026-09-14T00:00:00.000Z,CIC starter database | Private Events | GMB | Explore
461,completed_without_short_link,CIC,GMB,social,WeddingsAndEvents,WeddingsAndEvents,GMB,Social,WeddingsAndEvents,PrivateEvents,,https://www.castleintheclouds.org/private-events/,https://www.castleintheclouds.org/private-events/?utm_source=GMB&utm_medium=Social&utm_campaign=WeddingsAndEvents&utm_term=PrivateEvents,,,1,2026-09-14T00:00:00.000Z,2026-09-14T00:00:00.000Z,CIC starter database | Private Events | GMB | {null}
462,completed_without_short_link,CIC,Instagram,social,WeddingsAndEvents,WeddingsAndEvents,Instagram,Social,WeddingsAndEvents,PrivateEvents,Learn,https://www.castleintheclouds.org/private-events/,https://www.castleintheclouds.org/private-events/?utm_source=Instagram&utm_medium=Social&utm_campaign=WeddingsAndEvents&utm_term=PrivateEvents&utm_content=Learn,,,1,2026-09-14T00:00:00.000Z,2026-09-14T00:00:00.000Z,CIC starter database | Private Events | Instagram | Learn
463,completed_without_short_link,CIC,Instagram,social,WeddingsAndEvents,WeddingsAndEvents,Instagram,Social,WeddingsAndEvents,PrivateEvents,Explore,https://www.castleintheclouds.org/private-events/,https://www.castleintheclouds.org/private-events/?utm_source=Instagram&utm_medium=Social&utm_campaign=WeddingsAndEvents&utm_term=PrivateEvents&utm_content=Explore,,,1,2026-09-14T00:00:00.000Z,2026-09-14T00:00:00.000Z,CIC starter database | Private Events | Instagram | Explore
464,completed_without_short_link,CIC,Instagram,social,WeddingsAndEvents,WeddingsAndEvents,Instagram,Social,WeddingsAndEvents,PrivateEvents,,https://www.castleintheclouds.org/private-events/,https://www.castleintheclouds.org/private-events/?utm_source=Instagram&utm_medium=Social&utm_campaign=WeddingsAndEvents&utm_term=PrivateEvents,,,1,2026-09-14T00:00:00.000Z,2026-09-14T00:00:00.000Z,CIC starter database | Private Events | Instagram | {null}
465,completed_without_short_link,CIC,LinkedIn,social,WeddingsAndEvents,WeddingsAndEvents,LinkedIn,Social,WeddingsAndEvents,PrivateEvents,Learn,https://www.castleintheclouds.org/private-events/,https://www.castleintheclouds.org/private-events/?utm_source=LinkedIn&utm_medium=Social&utm_campaign=WeddingsAndEvents&utm_term=PrivateEvents&utm_content=Learn,,,1,2026-09-14T00:00:00.000Z,2026-09-14T00:00:00.000Z,CIC starter database | Private Events | LinkedIn | Learn
466,completed_without_short_link,CIC,LinkedIn,social,WeddingsAndEvents,WeddingsAndEvents,LinkedIn,Social,WeddingsAndEvents,PrivateEvents,Explore,https://www.castleintheclouds.org/private-events/,https://www.castleintheclouds.org/private-events/?utm_source=LinkedIn&utm_medium=Social&utm_campaign=WeddingsAndEvents&utm_term=PrivateEvents&utm_content=Explore,,,1,2026-09-14T00:00:00.000Z,2026-09-14T00:00:00.000Z,CIC starter database | Private Events | LinkedIn | Explore
467,completed_without_short_link,CIC,LinkedIn,social,WeddingsAndEvents,WeddingsAndEvents,LinkedIn,Social,WeddingsAndEvents,PrivateEvents,,https://www.castleintheclouds.org/private-events/,https://www.castleintheclouds.org/private-events/?utm_source=LinkedIn&utm_medium=Social&utm_campaign=WeddingsAndEvents&utm_term=PrivateEvents,,,1,2026-09-14T00:00:00.000Z,2026-09-14T00:00:00.000Z,CIC starter database | Private Events | LinkedIn | {null}
468,completed_without_short_link,CIC,ConstantContact,email,WeddingsAndEvents,WeddingsAndEvents,ConstantContact,Email,WeddingsAndEvents,PrivateEvents,Learn,https://www.castleintheclouds.org/private-events/,https://www.castleintheclouds.org/private-events/?utm_source=ConstantContact&utm_medium=Email&utm_campaign=WeddingsAndEvents&utm_term=PrivateEvents&utm_content=Learn,,,1,2026-09-14T00:00:00.000Z,2026-09-14T00:00:00.000Z,CIC starter database | Private Events | ConstantContact | Learn
469,completed_without_short_link,CIC,ConstantContact,email,WeddingsAndEvents,WeddingsAndEvents,ConstantContact,Email,WeddingsAndEvents,PrivateEvents,Explore,https://www.castleintheclouds.org/private-events/,https://www.castleintheclouds.org/private-events/?utm_source=ConstantContact&utm_medium=Email&utm_campaign=WeddingsAndEvents&utm_term=PrivateEvents&utm_content=Explore,,,1,2026-09-14T00:00:00.000Z,2026-09-14T00:00:00.000Z,CIC starter database | Private Events | ConstantContact | Explore
470,completed_without_short_link,CIC,ConstantContact,email,WeddingsAndEvents,WeddingsAndEvents,ConstantContact,Email,WeddingsAndEvents,PrivateEvents,,https://www.castleintheclouds.org/private-events/,https://www.castleintheclouds.org/private-events/?utm_source=ConstantContact&utm_medium=Email&utm_campaign=WeddingsAndEvents&utm_term=PrivateEvents,,,1,2026-09-14T00:00:00.000Z,2026-09-14T00:00:00.000Z,CIC starter database | Private Events | ConstantContact | {null}
471,completed_without_short_link,CIC,Facebook,social,WeddingsAndEvents,WeddingsAndEvents,Facebook,Social,WeddingsAndEvents,CorporateMeetings,Learn,https://www.castleintheclouds.org/corporate-meetings/,https://www.castleintheclouds.org/corporate-meetings/?utm_source=Facebook&utm_medium=Social&utm_campaign=WeddingsAndEvents&utm_term=CorporateMeetings&utm_content=Learn,,,1,2026-09-14T00:00:00.000Z,2026-09-14T00:00:00.000Z,CIC starter database | Corporate Meetings | Facebook | Learn
472,completed_without_short_link,CIC,Facebook,social,WeddingsAndEvents,WeddingsAndEvents,Facebook,Social,WeddingsAndEvents,CorporateMeetings,Explore,https://www.castleintheclouds.org/corporate-meetings/,https://www.castleintheclouds.org/corporate-meetings/?utm_source=Facebook&utm_medium=Social&utm_campaign=WeddingsAndEvents&utm_term=CorporateMeetings&utm_content=Explore,,,1,2026-09-14T00:00:00.000Z,2026-09-14T00:00:00.000Z,CIC starter database | Corporate Meetings | Facebook | Explore
473,completed_without_short_link,CIC,Facebook,social,WeddingsAndEvents,WeddingsAndEvents,Facebook,Social,WeddingsAndEvents,CorporateMeetings,,https://www.castleintheclouds.org/corporate-meetings/,https://www.castleintheclouds.org/corporate-meetings/?utm_source=Facebook&utm_medium=Social&utm_campaign=WeddingsAndEvents&utm_term=CorporateMeetings,,,1,2026-09-14T00:00:00.000Z,2026-09-14T00:00:00.000Z,CIC starter database | Corporate Meetings | Facebook | {null}
474,completed_without_short_link,CIC,GMB,social,WeddingsAndEvents,WeddingsAndEvents,GMB,Social,WeddingsAndEvents,CorporateMeetings,Learn,https://www.castleintheclouds.org/corporate-meetings/,https://www.castleintheclouds.org/corporate-meetings/?utm_source=GMB&utm_medium=Social&utm_campaign=WeddingsAndEvents&utm_term=CorporateMeetings&utm_content=Learn,,,1,2026-09-14T00:00:00.000Z,2026-09-14T00:00:00.000Z,CIC starter database | Corporate Meetings | GMB | Learn
475,completed_without_short_link,CIC,GMB,social,WeddingsAndEvents,WeddingsAndEvents,GMB,Social,WeddingsAndEvents,CorporateMeetings,Explore,https://www.castleintheclouds.org/corporate-meetings/,https://www.castleintheclouds.org/corporate-meetings/?utm_source=GMB&utm_medium=Social&utm_campaign=WeddingsAndEvents&utm_term=CorporateMeetings&utm_content=Explore,,,1,2026-09-14T00:00:00.000Z,2026-09-14T00:00:00.000Z,CIC starter database | Corporate Meetings | GMB | Explore
476,completed_without_short_link,CIC,GMB,social,WeddingsAndEvents,WeddingsAndEvents,GMB,Social,WeddingsAndEvents,CorporateMeetings,,https://www.castleintheclouds.org/corporate-meetings/,https://www.castleintheclouds.org/corporate-meetings/?utm_source=GMB&utm_medium=Social&utm_campaign=WeddingsAndEvents&utm_term=CorporateMeetings,,,1,2026-09-14T00:00:00.000Z,2026-09-14T00:00:00.000Z,CIC starter database | Corporate Meetings | GMB | {null}
477,completed_without_short_link,CIC,Instagram,social,WeddingsAndEvents,WeddingsAndEvents,Instagram,Social,WeddingsAndEvents,CorporateMeetings,Learn,https://www.castleintheclouds.org/corporate-meetings/,https://www.castleintheclouds.org/corporate-meetings/?utm_source=Instagram&utm_medium=Social&utm_campaign=WeddingsAndEvents&utm_term=CorporateMeetings&utm_content=Learn,,,1,2026-09-14T00:00:00.000Z,2026-09-14T00:00:00.000Z,CIC starter database | Corporate Meetings | Instagram | Learn
478,completed_without_short_link,CIC,Instagram,social,WeddingsAndEvents,WeddingsAndEvents,Instagram,Social,WeddingsAndEvents,CorporateMeetings,Explore,https://www.castleintheclouds.org/corporate-meetings/,https://www.castleintheclouds.org/corporate-meetings/?utm_source=Instagram&utm_medium=Social&utm_campaign=WeddingsAndEvents&utm_term=CorporateMeetings&utm_content=Explore,,,1,2026-09-14T00:00:00.000Z,2026-09-14T00:00:00.000Z,CIC starter database | Corporate Meetings | Instagram | Explore
479,completed_without_short_link,CIC,Instagram,social,WeddingsAndEvents,WeddingsAndEvents,Instagram,Social,WeddingsAndEvents,CorporateMeetings,,https://www.castleintheclouds.org/corporate-meetings/,https://www.castleintheclouds.org/corporate-meetings/?utm_source=Instagram&utm_medium=Social&utm_campaign=WeddingsAndEvents&utm_term=CorporateMeetings,,,1,2026-09-14T00:00:00.000Z,2026-09-14T00:00:00.000Z,CIC starter database | Corporate Meetings | Instagram | {null}
480,completed_without_short_link,CIC,LinkedIn,social,WeddingsAndEvents,WeddingsAndEvents,LinkedIn,Social,WeddingsAndEvents,CorporateMeetings,Learn,https://www.castleintheclouds.org/corporate-meetings/,https://www.castleintheclouds.org/corporate-meetings/?utm_source=LinkedIn&utm_medium=Social&utm_campaign=WeddingsAndEvents&utm_term=CorporateMeetings&utm_content=Learn,,,1,2026-09-14T00:00:00.000Z,2026-09-14T00:00:00.000Z,CIC starter database | Corporate Meetings | LinkedIn | Learn
481,completed_without_short_link,CIC,LinkedIn,social,WeddingsAndEvents,WeddingsAndEvents,LinkedIn,Social,WeddingsAndEvents,CorporateMeetings,Explore,https://www.castleintheclouds.org/corporate-meetings/,https://www.castleintheclouds.org/corporate-meetings/?utm_source=LinkedIn&utm_medium=Social&utm_campaign=WeddingsAndEvents&utm_term=CorporateMeetings&utm_content=Explore,,,1,2026-09-14T00:00:00.000Z,2026-09-14T00:00:00.000Z,CIC starter database | Corporate Meetings | LinkedIn | Explore
482,completed_without_short_link,CIC,LinkedIn,social,WeddingsAndEvents,WeddingsAndEvents,LinkedIn,Social,WeddingsAndEvents,CorporateMeetings,,https://www.castleintheclouds.org/corporate-meetings/,https://www.castleintheclouds.org/corporate-meetings/?utm_source=LinkedIn&utm_medium=Social&utm_campaign=WeddingsAndEvents&utm_term=CorporateMeetings,,,1,2026-09-14T00:00:00.000Z,2026-09-14T00:00:00.000Z,CIC starter database | Corporate Meetings | LinkedIn | {null}
483,completed_without_short_link,CIC,ConstantContact,email,WeddingsAndEvents,WeddingsAndEvents,ConstantContact,Email,WeddingsAndEvents,CorporateMeetings,Learn,https://www.castleintheclouds.org/corporate-meetings/,https://www.castleintheclouds.org/corporate-meetings/?utm_source=ConstantContact&utm_medium=Email&utm_campaign=WeddingsAndEvents&utm_term=CorporateMeetings&utm_content=Learn,,,1,2026-09-14T00:00:00.000Z,2026-09-14T00:00:00.000Z,CIC starter database | Corporate Meetings | ConstantContact | Learn
484,completed_without_short_link,CIC,ConstantContact,email,WeddingsAndEvents,WeddingsAndEvents,ConstantContact,Email,WeddingsAndEvents,CorporateMeetings,Explore,https://www.castleintheclouds.org/corporate-meetings/,https://www.castleintheclouds.org/corporate-meetings/?utm_source=ConstantContact&utm_medium=Email&utm_campaign=WeddingsAndEvents&utm_term=CorporateMeetings&utm_content=Explore,,,1,2026-09-14T00:00:00.000Z,2026-09-14T00:00:00.000Z,CIC starter database | Corporate Meetings | ConstantContact | Explore
485,completed_without_short_link,CIC,ConstantContact,email,WeddingsAndEvents,WeddingsAndEvents,ConstantContact,Email,WeddingsAndEvents,CorporateMeetings,,https://www.castleintheclouds.org/corporate-meetings/,https://www.castleintheclouds.org/corporate-meetings/?utm_source=ConstantContact&utm_medium=Email&utm_campaign=WeddingsAndEvents&utm_term=CorporateMeetings,,,1,2026-09-14T00:00:00.000Z,2026-09-14T00:00:00.000Z,CIC starter database | Corporate Meetings | ConstantContact | {null}
486,completed_without_short_link,CIC,Facebook,social,WeddingsAndEvents,WeddingsAndEvents,Facebook,Social,WeddingsAndEvents,EventSpaces,Learn,https://www.castleintheclouds.org/venue-locations/,https://www.castleintheclouds.org/venue-locations/?utm_source=Facebook&utm_medium=Social&utm_campaign=WeddingsAndEvents&utm_term=EventSpaces&utm_content=Learn,,,1,2026-09-14T00:00:00.000Z,2026-09-14T00:00:00.000Z,CIC starter database | Event Spaces | Facebook | Learn
487,completed_without_short_link,CIC,Facebook,social,WeddingsAndEvents,WeddingsAndEvents,Facebook,Social,WeddingsAndEvents,EventSpaces,Explore,https://www.castleintheclouds.org/venue-locations/,https://www.castleintheclouds.org/venue-locations/?utm_source=Facebook&utm_medium=Social&utm_campaign=WeddingsAndEvents&utm_term=EventSpaces&utm_content=Explore,,,1,2026-09-14T00:00:00.000Z,2026-09-14T00:00:00.000Z,CIC starter database | Event Spaces | Facebook | Explore
488,completed_without_short_link,CIC,Facebook,social,WeddingsAndEvents,WeddingsAndEvents,Facebook,Social,WeddingsAndEvents,EventSpaces,,https://www.castleintheclouds.org/venue-locations/,https://www.castleintheclouds.org/venue-locations/?utm_source=Facebook&utm_medium=Social&utm_campaign=WeddingsAndEvents&utm_term=EventSpaces,,,1,2026-09-14T00:00:00.000Z,2026-09-14T00:00:00.000Z,CIC starter database | Event Spaces | Facebook | {null}
489,completed_without_short_link,CIC,GMB,social,WeddingsAndEvents,WeddingsAndEvents,GMB,Social,WeddingsAndEvents,EventSpaces,Learn,https://www.castleintheclouds.org/venue-locations/,https://www.castleintheclouds.org/venue-locations/?utm_source=GMB&utm_medium=Social&utm_campaign=WeddingsAndEvents&utm_term=EventSpaces&utm_content=Learn,,,1,2026-09-14T00:00:00.000Z,2026-09-14T00:00:00.000Z,CIC starter database | Event Spaces | GMB | Learn
490,completed_without_short_link,CIC,GMB,social,WeddingsAndEvents,WeddingsAndEvents,GMB,Social,WeddingsAndEvents,EventSpaces,Explore,https://www.castleintheclouds.org/venue-locations/,https://www.castleintheclouds.org/venue-locations/?utm_source=GMB&utm_medium=Social&utm_campaign=WeddingsAndEvents&utm_term=EventSpaces&utm_content=Explore,,,1,2026-09-14T00:00:00.000Z,2026-09-14T00:00:00.000Z,CIC starter database | Event Spaces | GMB | Explore
491,completed_without_short_link,CIC,GMB,social,WeddingsAndEvents,WeddingsAndEvents,GMB,Social,WeddingsAndEvents,EventSpaces,,https://www.castleintheclouds.org/venue-locations/,https://www.castleintheclouds.org/venue-locations/?utm_source=GMB&utm_medium=Social&utm_campaign=WeddingsAndEvents&utm_term=EventSpaces,,,1,2026-09-14T00:00:00.000Z,2026-09-14T00:00:00.000Z,CIC starter database | Event Spaces | GMB | {null}
492,completed_without_short_link,CIC,Instagram,social,WeddingsAndEvents,WeddingsAndEvents,Instagram,Social,WeddingsAndEvents,EventSpaces,Learn,https://www.castleintheclouds.org/venue-locations/,https://www.castleintheclouds.org/venue-locations/?utm_source=Instagram&utm_medium=Social&utm_campaign=WeddingsAndEvents&utm_term=EventSpaces&utm_content=Learn,,,1,2026-09-14T00:00:00.000Z,2026-09-14T00:00:00.000Z,CIC starter database | Event Spaces | Instagram | Learn
493,completed_without_short_link,CIC,Instagram,social,WeddingsAndEvents,WeddingsAndEvents,Instagram,Social,WeddingsAndEvents,EventSpaces,Explore,https://www.castleintheclouds.org/venue-locations/,https://www.castleintheclouds.org/venue-locations/?utm_source=Instagram&utm_medium=Social&utm_campaign=WeddingsAndEvents&utm_term=EventSpaces&utm_content=Explore,,,1,2026-09-14T00:00:00.000Z,2026-09-14T00:00:00.000Z,CIC starter database | Event Spaces | Instagram | Explore
494,completed_without_short_link,CIC,Instagram,social,WeddingsAndEvents,WeddingsAndEvents,Instagram,Social,WeddingsAndEvents,EventSpaces,,https://www.castleintheclouds.org/venue-locations/,https://www.castleintheclouds.org/venue-locations/?utm_source=Instagram&utm_medium=Social&utm_campaign=WeddingsAndEvents&utm_term=EventSpaces,,,1,2026-09-14T00:00:00.000Z,2026-09-14T00:00:00.000Z,CIC starter database | Event Spaces | Instagram | {null}
495,completed_without_short_link,CIC,LinkedIn,social,WeddingsAndEvents,WeddingsAndEvents,LinkedIn,Social,WeddingsAndEvents,EventSpaces,Learn,https://www.castleintheclouds.org/venue-locations/,https://www.castleintheclouds.org/venue-locations/?utm_source=LinkedIn&utm_medium=Social&utm_campaign=WeddingsAndEvents&utm_term=EventSpaces&utm_content=Learn,,,1,2026-09-14T00:00:00.000Z,2026-09-14T00:00:00.000Z,CIC starter database | Event Spaces | LinkedIn | Learn
496,completed_without_short_link,CIC,LinkedIn,social,WeddingsAndEvents,WeddingsAndEvents,LinkedIn,Social,WeddingsAndEvents,EventSpaces,Explore,https://www.castleintheclouds.org/venue-locations/,https://www.castleintheclouds.org/venue-locations/?utm_source=LinkedIn&utm_medium=Social&utm_campaign=WeddingsAndEvents&utm_term=EventSpaces&utm_content=Explore,,,1,2026-09-14T00:00:00.000Z,2026-09-14T00:00:00.000Z,CIC starter database | Event Spaces | LinkedIn | Explore
497,completed_without_short_link,CIC,LinkedIn,social,WeddingsAndEvents,WeddingsAndEvents,LinkedIn,Social,WeddingsAndEvents,EventSpaces,,https://www.castleintheclouds.org/venue-locations/,https://www.castleintheclouds.org/venue-locations/?utm_source=LinkedIn&utm_medium=Social&utm_campaign=WeddingsAndEvents&utm_term=EventSpaces,,,1,2026-09-14T00:00:00.000Z,2026-09-14T00:00:00.000Z,CIC starter database | Event Spaces | LinkedIn | {null}
498,completed_without_short_link,CIC,ConstantContact,email,WeddingsAndEvents,WeddingsAndEvents,ConstantContact,Email,WeddingsAndEvents,EventSpaces,Learn,https://www.castleintheclouds.org/venue-locations/,https://www.castleintheclouds.org/venue-locations/?utm_source=ConstantContact&utm_medium=Email&utm_campaign=WeddingsAndEvents&utm_term=EventSpaces&utm_content=Learn,,,1,2026-09-14T00:00:00.000Z,2026-09-14T00:00:00.000Z,CIC starter database | Event Spaces | ConstantContact | Learn
499,completed_without_short_link,CIC,ConstantContact,email,WeddingsAndEvents,WeddingsAndEvents,ConstantContact,Email,WeddingsAndEvents,EventSpaces,Explore,https://www.castleintheclouds.org/venue-locations/,https://www.castleintheclouds.org/venue-locations/?utm_source=ConstantContact&utm_medium=Email&utm_campaign=WeddingsAndEvents&utm_term=EventSpaces&utm_content=Explore,,,1,2026-09-14T00:00:00.000Z,2026-09-14T00:00:00.000Z,CIC starter database | Event Spaces | ConstantContact | Explore
500,completed_without_short_link,CIC,ConstantContact,email,WeddingsAndEvents,WeddingsAndEvents,ConstantContact,Email,WeddingsAndEvents,EventSpaces,,https://www.castleintheclouds.org/venue-locations/,https://www.castleintheclouds.org/venue-locations/?utm_source=ConstantContact&utm_medium=Email&utm_campaign=WeddingsAndEvents&utm_term=EventSpaces,,,1,2026-09-14T00:00:00.000Z,2026-09-14T00:00:00.000Z,CIC starter database | Event Spaces | ConstantContact | {null}
501,completed_without_short_link,CIC,Facebook,social,Support,Support,Facebook,Social,Support,Donate,Support,https://www.castleintheclouds.org/donate/,https://www.castleintheclouds.org/donate/?utm_source=Facebook&utm_medium=Social&utm_campaign=Support&utm_term=Donate&utm_content=Support,,,1,2026-09-14T00:00:00.000Z,2026-09-14T00:00:00.000Z,CIC starter database | Donate | Facebook | Support
502,completed_without_short_link,CIC,Facebook,social,Support,Support,Facebook,Social,Support,Donate,Learn,https://www.castleintheclouds.org/donate/,https://www.castleintheclouds.org/donate/?utm_source=Facebook&utm_medium=Social&utm_campaign=Support&utm_term=Donate&utm_content=Learn,,,1,2026-09-14T00:00:00.000Z,2026-09-14T00:00:00.000Z,CIC starter database | Donate | Facebook | Learn
503,completed_without_short_link,CIC,Facebook,social,Support,Support,Facebook,Social,Support,Donate,Donate,https://www.castleintheclouds.org/donate/,https://www.castleintheclouds.org/donate/?utm_source=Facebook&utm_medium=Social&utm_campaign=Support&utm_term=Donate&utm_content=Donate,,,1,2026-09-14T00:00:00.000Z,2026-09-14T00:00:00.000Z,CIC starter database | Donate | Facebook | Donate
504,completed_without_short_link,CIC,Facebook,social,Support,Support,Facebook,Social,Support,Donate,,https://www.castleintheclouds.org/donate/,https://www.castleintheclouds.org/donate/?utm_source=Facebook&utm_medium=Social&utm_campaign=Support&utm_term=Donate,,,1,2026-09-14T00:00:00.000Z,2026-09-14T00:00:00.000Z,CIC starter database | Donate | Facebook | {null}
505,completed_without_short_link,CIC,GMB,social,Support,Support,GMB,Social,Support,Donate,Support,https://www.castleintheclouds.org/donate/,https://www.castleintheclouds.org/donate/?utm_source=GMB&utm_medium=Social&utm_campaign=Support&utm_term=Donate&utm_content=Support,,,1,2026-09-14T00:00:00.000Z,2026-09-14T00:00:00.000Z,CIC starter database | Donate | GMB | Support
506,completed_without_short_link,CIC,GMB,social,Support,Support,GMB,Social,Support,Donate,Learn,https://www.castleintheclouds.org/donate/,https://www.castleintheclouds.org/donate/?utm_source=GMB&utm_medium=Social&utm_campaign=Support&utm_term=Donate&utm_content=Learn,,,1,2026-09-14T00:00:00.000Z,2026-09-14T00:00:00.000Z,CIC starter database | Donate | GMB | Learn
507,completed_without_short_link,CIC,GMB,social,Support,Support,GMB,Social,Support,Donate,Donate,https://www.castleintheclouds.org/donate/,https://www.castleintheclouds.org/donate/?utm_source=GMB&utm_medium=Social&utm_campaign=Support&utm_term=Donate&utm_content=Donate,,,1,2026-09-14T00:00:00.000Z,2026-09-14T00:00:00.000Z,CIC starter database | Donate | GMB | Donate
508,completed_without_short_link,CIC,GMB,social,Support,Support,GMB,Social,Support,Donate,,https://www.castleintheclouds.org/donate/,https://www.castleintheclouds.org/donate/?utm_source=GMB&utm_medium=Social&utm_campaign=Support&utm_term=Donate,,,1,2026-09-14T00:00:00.000Z,2026-09-14T00:00:00.000Z,CIC starter database | Donate | GMB | {null}
509,completed_without_short_link,CIC,Instagram,social,Support,Support,Instagram,Social,Support,Donate,Support,https://www.castleintheclouds.org/donate/,https://www.castleintheclouds.org/donate/?utm_source=Instagram&utm_medium=Social&utm_campaign=Support&utm_term=Donate&utm_content=Support,,,1,2026-09-14T00:00:00.000Z,2026-09-14T00:00:00.000Z,CIC starter database | Donate | Instagram | Support
510,completed_without_short_link,CIC,Instagram,social,Support,Support,Instagram,Social,Support,Donate,Learn,https://www.castleintheclouds.org/donate/,https://www.castleintheclouds.org/donate/?utm_source=Instagram&utm_medium=Social&utm_campaign=Support&utm_term=Donate&utm_content=Learn,,,1,2026-09-14T00:00:00.000Z,2026-09-14T00:00:00.000Z,CIC starter database | Donate | Instagram | Learn
511,completed_without_short_link,CIC,Instagram,social,Support,Support,Instagram,Social,Support,Donate,Donate,https://www.castleintheclouds.org/donate/,https://www.castleintheclouds.org/donate/?utm_source=Instagram&utm_medium=Social&utm_campaign=Support&utm_term=Donate&utm_content=Donate,,,1,2026-09-14T00:00:00.000Z,2026-09-14T00:00:00.000Z,CIC starter database | Donate | Instagram | Donate
512,completed_without_short_link,CIC,Instagram,social,Support,Support,Instagram,Social,Support,Donate,,https://www.castleintheclouds.org/donate/,https://www.castleintheclouds.org/donate/?utm_source=Instagram&utm_medium=Social&utm_campaign=Support&utm_term=Donate,,,1,2026-09-14T00:00:00.000Z,2026-09-14T00:00:00.000Z,CIC starter database | Donate | Instagram | {null}
513,completed_without_short_link,CIC,LinkedIn,social,Support,Support,LinkedIn,Social,Support,Donate,Support,https://www.castleintheclouds.org/donate/,https://www.castleintheclouds.org/donate/?utm_source=LinkedIn&utm_medium=Social&utm_campaign=Support&utm_term=Donate&utm_content=Support,,,1,2026-09-14T00:00:00.000Z,2026-09-14T00:00:00.000Z,CIC starter database | Donate | LinkedIn | Support
514,completed_without_short_link,CIC,LinkedIn,social,Support,Support,LinkedIn,Social,Support,Donate,Learn,https://www.castleintheclouds.org/donate/,https://www.castleintheclouds.org/donate/?utm_source=LinkedIn&utm_medium=Social&utm_campaign=Support&utm_term=Donate&utm_content=Learn,,,1,2026-09-14T00:00:00.000Z,2026-09-14T00:00:00.000Z,CIC starter database | Donate | LinkedIn | Learn
515,completed_without_short_link,CIC,LinkedIn,social,Support,Support,LinkedIn,Social,Support,Donate,Donate,https://www.castleintheclouds.org/donate/,https://www.castleintheclouds.org/donate/?utm_source=LinkedIn&utm_medium=Social&utm_campaign=Support&utm_term=Donate&utm_content=Donate,,,1,2026-09-14T00:00:00.000Z,2026-09-14T00:00:00.000Z,CIC starter database | Donate | LinkedIn | Donate
516,completed_without_short_link,CIC,LinkedIn,social,Support,Support,LinkedIn,Social,Support,Donate,,https://www.castleintheclouds.org/donate/,https://www.castleintheclouds.org/donate/?utm_source=LinkedIn&utm_medium=Social&utm_campaign=Support&utm_term=Donate,,,1,2026-09-14T00:00:00.000Z,2026-09-14T00:00:00.000Z,CIC starter database | Donate | LinkedIn | {null}
517,completed_without_short_link,CIC,ConstantContact,email,Support,Support,ConstantContact,Email,Support,Donate,Support,https://www.castleintheclouds.org/donate/,https://www.castleintheclouds.org/donate/?utm_source=ConstantContact&utm_medium=Email&utm_campaign=Support&utm_term=Donate&utm_content=Support,,,1,2026-09-14T00:00:00.000Z,2026-09-14T00:00:00.000Z,CIC starter database | Donate | ConstantContact | Support
518,completed_without_short_link,CIC,ConstantContact,email,Support,Support,ConstantContact,Email,Support,Donate,Learn,https://www.castleintheclouds.org/donate/,https://www.castleintheclouds.org/donate/?utm_source=ConstantContact&utm_medium=Email&utm_campaign=Support&utm_term=Donate&utm_content=Learn,,,1,2026-09-14T00:00:00.000Z,2026-09-14T00:00:00.000Z,CIC starter database | Donate | ConstantContact | Learn
519,completed_without_short_link,CIC,ConstantContact,email,Support,Support,ConstantContact,Email,Support,Donate,Donate,https://www.castleintheclouds.org/donate/,https://www.castleintheclouds.org/donate/?utm_source=ConstantContact&utm_medium=Email&utm_campaign=Support&utm_term=Donate&utm_content=Donate,,,1,2026-09-14T00:00:00.000Z,2026-09-14T00:00:00.000Z,CIC starter database | Donate | ConstantContact | Donate
520,completed_without_short_link,CIC,ConstantContact,email,Support,Support,ConstantContact,Email,Support,Donate,,https://www.castleintheclouds.org/donate/,https://www.castleintheclouds.org/donate/?utm_source=ConstantContact&utm_medium=Email&utm_campaign=Support&utm_term=Donate,,,1,2026-09-14T00:00:00.000Z,2026-09-14T00:00:00.000Z,CIC starter database | Donate | ConstantContact | {null}
521,completed_without_short_link,CIC,Facebook,social,Support,Support,Facebook,Social,Support,BecomeAMember,Support,https://www.castleintheclouds.org/membership/,https://www.castleintheclouds.org/membership/?utm_source=Facebook&utm_medium=Social&utm_campaign=Support&utm_term=BecomeAMember&utm_content=Support,,,1,2026-09-14T00:00:00.000Z,2026-09-14T00:00:00.000Z,CIC starter database | Become a Member | Facebook | Support
522,completed_without_short_link,CIC,Facebook,social,Support,Support,Facebook,Social,Support,BecomeAMember,Learn,https://www.castleintheclouds.org/membership/,https://www.castleintheclouds.org/membership/?utm_source=Facebook&utm_medium=Social&utm_campaign=Support&utm_term=BecomeAMember&utm_content=Learn,,,1,2026-09-14T00:00:00.000Z,2026-09-14T00:00:00.000Z,CIC starter database | Become a Member | Facebook | Learn
523,completed_without_short_link,CIC,Facebook,social,Support,Support,Facebook,Social,Support,BecomeAMember,Join,https://www.castleintheclouds.org/membership/,https://www.castleintheclouds.org/membership/?utm_source=Facebook&utm_medium=Social&utm_campaign=Support&utm_term=BecomeAMember&utm_content=Join,,,1,2026-09-14T00:00:00.000Z,2026-09-14T00:00:00.000Z,CIC starter database | Become a Member | Facebook | Join
524,completed_without_short_link,CIC,Facebook,social,Support,Support,Facebook,Social,Support,BecomeAMember,,https://www.castleintheclouds.org/membership/,https://www.castleintheclouds.org/membership/?utm_source=Facebook&utm_medium=Social&utm_campaign=Support&utm_term=BecomeAMember,,,1,2026-09-14T00:00:00.000Z,2026-09-14T00:00:00.000Z,CIC starter database | Become a Member | Facebook | {null}
525,completed_without_short_link,CIC,GMB,social,Support,Support,GMB,Social,Support,BecomeAMember,Support,https://www.castleintheclouds.org/membership/,https://www.castleintheclouds.org/membership/?utm_source=GMB&utm_medium=Social&utm_campaign=Support&utm_term=BecomeAMember&utm_content=Support,,,1,2026-09-14T00:00:00.000Z,2026-09-14T00:00:00.000Z,CIC starter database | Become a Member | GMB | Support
526,completed_without_short_link,CIC,GMB,social,Support,Support,GMB,Social,Support,BecomeAMember,Learn,https://www.castleintheclouds.org/membership/,https://www.castleintheclouds.org/membership/?utm_source=GMB&utm_medium=Social&utm_campaign=Support&utm_term=BecomeAMember&utm_content=Learn,,,1,2026-09-14T00:00:00.000Z,2026-09-14T00:00:00.000Z,CIC starter database | Become a Member | GMB | Learn
527,completed_without_short_link,CIC,GMB,social,Support,Support,GMB,Social,Support,BecomeAMember,Join,https://www.castleintheclouds.org/membership/,https://www.castleintheclouds.org/membership/?utm_source=GMB&utm_medium=Social&utm_campaign=Support&utm_term=BecomeAMember&utm_content=Join,,,1,2026-09-14T00:00:00.000Z,2026-09-14T00:00:00.000Z,CIC starter database | Become a Member | GMB | Join
528,completed_without_short_link,CIC,GMB,social,Support,Support,GMB,Social,Support,BecomeAMember,,https://www.castleintheclouds.org/membership/,https://www.castleintheclouds.org/membership/?utm_source=GMB&utm_medium=Social&utm_campaign=Support&utm_term=BecomeAMember,,,1,2026-09-14T00:00:00.000Z,2026-09-14T00:00:00.000Z,CIC starter database | Become a Member | GMB | {null}
529,completed_without_short_link,CIC,Instagram,social,Support,Support,Instagram,Social,Support,BecomeAMember,Support,https://www.castleintheclouds.org/membership/,https://www.castleintheclouds.org/membership/?utm_source=Instagram&utm_medium=Social&utm_campaign=Support&utm_term=BecomeAMember&utm_content=Support,,,1,2026-09-14T00:00:00.000Z,2026-09-14T00:00:00.000Z,CIC starter database | Become a Member | Instagram | Support
530,completed_without_short_link,CIC,Instagram,social,Support,Support,Instagram,Social,Support,BecomeAMember,Learn,https://www.castleintheclouds.org/membership/,https://www.castleintheclouds.org/membership/?utm_source=Instagram&utm_medium=Social&utm_campaign=Support&utm_term=BecomeAMember&utm_content=Learn,,,1,2026-09-14T00:00:00.000Z,2026-09-14T00:00:00.000Z,CIC starter database | Become a Member | Instagram | Learn
531,completed_without_short_link,CIC,Instagram,social,Support,Support,Instagram,Social,Support,BecomeAMember,Join,https://www.castleintheclouds.org/membership/,https://www.castleintheclouds.org/membership/?utm_source=Instagram&utm_medium=Social&utm_campaign=Support&utm_term=BecomeAMember&utm_content=Join,,,1,2026-09-14T00:00:00.000Z,2026-09-14T00:00:00.000Z,CIC starter database | Become a Member | Instagram | Join
532,completed_without_short_link,CIC,Instagram,social,Support,Support,Instagram,Social,Support,BecomeAMember,,https://www.castleintheclouds.org/membership/,https://www.castleintheclouds.org/membership/?utm_source=Instagram&utm_medium=Social&utm_campaign=Support&utm_term=BecomeAMember,,,1,2026-09-14T00:00:00.000Z,2026-09-14T00:00:00.000Z,CIC starter database | Become a Member | Instagram | {null}
533,completed_without_short_link,CIC,LinkedIn,social,Support,Support,LinkedIn,Social,Support,BecomeAMember,Support,https://www.castleintheclouds.org/membership/,https://www.castleintheclouds.org/membership/?utm_source=LinkedIn&utm_medium=Social&utm_campaign=Support&utm_term=BecomeAMember&utm_content=Support,,,1,2026-09-14T00:00:00.000Z,2026-09-14T00:00:00.000Z,CIC starter database | Become a Member | LinkedIn | Support
534,completed_without_short_link,CIC,LinkedIn,social,Support,Support,LinkedIn,Social,Support,BecomeAMember,Learn,https://www.castleintheclouds.org/membership/,https://www.castleintheclouds.org/membership/?utm_source=LinkedIn&utm_medium=Social&utm_campaign=Support&utm_term=BecomeAMember&utm_content=Learn,,,1,2026-09-14T00:00:00.000Z,2026-09-14T00:00:00.000Z,CIC starter database | Become a Member | LinkedIn | Learn
535,completed_without_short_link,CIC,LinkedIn,social,Support,Support,LinkedIn,Social,Support,BecomeAMember,Join,https://www.castleintheclouds.org/membership/,https://www.castleintheclouds.org/membership/?utm_source=LinkedIn&utm_medium=Social&utm_campaign=Support&utm_term=BecomeAMember&utm_content=Join,,,1,2026-09-14T00:00:00.000Z,2026-09-14T00:00:00.000Z,CIC starter database | Become a Member | LinkedIn | Join
536,completed_without_short_link,CIC,LinkedIn,social,Support,Support,LinkedIn,Social,Support,BecomeAMember,,https://www.castleintheclouds.org/membership/,https://www.castleintheclouds.org/membership/?utm_source=LinkedIn&utm_medium=Social&utm_campaign=Support&utm_term=BecomeAMember,,,1,2026-09-14T00:00:00.000Z,2026-09-14T00:00:00.000Z,CIC starter database | Become a Member | LinkedIn | {null}
537,completed_without_short_link,CIC,ConstantContact,email,Support,Support,ConstantContact,Email,Support,BecomeAMember,Support,https://www.castleintheclouds.org/membership/,https://www.castleintheclouds.org/membership/?utm_source=ConstantContact&utm_medium=Email&utm_campaign=Support&utm_term=BecomeAMember&utm_content=Support,,,1,2026-09-14T00:00:00.000Z,2026-09-14T00:00:00.000Z,CIC starter database | Become a Member | ConstantContact | Support
538,completed_without_short_link,CIC,ConstantContact,email,Support,Support,ConstantContact,Email,Support,BecomeAMember,Learn,https://www.castleintheclouds.org/membership/,https://www.castleintheclouds.org/membership/?utm_source=ConstantContact&utm_medium=Email&utm_campaign=Support&utm_term=BecomeAMember&utm_content=Learn,,,1,2026-09-14T00:00:00.000Z,2026-09-14T00:00:00.000Z,CIC starter database | Become a Member | ConstantContact | Learn
539,completed_without_short_link,CIC,ConstantContact,email,Support,Support,ConstantContact,Email,Support,BecomeAMember,Join,https://www.castleintheclouds.org/membership/,https://www.castleintheclouds.org/membership/?utm_source=ConstantContact&utm_medium=Email&utm_campaign=Support&utm_term=BecomeAMember&utm_content=Join,,,1,2026-09-14T00:00:00.000Z,2026-09-14T00:00:00.000Z,CIC starter database | Become a Member | ConstantContact | Join
540,completed_without_short_link,CIC,ConstantContact,email,Support,Support,ConstantContact,Email,Support,BecomeAMember,,https://www.castleintheclouds.org/membership/,https://www.castleintheclouds.org/membership/?utm_source=ConstantContact&utm_medium=Email&utm_campaign=Support&utm_term=BecomeAMember,,,1,2026-09-14T00:00:00.000Z,2026-09-14T00:00:00.000Z,CIC starter database | Become a Member | ConstantContact | {null}
541,completed_without_short_link,CIC,Facebook,social,Support,Support,Facebook,Social,Support,BecomeASponsor,Support,https://www.castleintheclouds.org/sponsor/,https://www.castleintheclouds.org/sponsor/?utm_source=Facebook&utm_medium=Social&utm_campaign=Support&utm_term=BecomeASponsor&utm_content=Support,,,1,2026-09-14T00:00:00.000Z,2026-09-14T00:00:00.000Z,CIC starter database | Become a Sponsor | Facebook | Support
542,completed_without_short_link,CIC,Facebook,social,Support,Support,Facebook,Social,Support,BecomeASponsor,Learn,https://www.castleintheclouds.org/sponsor/,https://www.castleintheclouds.org/sponsor/?utm_source=Facebook&utm_medium=Social&utm_campaign=Support&utm_term=BecomeASponsor&utm_content=Learn,,,1,2026-09-14T00:00:00.000Z,2026-09-14T00:00:00.000Z,CIC starter database | Become a Sponsor | Facebook | Learn
543,completed_without_short_link,CIC,Facebook,social,Support,Support,Facebook,Social,Support,BecomeASponsor,Sponsor,https://www.castleintheclouds.org/sponsor/,https://www.castleintheclouds.org/sponsor/?utm_source=Facebook&utm_medium=Social&utm_campaign=Support&utm_term=BecomeASponsor&utm_content=Sponsor,,,1,2026-09-14T00:00:00.000Z,2026-09-14T00:00:00.000Z,CIC starter database | Become a Sponsor | Facebook | Sponsor
544,completed_without_short_link,CIC,Facebook,social,Support,Support,Facebook,Social,Support,BecomeASponsor,,https://www.castleintheclouds.org/sponsor/,https://www.castleintheclouds.org/sponsor/?utm_source=Facebook&utm_medium=Social&utm_campaign=Support&utm_term=BecomeASponsor,,,1,2026-09-14T00:00:00.000Z,2026-09-14T00:00:00.000Z,CIC starter database | Become a Sponsor | Facebook | {null}
545,completed_without_short_link,CIC,GMB,social,Support,Support,GMB,Social,Support,BecomeASponsor,Support,https://www.castleintheclouds.org/sponsor/,https://www.castleintheclouds.org/sponsor/?utm_source=GMB&utm_medium=Social&utm_campaign=Support&utm_term=BecomeASponsor&utm_content=Support,,,1,2026-09-14T00:00:00.000Z,2026-09-14T00:00:00.000Z,CIC starter database | Become a Sponsor | GMB | Support
546,completed_without_short_link,CIC,GMB,social,Support,Support,GMB,Social,Support,BecomeASponsor,Learn,https://www.castleintheclouds.org/sponsor/,https://www.castleintheclouds.org/sponsor/?utm_source=GMB&utm_medium=Social&utm_campaign=Support&utm_term=BecomeASponsor&utm_content=Learn,,,1,2026-09-14T00:00:00.000Z,2026-09-14T00:00:00.000Z,CIC starter database | Become a Sponsor | GMB | Learn
547,completed_without_short_link,CIC,GMB,social,Support,Support,GMB,Social,Support,BecomeASponsor,Sponsor,https://www.castleintheclouds.org/sponsor/,https://www.castleintheclouds.org/sponsor/?utm_source=GMB&utm_medium=Social&utm_campaign=Support&utm_term=BecomeASponsor&utm_content=Sponsor,,,1,2026-09-14T00:00:00.000Z,2026-09-14T00:00:00.000Z,CIC starter database | Become a Sponsor | GMB | Sponsor
548,completed_without_short_link,CIC,GMB,social,Support,Support,GMB,Social,Support,BecomeASponsor,,https://www.castleintheclouds.org/sponsor/,https://www.castleintheclouds.org/sponsor/?utm_source=GMB&utm_medium=Social&utm_campaign=Support&utm_term=BecomeASponsor,,,1,2026-09-14T00:00:00.000Z,2026-09-14T00:00:00.000Z,CIC starter database | Become a Sponsor | GMB | {null}
549,completed_without_short_link,CIC,Instagram,social,Support,Support,Instagram,Social,Support,BecomeASponsor,Support,https://www.castleintheclouds.org/sponsor/,https://www.castleintheclouds.org/sponsor/?utm_source=Instagram&utm_medium=Social&utm_campaign=Support&utm_term=BecomeASponsor&utm_content=Support,,,1,2026-09-14T00:00:00.000Z,2026-09-14T00:00:00.000Z,CIC starter database | Become a Sponsor | Instagram | Support
550,completed_without_short_link,CIC,Instagram,social,Support,Support,Instagram,Social,Support,BecomeASponsor,Learn,https://www.castleintheclouds.org/sponsor/,https://www.castleintheclouds.org/sponsor/?utm_source=Instagram&utm_medium=Social&utm_campaign=Support&utm_term=BecomeASponsor&utm_content=Learn,,,1,2026-09-14T00:00:00.000Z,2026-09-14T00:00:00.000Z,CIC starter database | Become a Sponsor | Instagram | Learn
551,completed_without_short_link,CIC,Instagram,social,Support,Support,Instagram,Social,Support,BecomeASponsor,Sponsor,https://www.castleintheclouds.org/sponsor/,https://www.castleintheclouds.org/sponsor/?utm_source=Instagram&utm_medium=Social&utm_campaign=Support&utm_term=BecomeASponsor&utm_content=Sponsor,,,1,2026-09-14T00:00:00.000Z,2026-09-14T00:00:00.000Z,CIC starter database | Become a Sponsor | Instagram | Sponsor
552,completed_without_short_link,CIC,Instagram,social,Support,Support,Instagram,Social,Support,BecomeASponsor,,https://www.castleintheclouds.org/sponsor/,https://www.castleintheclouds.org/sponsor/?utm_source=Instagram&utm_medium=Social&utm_campaign=Support&utm_term=BecomeASponsor,,,1,2026-09-14T00:00:00.000Z,2026-09-14T00:00:00.000Z,CIC starter database | Become a Sponsor | Instagram | {null}
553,completed_without_short_link,CIC,LinkedIn,social,Support,Support,LinkedIn,Social,Support,BecomeASponsor,Support,https://www.castleintheclouds.org/sponsor/,https://www.castleintheclouds.org/sponsor/?utm_source=LinkedIn&utm_medium=Social&utm_campaign=Support&utm_term=BecomeASponsor&utm_content=Support,,,1,2026-09-14T00:00:00.000Z,2026-09-14T00:00:00.000Z,CIC starter database | Become a Sponsor | LinkedIn | Support
554,completed_without_short_link,CIC,LinkedIn,social,Support,Support,LinkedIn,Social,Support,BecomeASponsor,Learn,https://www.castleintheclouds.org/sponsor/,https://www.castleintheclouds.org/sponsor/?utm_source=LinkedIn&utm_medium=Social&utm_campaign=Support&utm_term=BecomeASponsor&utm_content=Learn,,,1,2026-09-14T00:00:00.000Z,2026-09-14T00:00:00.000Z,CIC starter database | Become a Sponsor | LinkedIn | Learn
555,completed_without_short_link,CIC,LinkedIn,social,Support,Support,LinkedIn,Social,Support,BecomeASponsor,Sponsor,https://www.castleintheclouds.org/sponsor/,https://www.castleintheclouds.org/sponsor/?utm_source=LinkedIn&utm_medium=Social&utm_campaign=Support&utm_term=BecomeASponsor&utm_content=Sponsor,,,1,2026-09-14T00:00:00.000Z,2026-09-14T00:00:00.000Z,CIC starter database | Become a Sponsor | LinkedIn | Sponsor
556,completed_without_short_link,CIC,LinkedIn,social,Support,Support,LinkedIn,Social,Support,BecomeASponsor,,https://www.castleintheclouds.org/sponsor/,https://www.castleintheclouds.org/sponsor/?utm_source=LinkedIn&utm_medium=Social&utm_campaign=Support&utm_term=BecomeASponsor,,,1,2026-09-14T00:00:00.000Z,2026-09-14T00:00:00.000Z,CIC starter database | Become a Sponsor | LinkedIn | {null}
557,completed_without_short_link,CIC,ConstantContact,email,Support,Support,ConstantContact,Email,Support,BecomeASponsor,Support,https://www.castleintheclouds.org/sponsor/,https://www.castleintheclouds.org/sponsor/?utm_source=ConstantContact&utm_medium=Email&utm_campaign=Support&utm_term=BecomeASponsor&utm_content=Support,,,1,2026-09-14T00:00:00.000Z,2026-09-14T00:00:00.000Z,CIC starter database | Become a Sponsor | ConstantContact | Support
558,completed_without_short_link,CIC,ConstantContact,email,Support,Support,ConstantContact,Email,Support,BecomeASponsor,Learn,https://www.castleintheclouds.org/sponsor/,https://www.castleintheclouds.org/sponsor/?utm_source=ConstantContact&utm_medium=Email&utm_campaign=Support&utm_term=BecomeASponsor&utm_content=Learn,,,1,2026-09-14T00:00:00.000Z,2026-09-14T00:00:00.000Z,CIC starter database | Become a Sponsor | ConstantContact | Learn
559,completed_without_short_link,CIC,ConstantContact,email,Support,Support,ConstantContact,Email,Support,BecomeASponsor,Sponsor,https://www.castleintheclouds.org/sponsor/,https://www.castleintheclouds.org/sponsor/?utm_source=ConstantContact&utm_medium=Email&utm_campaign=Support&utm_term=BecomeASponsor&utm_content=Sponsor,,,1,2026-09-14T00:00:00.000Z,2026-09-14T00:00:00.000Z,CIC starter database | Become a Sponsor | ConstantContact | Sponsor
560,completed_without_short_link,CIC,ConstantContact,email,Support,Support,ConstantContact,Email,Support,BecomeASponsor,,https://www.castleintheclouds.org/sponsor/,https://www.castleintheclouds.org/sponsor/?utm_source=ConstantContact&utm_medium=Email&utm_campaign=Support&utm_term=BecomeASponsor,,,1,2026-09-14T00:00:00.000Z,2026-09-14T00:00:00.000Z,CIC starter database | Become a Sponsor | ConstantContact | {null}
561,completed_without_short_link,CIC,Facebook,social,Support,Support,Facebook,Social,Support,Volunteer,Support,https://www.castleintheclouds.org/volunteer/,https://www.castleintheclouds.org/volunteer/?utm_source=Facebook&utm_medium=Social&utm_campaign=Support&utm_term=Volunteer&utm_content=Support,,,1,2026-09-14T00:00:00.000Z,2026-09-14T00:00:00.000Z,CIC starter database | Volunteer | Facebook | Support
562,completed_without_short_link,CIC,Facebook,social,Support,Support,Facebook,Social,Support,Volunteer,Learn,https://www.castleintheclouds.org/volunteer/,https://www.castleintheclouds.org/volunteer/?utm_source=Facebook&utm_medium=Social&utm_campaign=Support&utm_term=Volunteer&utm_content=Learn,,,1,2026-09-14T00:00:00.000Z,2026-09-14T00:00:00.000Z,CIC starter database | Volunteer | Facebook | Learn
563,completed_without_short_link,CIC,Facebook,social,Support,Support,Facebook,Social,Support,Volunteer,Volunteer,https://www.castleintheclouds.org/volunteer/,https://www.castleintheclouds.org/volunteer/?utm_source=Facebook&utm_medium=Social&utm_campaign=Support&utm_term=Volunteer&utm_content=Volunteer,,,1,2026-09-14T00:00:00.000Z,2026-09-14T00:00:00.000Z,CIC starter database | Volunteer | Facebook | Volunteer
564,completed_without_short_link,CIC,Facebook,social,Support,Support,Facebook,Social,Support,Volunteer,,https://www.castleintheclouds.org/volunteer/,https://www.castleintheclouds.org/volunteer/?utm_source=Facebook&utm_medium=Social&utm_campaign=Support&utm_term=Volunteer,,,1,2026-09-14T00:00:00.000Z,2026-09-14T00:00:00.000Z,CIC starter database | Volunteer | Facebook | {null}
565,completed_without_short_link,CIC,GMB,social,Support,Support,GMB,Social,Support,Volunteer,Support,https://www.castleintheclouds.org/volunteer/,https://www.castleintheclouds.org/volunteer/?utm_source=GMB&utm_medium=Social&utm_campaign=Support&utm_term=Volunteer&utm_content=Support,,,1,2026-09-14T00:00:00.000Z,2026-09-14T00:00:00.000Z,CIC starter database | Volunteer | GMB | Support
566,completed_without_short_link,CIC,GMB,social,Support,Support,GMB,Social,Support,Volunteer,Learn,https://www.castleintheclouds.org/volunteer/,https://www.castleintheclouds.org/volunteer/?utm_source=GMB&utm_medium=Social&utm_campaign=Support&utm_term=Volunteer&utm_content=Learn,,,1,2026-09-14T00:00:00.000Z,2026-09-14T00:00:00.000Z,CIC starter database | Volunteer | GMB | Learn
567,completed_without_short_link,CIC,GMB,social,Support,Support,GMB,Social,Support,Volunteer,Volunteer,https://www.castleintheclouds.org/volunteer/,https://www.castleintheclouds.org/volunteer/?utm_source=GMB&utm_medium=Social&utm_campaign=Support&utm_term=Volunteer&utm_content=Volunteer,,,1,2026-09-14T00:00:00.000Z,2026-09-14T00:00:00.000Z,CIC starter database | Volunteer | GMB | Volunteer
568,completed_without_short_link,CIC,GMB,social,Support,Support,GMB,Social,Support,Volunteer,,https://www.castleintheclouds.org/volunteer/,https://www.castleintheclouds.org/volunteer/?utm_source=GMB&utm_medium=Social&utm_campaign=Support&utm_term=Volunteer,,,1,2026-09-14T00:00:00.000Z,2026-09-14T00:00:00.000Z,CIC starter database | Volunteer | GMB | {null}
569,completed_without_short_link,CIC,Instagram,social,Support,Support,Instagram,Social,Support,Volunteer,Support,https://www.castleintheclouds.org/volunteer/,https://www.castleintheclouds.org/volunteer/?utm_source=Instagram&utm_medium=Social&utm_campaign=Support&utm_term=Volunteer&utm_content=Support,,,1,2026-09-14T00:00:00.000Z,2026-09-14T00:00:00.000Z,CIC starter database | Volunteer | Instagram | Support
570,completed_without_short_link,CIC,Instagram,social,Support,Support,Instagram,Social,Support,Volunteer,Learn,https://www.castleintheclouds.org/volunteer/,https://www.castleintheclouds.org/volunteer/?utm_source=Instagram&utm_medium=Social&utm_campaign=Support&utm_term=Volunteer&utm_content=Learn,,,1,2026-09-14T00:00:00.000Z,2026-09-14T00:00:00.000Z,CIC starter database | Volunteer | Instagram | Learn
571,completed_without_short_link,CIC,Instagram,social,Support,Support,Instagram,Social,Support,Volunteer,Volunteer,https://www.castleintheclouds.org/volunteer/,https://www.castleintheclouds.org/volunteer/?utm_source=Instagram&utm_medium=Social&utm_campaign=Support&utm_term=Volunteer&utm_content=Volunteer,,,1,2026-09-14T00:00:00.000Z,2026-09-14T00:00:00.000Z,CIC starter database | Volunteer | Instagram | Volunteer
572,completed_without_short_link,CIC,Instagram,social,Support,Support,Instagram,Social,Support,Volunteer,,https://www.castleintheclouds.org/volunteer/,https://www.castleintheclouds.org/volunteer/?utm_source=Instagram&utm_medium=Social&utm_campaign=Support&utm_term=Volunteer,,,1,2026-09-14T00:00:00.000Z,2026-09-14T00:00:00.000Z,CIC starter database | Volunteer | Instagram | {null}
573,completed_without_short_link,CIC,LinkedIn,social,Support,Support,LinkedIn,Social,Support,Volunteer,Support,https://www.castleintheclouds.org/volunteer/,https://www.castleintheclouds.org/volunteer/?utm_source=LinkedIn&utm_medium=Social&utm_campaign=Support&utm_term=Volunteer&utm_content=Support,,,1,2026-09-14T00:00:00.000Z,2026-09-14T00:00:00.000Z,CIC starter database | Volunteer | LinkedIn | Support
574,completed_without_short_link,CIC,LinkedIn,social,Support,Support,LinkedIn,Social,Support,Volunteer,Learn,https://www.castleintheclouds.org/volunteer/,https://www.castleintheclouds.org/volunteer/?utm_source=LinkedIn&utm_medium=Social&utm_campaign=Support&utm_term=Volunteer&utm_content=Learn,,,1,2026-09-14T00:00:00.000Z,2026-09-14T00:00:00.000Z,CIC starter database | Volunteer | LinkedIn | Learn
575,completed_without_short_link,CIC,LinkedIn,social,Support,Support,LinkedIn,Social,Support,Volunteer,Volunteer,https://www.castleintheclouds.org/volunteer/,https://www.castleintheclouds.org/volunteer/?utm_source=LinkedIn&utm_medium=Social&utm_campaign=Support&utm_term=Volunteer&utm_content=Volunteer,,,1,2026-09-14T00:00:00.000Z,2026-09-14T00:00:00.000Z,CIC starter database | Volunteer | LinkedIn | Volunteer
576,completed_without_short_link,CIC,LinkedIn,social,Support,Support,LinkedIn,Social,Support,Volunteer,,https://www.castleintheclouds.org/volunteer/,https://www.castleintheclouds.org/volunteer/?utm_source=LinkedIn&utm_medium=Social&utm_campaign=Support&utm_term=Volunteer,,,1,2026-09-14T00:00:00.000Z,2026-09-14T00:00:00.000Z,CIC starter database | Volunteer | LinkedIn | {null}
577,completed_without_short_link,CIC,ConstantContact,email,Support,Support,ConstantContact,Email,Support,Volunteer,Support,https://www.castleintheclouds.org/volunteer/,https://www.castleintheclouds.org/volunteer/?utm_source=ConstantContact&utm_medium=Email&utm_campaign=Support&utm_term=Volunteer&utm_content=Support,,,1,2026-09-14T00:00:00.000Z,2026-09-14T00:00:00.000Z,CIC starter database | Volunteer | ConstantContact | Support
578,completed_without_short_link,CIC,ConstantContact,email,Support,Support,ConstantContact,Email,Support,Volunteer,Learn,https://www.castleintheclouds.org/volunteer/,https://www.castleintheclouds.org/volunteer/?utm_source=ConstantContact&utm_medium=Email&utm_campaign=Support&utm_term=Volunteer&utm_content=Learn,,,1,2026-09-14T00:00:00.000Z,2026-09-14T00:00:00.000Z,CIC starter database | Volunteer | ConstantContact | Learn
579,completed_without_short_link,CIC,ConstantContact,email,Support,Support,ConstantContact,Email,Support,Volunteer,Volunteer,https://www.castleintheclouds.org/volunteer/,https://www.castleintheclouds.org/volunteer/?utm_source=ConstantContact&utm_medium=Email&utm_campaign=Support&utm_term=Volunteer&utm_content=Volunteer,,,1,2026-09-14T00:00:00.000Z,2026-09-14T00:00:00.000Z,CIC starter database | Volunteer | ConstantContact | Volunteer
580,completed_without_short_link,CIC,ConstantContact,email,Support,Support,ConstantContact,Email,Support,Volunteer,,https://www.castleintheclouds.org/volunteer/,https://www.castleintheclouds.org/volunteer/?utm_source=ConstantContact&utm_medium=Email&utm_campaign=Support&utm_term=Volunteer,,,1,2026-09-14T00:00:00.000Z,2026-09-14T00:00:00.000Z,CIC starter database | Volunteer | ConstantContact | {null}
581,completed_without_short_link,CIC,Facebook,social,Support,Support,Facebook,Social,Support,C-TAG,Support,https://www.castleintheclouds.org/c-tag/,https://www.castleintheclouds.org/c-tag/?utm_source=Facebook&utm_medium=Social&utm_campaign=Support&utm_term=C-TAG&utm_content=Support,,,1,2026-09-14T00:00:00.000Z,2026-09-14T00:00:00.000Z,CIC starter database | C-TAG | Facebook | Support
582,completed_without_short_link,CIC,Facebook,social,Support,Support,Facebook,Social,Support,C-TAG,Learn,https://www.castleintheclouds.org/c-tag/,https://www.castleintheclouds.org/c-tag/?utm_source=Facebook&utm_medium=Social&utm_campaign=Support&utm_term=C-TAG&utm_content=Learn,,,1,2026-09-14T00:00:00.000Z,2026-09-14T00:00:00.000Z,CIC starter database | C-TAG | Facebook | Learn
583,completed_without_short_link,CIC,Facebook,social,Support,Support,Facebook,Social,Support,C-TAG,Volunteer,https://www.castleintheclouds.org/c-tag/,https://www.castleintheclouds.org/c-tag/?utm_source=Facebook&utm_medium=Social&utm_campaign=Support&utm_term=C-TAG&utm_content=Volunteer,,,1,2026-09-14T00:00:00.000Z,2026-09-14T00:00:00.000Z,CIC starter database | C-TAG | Facebook | Volunteer
584,completed_without_short_link,CIC,Facebook,social,Support,Support,Facebook,Social,Support,C-TAG,,https://www.castleintheclouds.org/c-tag/,https://www.castleintheclouds.org/c-tag/?utm_source=Facebook&utm_medium=Social&utm_campaign=Support&utm_term=C-TAG,,,1,2026-09-14T00:00:00.000Z,2026-09-14T00:00:00.000Z,CIC starter database | C-TAG | Facebook | {null}
585,completed_without_short_link,CIC,GMB,social,Support,Support,GMB,Social,Support,C-TAG,Support,https://www.castleintheclouds.org/c-tag/,https://www.castleintheclouds.org/c-tag/?utm_source=GMB&utm_medium=Social&utm_campaign=Support&utm_term=C-TAG&utm_content=Support,,,1,2026-09-14T00:00:00.000Z,2026-09-14T00:00:00.000Z,CIC starter database | C-TAG | GMB | Support
586,completed_without_short_link,CIC,GMB,social,Support,Support,GMB,Social,Support,C-TAG,Learn,https://www.castleintheclouds.org/c-tag/,https://www.castleintheclouds.org/c-tag/?utm_source=GMB&utm_medium=Social&utm_campaign=Support&utm_term=C-TAG&utm_content=Learn,,,1,2026-09-14T00:00:00.000Z,2026-09-14T00:00:00.000Z,CIC starter database | C-TAG | GMB | Learn
587,completed_without_short_link,CIC,GMB,social,Support,Support,GMB,Social,Support,C-TAG,Volunteer,https://www.castleintheclouds.org/c-tag/,https://www.castleintheclouds.org/c-tag/?utm_source=GMB&utm_medium=Social&utm_campaign=Support&utm_term=C-TAG&utm_content=Volunteer,,,1,2026-09-14T00:00:00.000Z,2026-09-14T00:00:00.000Z,CIC starter database | C-TAG | GMB | Volunteer
588,completed_without_short_link,CIC,GMB,social,Support,Support,GMB,Social,Support,C-TAG,,https://www.castleintheclouds.org/c-tag/,https://www.castleintheclouds.org/c-tag/?utm_source=GMB&utm_medium=Social&utm_campaign=Support&utm_term=C-TAG,,,1,2026-09-14T00:00:00.000Z,2026-09-14T00:00:00.000Z,CIC starter database | C-TAG | GMB | {null}
589,completed_without_short_link,CIC,Instagram,social,Support,Support,Instagram,Social,Support,C-TAG,Support,https://www.castleintheclouds.org/c-tag/,https://www.castleintheclouds.org/c-tag/?utm_source=Instagram&utm_medium=Social&utm_campaign=Support&utm_term=C-TAG&utm_content=Support,,,1,2026-09-14T00:00:00.000Z,2026-09-14T00:00:00.000Z,CIC starter database | C-TAG | Instagram | Support
590,completed_without_short_link,CIC,Instagram,social,Support,Support,Instagram,Social,Support,C-TAG,Learn,https://www.castleintheclouds.org/c-tag/,https://www.castleintheclouds.org/c-tag/?utm_source=Instagram&utm_medium=Social&utm_campaign=Support&utm_term=C-TAG&utm_content=Learn,,,1,2026-09-14T00:00:00.000Z,2026-09-14T00:00:00.000Z,CIC starter database | C-TAG | Instagram | Learn
591,completed_without_short_link,CIC,Instagram,social,Support,Support,Instagram,Social,Support,C-TAG,Volunteer,https://www.castleintheclouds.org/c-tag/,https://www.castleintheclouds.org/c-tag/?utm_source=Instagram&utm_medium=Social&utm_campaign=Support&utm_term=C-TAG&utm_content=Volunteer,,,1,2026-09-14T00:00:00.000Z,2026-09-14T00:00:00.000Z,CIC starter database | C-TAG | Instagram | Volunteer
592,completed_without_short_link,CIC,Instagram,social,Support,Support,Instagram,Social,Support,C-TAG,,https://www.castleintheclouds.org/c-tag/,https://www.castleintheclouds.org/c-tag/?utm_source=Instagram&utm_medium=Social&utm_campaign=Support&utm_term=C-TAG,,,1,2026-09-14T00:00:00.000Z,2026-09-14T00:00:00.000Z,CIC starter database | C-TAG | Instagram | {null}
593,completed_without_short_link,CIC,LinkedIn,social,Support,Support,LinkedIn,Social,Support,C-TAG,Support,https://www.castleintheclouds.org/c-tag/,https://www.castleintheclouds.org/c-tag/?utm_source=LinkedIn&utm_medium=Social&utm_campaign=Support&utm_term=C-TAG&utm_content=Support,,,1,2026-09-14T00:00:00.000Z,2026-09-14T00:00:00.000Z,CIC starter database | C-TAG | LinkedIn | Support
594,completed_without_short_link,CIC,LinkedIn,social,Support,Support,LinkedIn,Social,Support,C-TAG,Learn,https://www.castleintheclouds.org/c-tag/,https://www.castleintheclouds.org/c-tag/?utm_source=LinkedIn&utm_medium=Social&utm_campaign=Support&utm_term=C-TAG&utm_content=Learn,,,1,2026-09-14T00:00:00.000Z,2026-09-14T00:00:00.000Z,CIC starter database | C-TAG | LinkedIn | Learn
595,completed_without_short_link,CIC,LinkedIn,social,Support,Support,LinkedIn,Social,Support,C-TAG,Volunteer,https://www.castleintheclouds.org/c-tag/,https://www.castleintheclouds.org/c-tag/?utm_source=LinkedIn&utm_medium=Social&utm_campaign=Support&utm_term=C-TAG&utm_content=Volunteer,,,1,2026-09-14T00:00:00.000Z,2026-09-14T00:00:00.000Z,CIC starter database | C-TAG | LinkedIn | Volunteer
596,completed_without_short_link,CIC,LinkedIn,social,Support,Support,LinkedIn,Social,Support,C-TAG,,https://www.castleintheclouds.org/c-tag/,https://www.castleintheclouds.org/c-tag/?utm_source=LinkedIn&utm_medium=Social&utm_campaign=Support&utm_term=C-TAG,,,1,2026-09-14T00:00:00.000Z,2026-09-14T00:00:00.000Z,CIC starter database | C-TAG | LinkedIn | {null}
597,completed_without_short_link,CIC,ConstantContact,email,Support,Support,ConstantContact,Email,Support,C-TAG,Support,https://www.castleintheclouds.org/c-tag/,https://www.castleintheclouds.org/c-tag/?utm_source=ConstantContact&utm_medium=Email&utm_campaign=Support&utm_term=C-TAG&utm_content=Support,,,1,2026-09-14T00:00:00.000Z,2026-09-14T00:00:00.000Z,CIC starter database | C-TAG | ConstantContact | Support
598,completed_without_short_link,CIC,ConstantContact,email,Support,Support,ConstantContact,Email,Support,C-TAG,Learn,https://www.castleintheclouds.org/c-tag/,https://www.castleintheclouds.org/c-tag/?utm_source=ConstantContact&utm_medium=Email&utm_campaign=Support&utm_term=C-TAG&utm_content=Learn,,,1,2026-09-14T00:00:00.000Z,2026-09-14T00:00:00.000Z,CIC starter database | C-TAG | ConstantContact | Learn
599,completed_without_short_link,CIC,ConstantContact,email,Support,Support,ConstantContact,Email,Support,C-TAG,Volunteer,https://www.castleintheclouds.org/c-tag/,https://www.castleintheclouds.org/c-tag/?utm_source=ConstantContact&utm_medium=Email&utm_campaign=Support&utm_term=C-TAG&utm_content=Volunteer,,,1,2026-09-14T00:00:00.000Z,2026-09-14T00:00:00.000Z,CIC starter database | C-TAG | ConstantContact | Volunteer
600,completed_without_short_link,CIC,ConstantContact,email,Support,Support,ConstantContact,Email,Support,C-TAG,,https://www.castleintheclouds.org/c-tag/,https://www.castleintheclouds.org/c-tag/?utm_source=ConstantContact&utm_medium=Email&utm_campaign=Support&utm_term=C-TAG,,,1,2026-09-14T00:00:00.000Z,2026-09-14T00:00:00.000Z,CIC starter database | C-TAG | ConstantContact | {null}
601,completed_without_short_link,CIC,Facebook,social,Support,Support,Facebook,Social,Support,AdoptAnArtifact,Support,https://www.castleintheclouds.org/adopt-an-artifact/,https://www.castleintheclouds.org/adopt-an-artifact/?utm_source=Facebook&utm_medium=Social&utm_campaign=Support&utm_term=AdoptAnArtifact&utm_content=Support,,,1,2026-09-14T00:00:00.000Z,2026-09-14T00:00:00.000Z,CIC starter database | Adopt an Artifact | Facebook | Support
602,completed_without_short_link,CIC,Facebook,social,Support,Support,Facebook,Social,Support,AdoptAnArtifact,Learn,https://www.castleintheclouds.org/adopt-an-artifact/,https://www.castleintheclouds.org/adopt-an-artifact/?utm_source=Facebook&utm_medium=Social&utm_campaign=Support&utm_term=AdoptAnArtifact&utm_content=Learn,,,1,2026-09-14T00:00:00.000Z,2026-09-14T00:00:00.000Z,CIC starter database | Adopt an Artifact | Facebook | Learn
603,completed_without_short_link,CIC,Facebook,social,Support,Support,Facebook,Social,Support,AdoptAnArtifact,Donate,https://www.castleintheclouds.org/adopt-an-artifact/,https://www.castleintheclouds.org/adopt-an-artifact/?utm_source=Facebook&utm_medium=Social&utm_campaign=Support&utm_term=AdoptAnArtifact&utm_content=Donate,,,1,2026-09-14T00:00:00.000Z,2026-09-14T00:00:00.000Z,CIC starter database | Adopt an Artifact | Facebook | Donate
604,completed_without_short_link,CIC,Facebook,social,Support,Support,Facebook,Social,Support,AdoptAnArtifact,,https://www.castleintheclouds.org/adopt-an-artifact/,https://www.castleintheclouds.org/adopt-an-artifact/?utm_source=Facebook&utm_medium=Social&utm_campaign=Support&utm_term=AdoptAnArtifact,,,1,2026-09-14T00:00:00.000Z,2026-09-14T00:00:00.000Z,CIC starter database | Adopt an Artifact | Facebook | {null}
605,completed_without_short_link,CIC,GMB,social,Support,Support,GMB,Social,Support,AdoptAnArtifact,Support,https://www.castleintheclouds.org/adopt-an-artifact/,https://www.castleintheclouds.org/adopt-an-artifact/?utm_source=GMB&utm_medium=Social&utm_campaign=Support&utm_term=AdoptAnArtifact&utm_content=Support,,,1,2026-09-14T00:00:00.000Z,2026-09-14T00:00:00.000Z,CIC starter database | Adopt an Artifact | GMB | Support
606,completed_without_short_link,CIC,GMB,social,Support,Support,GMB,Social,Support,AdoptAnArtifact,Learn,https://www.castleintheclouds.org/adopt-an-artifact/,https://www.castleintheclouds.org/adopt-an-artifact/?utm_source=GMB&utm_medium=Social&utm_campaign=Support&utm_term=AdoptAnArtifact&utm_content=Learn,,,1,2026-09-14T00:00:00.000Z,2026-09-14T00:00:00.000Z,CIC starter database | Adopt an Artifact | GMB | Learn
607,completed_without_short_link,CIC,GMB,social,Support,Support,GMB,Social,Support,AdoptAnArtifact,Donate,https://www.castleintheclouds.org/adopt-an-artifact/,https://www.castleintheclouds.org/adopt-an-artifact/?utm_source=GMB&utm_medium=Social&utm_campaign=Support&utm_term=AdoptAnArtifact&utm_content=Donate,,,1,2026-09-14T00:00:00.000Z,2026-09-14T00:00:00.000Z,CIC starter database | Adopt an Artifact | GMB | Donate
608,completed_without_short_link,CIC,GMB,social,Support,Support,GMB,Social,Support,AdoptAnArtifact,,https://www.castleintheclouds.org/adopt-an-artifact/,https://www.castleintheclouds.org/adopt-an-artifact/?utm_source=GMB&utm_medium=Social&utm_campaign=Support&utm_term=AdoptAnArtifact,,,1,2026-09-14T00:00:00.000Z,2026-09-14T00:00:00.000Z,CIC starter database | Adopt an Artifact | GMB | {null}
609,completed_without_short_link,CIC,Instagram,social,Support,Support,Instagram,Social,Support,AdoptAnArtifact,Support,https://www.castleintheclouds.org/adopt-an-artifact/,https://www.castleintheclouds.org/adopt-an-artifact/?utm_source=Instagram&utm_medium=Social&utm_campaign=Support&utm_term=AdoptAnArtifact&utm_content=Support,,,1,2026-09-14T00:00:00.000Z,2026-09-14T00:00:00.000Z,CIC starter database | Adopt an Artifact | Instagram | Support
610,completed_without_short_link,CIC,Instagram,social,Support,Support,Instagram,Social,Support,AdoptAnArtifact,Learn,https://www.castleintheclouds.org/adopt-an-artifact/,https://www.castleintheclouds.org/adopt-an-artifact/?utm_source=Instagram&utm_medium=Social&utm_campaign=Support&utm_term=AdoptAnArtifact&utm_content=Learn,,,1,2026-09-14T00:00:00.000Z,2026-09-14T00:00:00.000Z,CIC starter database | Adopt an Artifact | Instagram | Learn
611,completed_without_short_link,CIC,Instagram,social,Support,Support,Instagram,Social,Support,AdoptAnArtifact,Donate,https://www.castleintheclouds.org/adopt-an-artifact/,https://www.castleintheclouds.org/adopt-an-artifact/?utm_source=Instagram&utm_medium=Social&utm_campaign=Support&utm_term=AdoptAnArtifact&utm_content=Donate,,,1,2026-09-14T00:00:00.000Z,2026-09-14T00:00:00.000Z,CIC starter database | Adopt an Artifact | Instagram | Donate
612,completed_without_short_link,CIC,Instagram,social,Support,Support,Instagram,Social,Support,AdoptAnArtifact,,https://www.castleintheclouds.org/adopt-an-artifact/,https://www.castleintheclouds.org/adopt-an-artifact/?utm_source=Instagram&utm_medium=Social&utm_campaign=Support&utm_term=AdoptAnArtifact,,,1,2026-09-14T00:00:00.000Z,2026-09-14T00:00:00.000Z,CIC starter database | Adopt an Artifact | Instagram | {null}
613,completed_without_short_link,CIC,LinkedIn,social,Support,Support,LinkedIn,Social,Support,AdoptAnArtifact,Support,https://www.castleintheclouds.org/adopt-an-artifact/,https://www.castleintheclouds.org/adopt-an-artifact/?utm_source=LinkedIn&utm_medium=Social&utm_campaign=Support&utm_term=AdoptAnArtifact&utm_content=Support,,,1,2026-09-14T00:00:00.000Z,2026-09-14T00:00:00.000Z,CIC starter database | Adopt an Artifact | LinkedIn | Support
614,completed_without_short_link,CIC,LinkedIn,social,Support,Support,LinkedIn,Social,Support,AdoptAnArtifact,Learn,https://www.castleintheclouds.org/adopt-an-artifact/,https://www.castleintheclouds.org/adopt-an-artifact/?utm_source=LinkedIn&utm_medium=Social&utm_campaign=Support&utm_term=AdoptAnArtifact&utm_content=Learn,,,1,2026-09-14T00:00:00.000Z,2026-09-14T00:00:00.000Z,CIC starter database | Adopt an Artifact | LinkedIn | Learn
615,completed_without_short_link,CIC,LinkedIn,social,Support,Support,LinkedIn,Social,Support,AdoptAnArtifact,Donate,https://www.castleintheclouds.org/adopt-an-artifact/,https://www.castleintheclouds.org/adopt-an-artifact/?utm_source=LinkedIn&utm_medium=Social&utm_campaign=Support&utm_term=AdoptAnArtifact&utm_content=Donate,,,1,2026-09-14T00:00:00.000Z,2026-09-14T00:00:00.000Z,CIC starter database | Adopt an Artifact | LinkedIn | Donate
616,completed_without_short_link,CIC,LinkedIn,social,Support,Support,LinkedIn,Social,Support,AdoptAnArtifact,,https://www.castleintheclouds.org/adopt-an-artifact/,https://www.castleintheclouds.org/adopt-an-artifact/?utm_source=LinkedIn&utm_medium=Social&utm_campaign=Support&utm_term=AdoptAnArtifact,,,1,2026-09-14T00:00:00.000Z,2026-09-14T00:00:00.000Z,CIC starter database | Adopt an Artifact | LinkedIn | {null}
617,completed_without_short_link,CIC,ConstantContact,email,Support,Support,ConstantContact,Email,Support,AdoptAnArtifact,Support,https://www.castleintheclouds.org/adopt-an-artifact/,https://www.castleintheclouds.org/adopt-an-artifact/?utm_source=ConstantContact&utm_medium=Email&utm_campaign=Support&utm_term=AdoptAnArtifact&utm_content=Support,,,1,2026-09-14T00:00:00.000Z,2026-09-14T00:00:00.000Z,CIC starter database | Adopt an Artifact | ConstantContact | Support
618,completed_without_short_link,CIC,ConstantContact,email,Support,Support,ConstantContact,Email,Support,AdoptAnArtifact,Learn,https://www.castleintheclouds.org/adopt-an-artifact/,https://www.castleintheclouds.org/adopt-an-artifact/?utm_source=ConstantContact&utm_medium=Email&utm_campaign=Support&utm_term=AdoptAnArtifact&utm_content=Learn,,,1,2026-09-14T00:00:00.000Z,2026-09-14T00:00:00.000Z,CIC starter database | Adopt an Artifact | ConstantContact | Learn
619,completed_without_short_link,CIC,ConstantContact,email,Support,Support,ConstantContact,Email,Support,AdoptAnArtifact,Donate,https://www.castleintheclouds.org/adopt-an-artifact/,https://www.castleintheclouds.org/adopt-an-artifact/?utm_source=ConstantContact&utm_medium=Email&utm_campaign=Support&utm_term=AdoptAnArtifact&utm_content=Donate,,,1,2026-09-14T00:00:00.000Z,2026-09-14T00:00:00.000Z,CIC starter database | Adopt an Artifact | ConstantContact | Donate
620,completed_without_short_link,CIC,ConstantContact,email,Support,Support,ConstantContact,Email,Support,AdoptAnArtifact,,https://www.castleintheclouds.org/adopt-an-artifact/,https://www.castleintheclouds.org/adopt-an-artifact/?utm_source=ConstantContact&utm_medium=Email&utm_campaign=Support&utm_term=AdoptAnArtifact,,,1,2026-09-14T00:00:00.000Z,2026-09-14T00:00:00.000Z,CIC starter database | Adopt an Artifact | ConstantContact | {null}
621,completed_without_short_link,CIC,Facebook,social,Support,Support,Facebook,Social,Support,LibraryMembership,Visit,https://www.castleintheclouds.org/library-membership/,https://www.castleintheclouds.org/library-membership/?utm_source=Facebook&utm_medium=Social&utm_campaign=Support&utm_term=LibraryMembership&utm_content=Visit,,,1,2026-09-14T00:00:00.000Z,2026-09-14T00:00:00.000Z,CIC starter database | Library Membership | Facebook | Visit
622,completed_without_short_link,CIC,Facebook,social,Support,Support,Facebook,Social,Support,LibraryMembership,Learn,https://www.castleintheclouds.org/library-membership/,https://www.castleintheclouds.org/library-membership/?utm_source=Facebook&utm_medium=Social&utm_campaign=Support&utm_term=LibraryMembership&utm_content=Learn,,,1,2026-09-14T00:00:00.000Z,2026-09-14T00:00:00.000Z,CIC starter database | Library Membership | Facebook | Learn
623,completed_without_short_link,CIC,Facebook,social,Support,Support,Facebook,Social,Support,LibraryMembership,Explore,https://www.castleintheclouds.org/library-membership/,https://www.castleintheclouds.org/library-membership/?utm_source=Facebook&utm_medium=Social&utm_campaign=Support&utm_term=LibraryMembership&utm_content=Explore,,,1,2026-09-14T00:00:00.000Z,2026-09-14T00:00:00.000Z,CIC starter database | Library Membership | Facebook | Explore
624,completed_without_short_link,CIC,Facebook,social,Support,Support,Facebook,Social,Support,LibraryMembership,,https://www.castleintheclouds.org/library-membership/,https://www.castleintheclouds.org/library-membership/?utm_source=Facebook&utm_medium=Social&utm_campaign=Support&utm_term=LibraryMembership,,,1,2026-09-14T00:00:00.000Z,2026-09-14T00:00:00.000Z,CIC starter database | Library Membership | Facebook | {null}
625,completed_without_short_link,CIC,GMB,social,Support,Support,GMB,Social,Support,LibraryMembership,Visit,https://www.castleintheclouds.org/library-membership/,https://www.castleintheclouds.org/library-membership/?utm_source=GMB&utm_medium=Social&utm_campaign=Support&utm_term=LibraryMembership&utm_content=Visit,,,1,2026-09-14T00:00:00.000Z,2026-09-14T00:00:00.000Z,CIC starter database | Library Membership | GMB | Visit
626,completed_without_short_link,CIC,GMB,social,Support,Support,GMB,Social,Support,LibraryMembership,Learn,https://www.castleintheclouds.org/library-membership/,https://www.castleintheclouds.org/library-membership/?utm_source=GMB&utm_medium=Social&utm_campaign=Support&utm_term=LibraryMembership&utm_content=Learn,,,1,2026-09-14T00:00:00.000Z,2026-09-14T00:00:00.000Z,CIC starter database | Library Membership | GMB | Learn
627,completed_without_short_link,CIC,GMB,social,Support,Support,GMB,Social,Support,LibraryMembership,Explore,https://www.castleintheclouds.org/library-membership/,https://www.castleintheclouds.org/library-membership/?utm_source=GMB&utm_medium=Social&utm_campaign=Support&utm_term=LibraryMembership&utm_content=Explore,,,1,2026-09-14T00:00:00.000Z,2026-09-14T00:00:00.000Z,CIC starter database | Library Membership | GMB | Explore
628,completed_without_short_link,CIC,GMB,social,Support,Support,GMB,Social,Support,LibraryMembership,,https://www.castleintheclouds.org/library-membership/,https://www.castleintheclouds.org/library-membership/?utm_source=GMB&utm_medium=Social&utm_campaign=Support&utm_term=LibraryMembership,,,1,2026-09-14T00:00:00.000Z,2026-09-14T00:00:00.000Z,CIC starter database | Library Membership | GMB | {null}
629,completed_without_short_link,CIC,Instagram,social,Support,Support,Instagram,Social,Support,LibraryMembership,Visit,https://www.castleintheclouds.org/library-membership/,https://www.castleintheclouds.org/library-membership/?utm_source=Instagram&utm_medium=Social&utm_campaign=Support&utm_term=LibraryMembership&utm_content=Visit,,,1,2026-09-14T00:00:00.000Z,2026-09-14T00:00:00.000Z,CIC starter database | Library Membership | Instagram | Visit
630,completed_without_short_link,CIC,Instagram,social,Support,Support,Instagram,Social,Support,LibraryMembership,Learn,https://www.castleintheclouds.org/library-membership/,https://www.castleintheclouds.org/library-membership/?utm_source=Instagram&utm_medium=Social&utm_campaign=Support&utm_term=LibraryMembership&utm_content=Learn,,,1,2026-09-14T00:00:00.000Z,2026-09-14T00:00:00.000Z,CIC starter database | Library Membership | Instagram | Learn
631,completed_without_short_link,CIC,Instagram,social,Support,Support,Instagram,Social,Support,LibraryMembership,Explore,https://www.castleintheclouds.org/library-membership/,https://www.castleintheclouds.org/library-membership/?utm_source=Instagram&utm_medium=Social&utm_campaign=Support&utm_term=LibraryMembership&utm_content=Explore,,,1,2026-09-14T00:00:00.000Z,2026-09-14T00:00:00.000Z,CIC starter database | Library Membership | Instagram | Explore
632,completed_without_short_link,CIC,Instagram,social,Support,Support,Instagram,Social,Support,LibraryMembership,,https://www.castleintheclouds.org/library-membership/,https://www.castleintheclouds.org/library-membership/?utm_source=Instagram&utm_medium=Social&utm_campaign=Support&utm_term=LibraryMembership,,,1,2026-09-14T00:00:00.000Z,2026-09-14T00:00:00.000Z,CIC starter database | Library Membership | Instagram | {null}
633,completed_without_short_link,CIC,LinkedIn,social,Support,Support,LinkedIn,Social,Support,LibraryMembership,Visit,https://www.castleintheclouds.org/library-membership/,https://www.castleintheclouds.org/library-membership/?utm_source=LinkedIn&utm_medium=Social&utm_campaign=Support&utm_term=LibraryMembership&utm_content=Visit,,,1,2026-09-14T00:00:00.000Z,2026-09-14T00:00:00.000Z,CIC starter database | Library Membership | LinkedIn | Visit
634,completed_without_short_link,CIC,LinkedIn,social,Support,Support,LinkedIn,Social,Support,LibraryMembership,Learn,https://www.castleintheclouds.org/library-membership/,https://www.castleintheclouds.org/library-membership/?utm_source=LinkedIn&utm_medium=Social&utm_campaign=Support&utm_term=LibraryMembership&utm_content=Learn,,,1,2026-09-14T00:00:00.000Z,2026-09-14T00:00:00.000Z,CIC starter database | Library Membership | LinkedIn | Learn
635,completed_without_short_link,CIC,LinkedIn,social,Support,Support,LinkedIn,Social,Support,LibraryMembership,Explore,https://www.castleintheclouds.org/library-membership/,https://www.castleintheclouds.org/library-membership/?utm_source=LinkedIn&utm_medium=Social&utm_campaign=Support&utm_term=LibraryMembership&utm_content=Explore,,,1,2026-09-14T00:00:00.000Z,2026-09-14T00:00:00.000Z,CIC starter database | Library Membership | LinkedIn | Explore
636,completed_without_short_link,CIC,LinkedIn,social,Support,Support,LinkedIn,Social,Support,LibraryMembership,,https://www.castleintheclouds.org/library-membership/,https://www.castleintheclouds.org/library-membership/?utm_source=LinkedIn&utm_medium=Social&utm_campaign=Support&utm_term=LibraryMembership,,,1,2026-09-14T00:00:00.000Z,2026-09-14T00:00:00.000Z,CIC starter database | Library Membership | LinkedIn | {null}
637,completed_without_short_link,CIC,ConstantContact,email,Support,Support,ConstantContact,Email,Support,LibraryMembership,Visit,https://www.castleintheclouds.org/library-membership/,https://www.castleintheclouds.org/library-membership/?utm_source=ConstantContact&utm_medium=Email&utm_campaign=Support&utm_term=LibraryMembership&utm_content=Visit,,,1,2026-09-14T00:00:00.000Z,2026-09-14T00:00:00.000Z,CIC starter database | Library Membership | ConstantContact | Visit
638,completed_without_short_link,CIC,ConstantContact,email,Support,Support,ConstantContact,Email,Support,LibraryMembership,Learn,https://www.castleintheclouds.org/library-membership/,https://www.castleintheclouds.org/library-membership/?utm_source=ConstantContact&utm_medium=Email&utm_campaign=Support&utm_term=LibraryMembership&utm_content=Learn,,,1,2026-09-14T00:00:00.000Z,2026-09-14T00:00:00.000Z,CIC starter database | Library Membership | ConstantContact | Learn
639,completed_without_short_link,CIC,ConstantContact,email,Support,Support,ConstantContact,Email,Support,LibraryMembership,Explore,https://www.castleintheclouds.org/library-membership/,https://www.castleintheclouds.org/library-membership/?utm_source=ConstantContact&utm_medium=Email&utm_campaign=Support&utm_term=LibraryMembership&utm_content=Explore,,,1,2026-09-14T00:00:00.000Z,2026-09-14T00:00:00.000Z,CIC starter database | Library Membership | ConstantContact | Explore
640,completed_without_short_link,CIC,ConstantContact,email,Support,Support,ConstantContact,Email,Support,LibraryMembership,,https://www.castleintheclouds.org/library-membership/,https://www.castleintheclouds.org/library-membership/?utm_source=ConstantContact&utm_medium=Email&utm_campaign=Support&utm_term=LibraryMembership,,,1,2026-09-14T00:00:00.000Z,2026-09-14T00:00:00.000Z,CIC starter database | Library Membership | ConstantContact | {null}
641,completed_without_short_link,CIC,Facebook,social,About,About,Facebook,Social,About,History,Learn,https://www.castleintheclouds.org/history/,https://www.castleintheclouds.org/history/?utm_source=Facebook&utm_medium=Social&utm_campaign=About&utm_term=History&utm_content=Learn,,,1,2026-09-14T00:00:00.000Z,2026-09-14T00:00:00.000Z,CIC starter database | History | Facebook | Learn
642,completed_without_short_link,CIC,Facebook,social,About,About,Facebook,Social,About,History,Explore,https://www.castleintheclouds.org/history/,https://www.castleintheclouds.org/history/?utm_source=Facebook&utm_medium=Social&utm_campaign=About&utm_term=History&utm_content=Explore,,,1,2026-09-14T00:00:00.000Z,2026-09-14T00:00:00.000Z,CIC starter database | History | Facebook | Explore
643,completed_without_short_link,CIC,Facebook,social,About,About,Facebook,Social,About,History,,https://www.castleintheclouds.org/history/,https://www.castleintheclouds.org/history/?utm_source=Facebook&utm_medium=Social&utm_campaign=About&utm_term=History,,,1,2026-09-14T00:00:00.000Z,2026-09-14T00:00:00.000Z,CIC starter database | History | Facebook | {null}
644,completed_without_short_link,CIC,GMB,social,About,About,GMB,Social,About,History,Learn,https://www.castleintheclouds.org/history/,https://www.castleintheclouds.org/history/?utm_source=GMB&utm_medium=Social&utm_campaign=About&utm_term=History&utm_content=Learn,,,1,2026-09-14T00:00:00.000Z,2026-09-14T00:00:00.000Z,CIC starter database | History | GMB | Learn
645,completed_without_short_link,CIC,GMB,social,About,About,GMB,Social,About,History,Explore,https://www.castleintheclouds.org/history/,https://www.castleintheclouds.org/history/?utm_source=GMB&utm_medium=Social&utm_campaign=About&utm_term=History&utm_content=Explore,,,1,2026-09-14T00:00:00.000Z,2026-09-14T00:00:00.000Z,CIC starter database | History | GMB | Explore
646,completed_without_short_link,CIC,GMB,social,About,About,GMB,Social,About,History,,https://www.castleintheclouds.org/history/,https://www.castleintheclouds.org/history/?utm_source=GMB&utm_medium=Social&utm_campaign=About&utm_term=History,,,1,2026-09-14T00:00:00.000Z,2026-09-14T00:00:00.000Z,CIC starter database | History | GMB | {null}
647,completed_without_short_link,CIC,Instagram,social,About,About,Instagram,Social,About,History,Learn,https://www.castleintheclouds.org/history/,https://www.castleintheclouds.org/history/?utm_source=Instagram&utm_medium=Social&utm_campaign=About&utm_term=History&utm_content=Learn,,,1,2026-09-14T00:00:00.000Z,2026-09-14T00:00:00.000Z,CIC starter database | History | Instagram | Learn
648,completed_without_short_link,CIC,Instagram,social,About,About,Instagram,Social,About,History,Explore,https://www.castleintheclouds.org/history/,https://www.castleintheclouds.org/history/?utm_source=Instagram&utm_medium=Social&utm_campaign=About&utm_term=History&utm_content=Explore,,,1,2026-09-14T00:00:00.000Z,2026-09-14T00:00:00.000Z,CIC starter database | History | Instagram | Explore
649,completed_without_short_link,CIC,Instagram,social,About,About,Instagram,Social,About,History,,https://www.castleintheclouds.org/history/,https://www.castleintheclouds.org/history/?utm_source=Instagram&utm_medium=Social&utm_campaign=About&utm_term=History,,,1,2026-09-14T00:00:00.000Z,2026-09-14T00:00:00.000Z,CIC starter database | History | Instagram | {null}
650,completed_without_short_link,CIC,LinkedIn,social,About,About,LinkedIn,Social,About,History,Learn,https://www.castleintheclouds.org/history/,https://www.castleintheclouds.org/history/?utm_source=LinkedIn&utm_medium=Social&utm_campaign=About&utm_term=History&utm_content=Learn,,,1,2026-09-14T00:00:00.000Z,2026-09-14T00:00:00.000Z,CIC starter database | History | LinkedIn | Learn
651,completed_without_short_link,CIC,LinkedIn,social,About,About,LinkedIn,Social,About,History,Explore,https://www.castleintheclouds.org/history/,https://www.castleintheclouds.org/history/?utm_source=LinkedIn&utm_medium=Social&utm_campaign=About&utm_term=History&utm_content=Explore,,,1,2026-09-14T00:00:00.000Z,2026-09-14T00:00:00.000Z,CIC starter database | History | LinkedIn | Explore
652,completed_without_short_link,CIC,LinkedIn,social,About,About,LinkedIn,Social,About,History,,https://www.castleintheclouds.org/history/,https://www.castleintheclouds.org/history/?utm_source=LinkedIn&utm_medium=Social&utm_campaign=About&utm_term=History,,,1,2026-09-14T00:00:00.000Z,2026-09-14T00:00:00.000Z,CIC starter database | History | LinkedIn | {null}
653,completed_without_short_link,CIC,ConstantContact,email,About,About,ConstantContact,Email,About,History,Learn,https://www.castleintheclouds.org/history/,https://www.castleintheclouds.org/history/?utm_source=ConstantContact&utm_medium=Email&utm_campaign=About&utm_term=History&utm_content=Learn,,,1,2026-09-14T00:00:00.000Z,2026-09-14T00:00:00.000Z,CIC starter database | History | ConstantContact | Learn
654,completed_without_short_link,CIC,ConstantContact,email,About,About,ConstantContact,Email,About,History,Explore,https://www.castleintheclouds.org/history/,https://www.castleintheclouds.org/history/?utm_source=ConstantContact&utm_medium=Email&utm_campaign=About&utm_term=History&utm_content=Explore,,,1,2026-09-14T00:00:00.000Z,2026-09-14T00:00:00.000Z,CIC starter database | History | ConstantContact | Explore
655,completed_without_short_link,CIC,ConstantContact,email,About,About,ConstantContact,Email,About,History,,https://www.castleintheclouds.org/history/,https://www.castleintheclouds.org/history/?utm_source=ConstantContact&utm_medium=Email&utm_campaign=About&utm_term=History,,,1,2026-09-14T00:00:00.000Z,2026-09-14T00:00:00.000Z,CIC starter database | History | ConstantContact | {null}
656,completed_without_short_link,CIC,Facebook,social,About,About,Facebook,Social,About,NationalHistoricLandmark,Learn,https://www.castleintheclouds.org/national-historic-landmark/,https://www.castleintheclouds.org/national-historic-landmark/?utm_source=Facebook&utm_medium=Social&utm_campaign=About&utm_term=NationalHistoricLandmark&utm_content=Learn,,,1,2026-09-14T00:00:00.000Z,2026-09-14T00:00:00.000Z,CIC starter database | National Historic Landmark | Facebook | Learn
657,completed_without_short_link,CIC,Facebook,social,About,About,Facebook,Social,About,NationalHistoricLandmark,Explore,https://www.castleintheclouds.org/national-historic-landmark/,https://www.castleintheclouds.org/national-historic-landmark/?utm_source=Facebook&utm_medium=Social&utm_campaign=About&utm_term=NationalHistoricLandmark&utm_content=Explore,,,1,2026-09-14T00:00:00.000Z,2026-09-14T00:00:00.000Z,CIC starter database | National Historic Landmark | Facebook | Explore
658,completed_without_short_link,CIC,Facebook,social,About,About,Facebook,Social,About,NationalHistoricLandmark,,https://www.castleintheclouds.org/national-historic-landmark/,https://www.castleintheclouds.org/national-historic-landmark/?utm_source=Facebook&utm_medium=Social&utm_campaign=About&utm_term=NationalHistoricLandmark,,,1,2026-09-14T00:00:00.000Z,2026-09-14T00:00:00.000Z,CIC starter database | National Historic Landmark | Facebook | {null}
659,completed_without_short_link,CIC,GMB,social,About,About,GMB,Social,About,NationalHistoricLandmark,Learn,https://www.castleintheclouds.org/national-historic-landmark/,https://www.castleintheclouds.org/national-historic-landmark/?utm_source=GMB&utm_medium=Social&utm_campaign=About&utm_term=NationalHistoricLandmark&utm_content=Learn,,,1,2026-09-14T00:00:00.000Z,2026-09-14T00:00:00.000Z,CIC starter database | National Historic Landmark | GMB | Learn
660,completed_without_short_link,CIC,GMB,social,About,About,GMB,Social,About,NationalHistoricLandmark,Explore,https://www.castleintheclouds.org/national-historic-landmark/,https://www.castleintheclouds.org/national-historic-landmark/?utm_source=GMB&utm_medium=Social&utm_campaign=About&utm_term=NationalHistoricLandmark&utm_content=Explore,,,1,2026-09-14T00:00:00.000Z,2026-09-14T00:00:00.000Z,CIC starter database | National Historic Landmark | GMB | Explore
661,completed_without_short_link,CIC,GMB,social,About,About,GMB,Social,About,NationalHistoricLandmark,,https://www.castleintheclouds.org/national-historic-landmark/,https://www.castleintheclouds.org/national-historic-landmark/?utm_source=GMB&utm_medium=Social&utm_campaign=About&utm_term=NationalHistoricLandmark,,,1,2026-09-14T00:00:00.000Z,2026-09-14T00:00:00.000Z,CIC starter database | National Historic Landmark | GMB | {null}
662,completed_without_short_link,CIC,Instagram,social,About,About,Instagram,Social,About,NationalHistoricLandmark,Learn,https://www.castleintheclouds.org/national-historic-landmark/,https://www.castleintheclouds.org/national-historic-landmark/?utm_source=Instagram&utm_medium=Social&utm_campaign=About&utm_term=NationalHistoricLandmark&utm_content=Learn,,,1,2026-09-14T00:00:00.000Z,2026-09-14T00:00:00.000Z,CIC starter database | National Historic Landmark | Instagram | Learn
663,completed_without_short_link,CIC,Instagram,social,About,About,Instagram,Social,About,NationalHistoricLandmark,Explore,https://www.castleintheclouds.org/national-historic-landmark/,https://www.castleintheclouds.org/national-historic-landmark/?utm_source=Instagram&utm_medium=Social&utm_campaign=About&utm_term=NationalHistoricLandmark&utm_content=Explore,,,1,2026-09-14T00:00:00.000Z,2026-09-14T00:00:00.000Z,CIC starter database | National Historic Landmark | Instagram | Explore
664,completed_without_short_link,CIC,Instagram,social,About,About,Instagram,Social,About,NationalHistoricLandmark,,https://www.castleintheclouds.org/national-historic-landmark/,https://www.castleintheclouds.org/national-historic-landmark/?utm_source=Instagram&utm_medium=Social&utm_campaign=About&utm_term=NationalHistoricLandmark,,,1,2026-09-14T00:00:00.000Z,2026-09-14T00:00:00.000Z,CIC starter database | National Historic Landmark | Instagram | {null}
665,completed_without_short_link,CIC,LinkedIn,social,About,About,LinkedIn,Social,About,NationalHistoricLandmark,Learn,https://www.castleintheclouds.org/national-historic-landmark/,https://www.castleintheclouds.org/national-historic-landmark/?utm_source=LinkedIn&utm_medium=Social&utm_campaign=About&utm_term=NationalHistoricLandmark&utm_content=Learn,,,1,2026-09-14T00:00:00.000Z,2026-09-14T00:00:00.000Z,CIC starter database | National Historic Landmark | LinkedIn | Learn
666,completed_without_short_link,CIC,LinkedIn,social,About,About,LinkedIn,Social,About,NationalHistoricLandmark,Explore,https://www.castleintheclouds.org/national-historic-landmark/,https://www.castleintheclouds.org/national-historic-landmark/?utm_source=LinkedIn&utm_medium=Social&utm_campaign=About&utm_term=NationalHistoricLandmark&utm_content=Explore,,,1,2026-09-14T00:00:00.000Z,2026-09-14T00:00:00.000Z,CIC starter database | National Historic Landmark | LinkedIn | Explore
667,completed_without_short_link,CIC,LinkedIn,social,About,About,LinkedIn,Social,About,NationalHistoricLandmark,,https://www.castleintheclouds.org/national-historic-landmark/,https://www.castleintheclouds.org/national-historic-landmark/?utm_source=LinkedIn&utm_medium=Social&utm_campaign=About&utm_term=NationalHistoricLandmark,,,1,2026-09-14T00:00:00.000Z,2026-09-14T00:00:00.000Z,CIC starter database | National Historic Landmark | LinkedIn | {null}
668,completed_without_short_link,CIC,ConstantContact,email,About,About,ConstantContact,Email,About,NationalHistoricLandmark,Learn,https://www.castleintheclouds.org/national-historic-landmark/,https://www.castleintheclouds.org/national-historic-landmark/?utm_source=ConstantContact&utm_medium=Email&utm_campaign=About&utm_term=NationalHistoricLandmark&utm_content=Learn,,,1,2026-09-14T00:00:00.000Z,2026-09-14T00:00:00.000Z,CIC starter database | National Historic Landmark | ConstantContact | Learn
669,completed_without_short_link,CIC,ConstantContact,email,About,About,ConstantContact,Email,About,NationalHistoricLandmark,Explore,https://www.castleintheclouds.org/national-historic-landmark/,https://www.castleintheclouds.org/national-historic-landmark/?utm_source=ConstantContact&utm_medium=Email&utm_campaign=About&utm_term=NationalHistoricLandmark&utm_content=Explore,,,1,2026-09-14T00:00:00.000Z,2026-09-14T00:00:00.000Z,CIC starter database | National Historic Landmark | ConstantContact | Explore
670,completed_without_short_link,CIC,ConstantContact,email,About,About,ConstantContact,Email,About,NationalHistoricLandmark,,https://www.castleintheclouds.org/national-historic-landmark/,https://www.castleintheclouds.org/national-historic-landmark/?utm_source=ConstantContact&utm_medium=Email&utm_campaign=About&utm_term=NationalHistoricLandmark,,,1,2026-09-14T00:00:00.000Z,2026-09-14T00:00:00.000Z,CIC starter database | National Historic Landmark | ConstantContact | {null}
671,completed_without_short_link,CIC,Facebook,social,About,About,Facebook,Social,About,MissionAndValues,Learn,https://www.castleintheclouds.org/mission/,https://www.castleintheclouds.org/mission/?utm_source=Facebook&utm_medium=Social&utm_campaign=About&utm_term=MissionAndValues&utm_content=Learn,,,1,2026-09-14T00:00:00.000Z,2026-09-14T00:00:00.000Z,CIC starter database | Mission & Values | Facebook | Learn
672,completed_without_short_link,CIC,Facebook,social,About,About,Facebook,Social,About,MissionAndValues,Explore,https://www.castleintheclouds.org/mission/,https://www.castleintheclouds.org/mission/?utm_source=Facebook&utm_medium=Social&utm_campaign=About&utm_term=MissionAndValues&utm_content=Explore,,,1,2026-09-14T00:00:00.000Z,2026-09-14T00:00:00.000Z,CIC starter database | Mission & Values | Facebook | Explore
673,completed_without_short_link,CIC,Facebook,social,About,About,Facebook,Social,About,MissionAndValues,,https://www.castleintheclouds.org/mission/,https://www.castleintheclouds.org/mission/?utm_source=Facebook&utm_medium=Social&utm_campaign=About&utm_term=MissionAndValues,,,1,2026-09-14T00:00:00.000Z,2026-09-14T00:00:00.000Z,CIC starter database | Mission & Values | Facebook | {null}
674,completed_without_short_link,CIC,GMB,social,About,About,GMB,Social,About,MissionAndValues,Learn,https://www.castleintheclouds.org/mission/,https://www.castleintheclouds.org/mission/?utm_source=GMB&utm_medium=Social&utm_campaign=About&utm_term=MissionAndValues&utm_content=Learn,,,1,2026-09-14T00:00:00.000Z,2026-09-14T00:00:00.000Z,CIC starter database | Mission & Values | GMB | Learn
675,completed_without_short_link,CIC,GMB,social,About,About,GMB,Social,About,MissionAndValues,Explore,https://www.castleintheclouds.org/mission/,https://www.castleintheclouds.org/mission/?utm_source=GMB&utm_medium=Social&utm_campaign=About&utm_term=MissionAndValues&utm_content=Explore,,,1,2026-09-14T00:00:00.000Z,2026-09-14T00:00:00.000Z,CIC starter database | Mission & Values | GMB | Explore
676,completed_without_short_link,CIC,GMB,social,About,About,GMB,Social,About,MissionAndValues,,https://www.castleintheclouds.org/mission/,https://www.castleintheclouds.org/mission/?utm_source=GMB&utm_medium=Social&utm_campaign=About&utm_term=MissionAndValues,,,1,2026-09-14T00:00:00.000Z,2026-09-14T00:00:00.000Z,CIC starter database | Mission & Values | GMB | {null}
677,completed_without_short_link,CIC,Instagram,social,About,About,Instagram,Social,About,MissionAndValues,Learn,https://www.castleintheclouds.org/mission/,https://www.castleintheclouds.org/mission/?utm_source=Instagram&utm_medium=Social&utm_campaign=About&utm_term=MissionAndValues&utm_content=Learn,,,1,2026-09-14T00:00:00.000Z,2026-09-14T00:00:00.000Z,CIC starter database | Mission & Values | Instagram | Learn
678,completed_without_short_link,CIC,Instagram,social,About,About,Instagram,Social,About,MissionAndValues,Explore,https://www.castleintheclouds.org/mission/,https://www.castleintheclouds.org/mission/?utm_source=Instagram&utm_medium=Social&utm_campaign=About&utm_term=MissionAndValues&utm_content=Explore,,,1,2026-09-14T00:00:00.000Z,2026-09-14T00:00:00.000Z,CIC starter database | Mission & Values | Instagram | Explore
679,completed_without_short_link,CIC,Instagram,social,About,About,Instagram,Social,About,MissionAndValues,,https://www.castleintheclouds.org/mission/,https://www.castleintheclouds.org/mission/?utm_source=Instagram&utm_medium=Social&utm_campaign=About&utm_term=MissionAndValues,,,1,2026-09-14T00:00:00.000Z,2026-09-14T00:00:00.000Z,CIC starter database | Mission & Values | Instagram | {null}
680,completed_without_short_link,CIC,LinkedIn,social,About,About,LinkedIn,Social,About,MissionAndValues,Learn,https://www.castleintheclouds.org/mission/,https://www.castleintheclouds.org/mission/?utm_source=LinkedIn&utm_medium=Social&utm_campaign=About&utm_term=MissionAndValues&utm_content=Learn,,,1,2026-09-14T00:00:00.000Z,2026-09-14T00:00:00.000Z,CIC starter database | Mission & Values | LinkedIn | Learn
681,completed_without_short_link,CIC,LinkedIn,social,About,About,LinkedIn,Social,About,MissionAndValues,Explore,https://www.castleintheclouds.org/mission/,https://www.castleintheclouds.org/mission/?utm_source=LinkedIn&utm_medium=Social&utm_campaign=About&utm_term=MissionAndValues&utm_content=Explore,,,1,2026-09-14T00:00:00.000Z,2026-09-14T00:00:00.000Z,CIC starter database | Mission & Values | LinkedIn | Explore
682,completed_without_short_link,CIC,LinkedIn,social,About,About,LinkedIn,Social,About,MissionAndValues,,https://www.castleintheclouds.org/mission/,https://www.castleintheclouds.org/mission/?utm_source=LinkedIn&utm_medium=Social&utm_campaign=About&utm_term=MissionAndValues,,,1,2026-09-14T00:00:00.000Z,2026-09-14T00:00:00.000Z,CIC starter database | Mission & Values | LinkedIn | {null}
683,completed_without_short_link,CIC,ConstantContact,email,About,About,ConstantContact,Email,About,MissionAndValues,Learn,https://www.castleintheclouds.org/mission/,https://www.castleintheclouds.org/mission/?utm_source=ConstantContact&utm_medium=Email&utm_campaign=About&utm_term=MissionAndValues&utm_content=Learn,,,1,2026-09-14T00:00:00.000Z,2026-09-14T00:00:00.000Z,CIC starter database | Mission & Values | ConstantContact | Learn
684,completed_without_short_link,CIC,ConstantContact,email,About,About,ConstantContact,Email,About,MissionAndValues,Explore,https://www.castleintheclouds.org/mission/,https://www.castleintheclouds.org/mission/?utm_source=ConstantContact&utm_medium=Email&utm_campaign=About&utm_term=MissionAndValues&utm_content=Explore,,,1,2026-09-14T00:00:00.000Z,2026-09-14T00:00:00.000Z,CIC starter database | Mission & Values | ConstantContact | Explore
685,completed_without_short_link,CIC,ConstantContact,email,About,About,ConstantContact,Email,About,MissionAndValues,,https://www.castleintheclouds.org/mission/,https://www.castleintheclouds.org/mission/?utm_source=ConstantContact&utm_medium=Email&utm_campaign=About&utm_term=MissionAndValues,,,1,2026-09-14T00:00:00.000Z,2026-09-14T00:00:00.000Z,CIC starter database | Mission & Values | ConstantContact | {null}
686,completed_without_short_link,CIC,Facebook,social,About,About,Facebook,Social,About,Restoration,Learn,https://www.castleintheclouds.org/preservation/,https://www.castleintheclouds.org/preservation/?utm_source=Facebook&utm_medium=Social&utm_campaign=About&utm_term=Restoration&utm_content=Learn,,,1,2026-09-14T00:00:00.000Z,2026-09-14T00:00:00.000Z,CIC starter database | Restoration | Facebook | Learn
687,completed_without_short_link,CIC,Facebook,social,About,About,Facebook,Social,About,Restoration,Explore,https://www.castleintheclouds.org/preservation/,https://www.castleintheclouds.org/preservation/?utm_source=Facebook&utm_medium=Social&utm_campaign=About&utm_term=Restoration&utm_content=Explore,,,1,2026-09-14T00:00:00.000Z,2026-09-14T00:00:00.000Z,CIC starter database | Restoration | Facebook | Explore
688,completed_without_short_link,CIC,Facebook,social,About,About,Facebook,Social,About,Restoration,,https://www.castleintheclouds.org/preservation/,https://www.castleintheclouds.org/preservation/?utm_source=Facebook&utm_medium=Social&utm_campaign=About&utm_term=Restoration,,,1,2026-09-14T00:00:00.000Z,2026-09-14T00:00:00.000Z,CIC starter database | Restoration | Facebook | {null}
689,completed_without_short_link,CIC,GMB,social,About,About,GMB,Social,About,Restoration,Learn,https://www.castleintheclouds.org/preservation/,https://www.castleintheclouds.org/preservation/?utm_source=GMB&utm_medium=Social&utm_campaign=About&utm_term=Restoration&utm_content=Learn,,,1,2026-09-14T00:00:00.000Z,2026-09-14T00:00:00.000Z,CIC starter database | Restoration | GMB | Learn
690,completed_without_short_link,CIC,GMB,social,About,About,GMB,Social,About,Restoration,Explore,https://www.castleintheclouds.org/preservation/,https://www.castleintheclouds.org/preservation/?utm_source=GMB&utm_medium=Social&utm_campaign=About&utm_term=Restoration&utm_content=Explore,,,1,2026-09-14T00:00:00.000Z,2026-09-14T00:00:00.000Z,CIC starter database | Restoration | GMB | Explore
691,completed_without_short_link,CIC,GMB,social,About,About,GMB,Social,About,Restoration,,https://www.castleintheclouds.org/preservation/,https://www.castleintheclouds.org/preservation/?utm_source=GMB&utm_medium=Social&utm_campaign=About&utm_term=Restoration,,,1,2026-09-14T00:00:00.000Z,2026-09-14T00:00:00.000Z,CIC starter database | Restoration | GMB | {null}
692,completed_without_short_link,CIC,Instagram,social,About,About,Instagram,Social,About,Restoration,Learn,https://www.castleintheclouds.org/preservation/,https://www.castleintheclouds.org/preservation/?utm_source=Instagram&utm_medium=Social&utm_campaign=About&utm_term=Restoration&utm_content=Learn,,,1,2026-09-14T00:00:00.000Z,2026-09-14T00:00:00.000Z,CIC starter database | Restoration | Instagram | Learn
693,completed_without_short_link,CIC,Instagram,social,About,About,Instagram,Social,About,Restoration,Explore,https://www.castleintheclouds.org/preservation/,https://www.castleintheclouds.org/preservation/?utm_source=Instagram&utm_medium=Social&utm_campaign=About&utm_term=Restoration&utm_content=Explore,,,1,2026-09-14T00:00:00.000Z,2026-09-14T00:00:00.000Z,CIC starter database | Restoration | Instagram | Explore
694,completed_without_short_link,CIC,Instagram,social,About,About,Instagram,Social,About,Restoration,,https://www.castleintheclouds.org/preservation/,https://www.castleintheclouds.org/preservation/?utm_source=Instagram&utm_medium=Social&utm_campaign=About&utm_term=Restoration,,,1,2026-09-14T00:00:00.000Z,2026-09-14T00:00:00.000Z,CIC starter database | Restoration | Instagram | {null}
695,completed_without_short_link,CIC,LinkedIn,social,About,About,LinkedIn,Social,About,Restoration,Learn,https://www.castleintheclouds.org/preservation/,https://www.castleintheclouds.org/preservation/?utm_source=LinkedIn&utm_medium=Social&utm_campaign=About&utm_term=Restoration&utm_content=Learn,,,1,2026-09-14T00:00:00.000Z,2026-09-14T00:00:00.000Z,CIC starter database | Restoration | LinkedIn | Learn
696,completed_without_short_link,CIC,LinkedIn,social,About,About,LinkedIn,Social,About,Restoration,Explore,https://www.castleintheclouds.org/preservation/,https://www.castleintheclouds.org/preservation/?utm_source=LinkedIn&utm_medium=Social&utm_campaign=About&utm_term=Restoration&utm_content=Explore,,,1,2026-09-14T00:00:00.000Z,2026-09-14T00:00:00.000Z,CIC starter database | Restoration | LinkedIn | Explore
697,completed_without_short_link,CIC,LinkedIn,social,About,About,LinkedIn,Social,About,Restoration,,https://www.castleintheclouds.org/preservation/,https://www.castleintheclouds.org/preservation/?utm_source=LinkedIn&utm_medium=Social&utm_campaign=About&utm_term=Restoration,,,1,2026-09-14T00:00:00.000Z,2026-09-14T00:00:00.000Z,CIC starter database | Restoration | LinkedIn | {null}
698,completed_without_short_link,CIC,ConstantContact,email,About,About,ConstantContact,Email,About,Restoration,Learn,https://www.castleintheclouds.org/preservation/,https://www.castleintheclouds.org/preservation/?utm_source=ConstantContact&utm_medium=Email&utm_campaign=About&utm_term=Restoration&utm_content=Learn,,,1,2026-09-14T00:00:00.000Z,2026-09-14T00:00:00.000Z,CIC starter database | Restoration | ConstantContact | Learn
699,completed_without_short_link,CIC,ConstantContact,email,About,About,ConstantContact,Email,About,Restoration,Explore,https://www.castleintheclouds.org/preservation/,https://www.castleintheclouds.org/preservation/?utm_source=ConstantContact&utm_medium=Email&utm_campaign=About&utm_term=Restoration&utm_content=Explore,,,1,2026-09-14T00:00:00.000Z,2026-09-14T00:00:00.000Z,CIC starter database | Restoration | ConstantContact | Explore
700,completed_without_short_link,CIC,ConstantContact,email,About,About,ConstantContact,Email,About,Restoration,,https://www.castleintheclouds.org/preservation/,https://www.castleintheclouds.org/preservation/?utm_source=ConstantContact&utm_medium=Email&utm_campaign=About&utm_term=Restoration,,,1,2026-09-14T00:00:00.000Z,2026-09-14T00:00:00.000Z,CIC starter database | Restoration | ConstantContact | {null}
701,completed_without_short_link,CIC,Facebook,social,About,About,Facebook,Social,About,StaffLeadership,Learn,https://www.castleintheclouds.org/staff/,https://www.castleintheclouds.org/staff/?utm_source=Facebook&utm_medium=Social&utm_campaign=About&utm_term=StaffLeadership&utm_content=Learn,,,1,2026-09-14T00:00:00.000Z,2026-09-14T00:00:00.000Z,CIC starter database | Staff Leadership | Facebook | Learn
702,completed_without_short_link,CIC,Facebook,social,About,About,Facebook,Social,About,StaffLeadership,Explore,https://www.castleintheclouds.org/staff/,https://www.castleintheclouds.org/staff/?utm_source=Facebook&utm_medium=Social&utm_campaign=About&utm_term=StaffLeadership&utm_content=Explore,,,1,2026-09-14T00:00:00.000Z,2026-09-14T00:00:00.000Z,CIC starter database | Staff Leadership | Facebook | Explore
703,completed_without_short_link,CIC,Facebook,social,About,About,Facebook,Social,About,StaffLeadership,,https://www.castleintheclouds.org/staff/,https://www.castleintheclouds.org/staff/?utm_source=Facebook&utm_medium=Social&utm_campaign=About&utm_term=StaffLeadership,,,1,2026-09-14T00:00:00.000Z,2026-09-14T00:00:00.000Z,CIC starter database | Staff Leadership | Facebook | {null}
704,completed_without_short_link,CIC,GMB,social,About,About,GMB,Social,About,StaffLeadership,Learn,https://www.castleintheclouds.org/staff/,https://www.castleintheclouds.org/staff/?utm_source=GMB&utm_medium=Social&utm_campaign=About&utm_term=StaffLeadership&utm_content=Learn,,,1,2026-09-14T00:00:00.000Z,2026-09-14T00:00:00.000Z,CIC starter database | Staff Leadership | GMB | Learn
705,completed_without_short_link,CIC,GMB,social,About,About,GMB,Social,About,StaffLeadership,Explore,https://www.castleintheclouds.org/staff/,https://www.castleintheclouds.org/staff/?utm_source=GMB&utm_medium=Social&utm_campaign=About&utm_term=StaffLeadership&utm_content=Explore,,,1,2026-09-14T00:00:00.000Z,2026-09-14T00:00:00.000Z,CIC starter database | Staff Leadership | GMB | Explore
706,completed_without_short_link,CIC,GMB,social,About,About,GMB,Social,About,StaffLeadership,,https://www.castleintheclouds.org/staff/,https://www.castleintheclouds.org/staff/?utm_source=GMB&utm_medium=Social&utm_campaign=About&utm_term=StaffLeadership,,,1,2026-09-14T00:00:00.000Z,2026-09-14T00:00:00.000Z,CIC starter database | Staff Leadership | GMB | {null}
707,completed_without_short_link,CIC,Instagram,social,About,About,Instagram,Social,About,StaffLeadership,Learn,https://www.castleintheclouds.org/staff/,https://www.castleintheclouds.org/staff/?utm_source=Instagram&utm_medium=Social&utm_campaign=About&utm_term=StaffLeadership&utm_content=Learn,,,1,2026-09-14T00:00:00.000Z,2026-09-14T00:00:00.000Z,CIC starter database | Staff Leadership | Instagram | Learn
708,completed_without_short_link,CIC,Instagram,social,About,About,Instagram,Social,About,StaffLeadership,Explore,https://www.castleintheclouds.org/staff/,https://www.castleintheclouds.org/staff/?utm_source=Instagram&utm_medium=Social&utm_campaign=About&utm_term=StaffLeadership&utm_content=Explore,,,1,2026-09-14T00:00:00.000Z,2026-09-14T00:00:00.000Z,CIC starter database | Staff Leadership | Instagram | Explore
709,completed_without_short_link,CIC,Instagram,social,About,About,Instagram,Social,About,StaffLeadership,,https://www.castleintheclouds.org/staff/,https://www.castleintheclouds.org/staff/?utm_source=Instagram&utm_medium=Social&utm_campaign=About&utm_term=StaffLeadership,,,1,2026-09-14T00:00:00.000Z,2026-09-14T00:00:00.000Z,CIC starter database | Staff Leadership | Instagram | {null}
710,completed_without_short_link,CIC,LinkedIn,social,About,About,LinkedIn,Social,About,StaffLeadership,Learn,https://www.castleintheclouds.org/staff/,https://www.castleintheclouds.org/staff/?utm_source=LinkedIn&utm_medium=Social&utm_campaign=About&utm_term=StaffLeadership&utm_content=Learn,,,1,2026-09-14T00:00:00.000Z,2026-09-14T00:00:00.000Z,CIC starter database | Staff Leadership | LinkedIn | Learn
711,completed_without_short_link,CIC,LinkedIn,social,About,About,LinkedIn,Social,About,StaffLeadership,Explore,https://www.castleintheclouds.org/staff/,https://www.castleintheclouds.org/staff/?utm_source=LinkedIn&utm_medium=Social&utm_campaign=About&utm_term=StaffLeadership&utm_content=Explore,,,1,2026-09-14T00:00:00.000Z,2026-09-14T00:00:00.000Z,CIC starter database | Staff Leadership | LinkedIn | Explore
712,completed_without_short_link,CIC,LinkedIn,social,About,About,LinkedIn,Social,About,StaffLeadership,,https://www.castleintheclouds.org/staff/,https://www.castleintheclouds.org/staff/?utm_source=LinkedIn&utm_medium=Social&utm_campaign=About&utm_term=StaffLeadership,,,1,2026-09-14T00:00:00.000Z,2026-09-14T00:00:00.000Z,CIC starter database | Staff Leadership | LinkedIn | {null}
713,completed_without_short_link,CIC,ConstantContact,email,About,About,ConstantContact,Email,About,StaffLeadership,Learn,https://www.castleintheclouds.org/staff/,https://www.castleintheclouds.org/staff/?utm_source=ConstantContact&utm_medium=Email&utm_campaign=About&utm_term=StaffLeadership&utm_content=Learn,,,1,2026-09-14T00:00:00.000Z,2026-09-14T00:00:00.000Z,CIC starter database | Staff Leadership | ConstantContact | Learn
714,completed_without_short_link,CIC,ConstantContact,email,About,About,ConstantContact,Email,About,StaffLeadership,Explore,https://www.castleintheclouds.org/staff/,https://www.castleintheclouds.org/staff/?utm_source=ConstantContact&utm_medium=Email&utm_campaign=About&utm_term=StaffLeadership&utm_content=Explore,,,1,2026-09-14T00:00:00.000Z,2026-09-14T00:00:00.000Z,CIC starter database | Staff Leadership | ConstantContact | Explore
715,completed_without_short_link,CIC,ConstantContact,email,About,About,ConstantContact,Email,About,StaffLeadership,,https://www.castleintheclouds.org/staff/,https://www.castleintheclouds.org/staff/?utm_source=ConstantContact&utm_medium=Email&utm_campaign=About&utm_term=StaffLeadership,,,1,2026-09-14T00:00:00.000Z,2026-09-14T00:00:00.000Z,CIC starter database | Staff Leadership | ConstantContact | {null}
716,completed_without_short_link,CIC,Facebook,social,About,About,Facebook,Social,About,BoardOfDirectors,Learn,https://www.castleintheclouds.org/board-of-directors/,https://www.castleintheclouds.org/board-of-directors/?utm_source=Facebook&utm_medium=Social&utm_campaign=About&utm_term=BoardOfDirectors&utm_content=Learn,,,1,2026-09-14T00:00:00.000Z,2026-09-14T00:00:00.000Z,CIC starter database | Board of Directors | Facebook | Learn
717,completed_without_short_link,CIC,Facebook,social,About,About,Facebook,Social,About,BoardOfDirectors,Explore,https://www.castleintheclouds.org/board-of-directors/,https://www.castleintheclouds.org/board-of-directors/?utm_source=Facebook&utm_medium=Social&utm_campaign=About&utm_term=BoardOfDirectors&utm_content=Explore,,,1,2026-09-14T00:00:00.000Z,2026-09-14T00:00:00.000Z,CIC starter database | Board of Directors | Facebook | Explore
718,completed_without_short_link,CIC,Facebook,social,About,About,Facebook,Social,About,BoardOfDirectors,,https://www.castleintheclouds.org/board-of-directors/,https://www.castleintheclouds.org/board-of-directors/?utm_source=Facebook&utm_medium=Social&utm_campaign=About&utm_term=BoardOfDirectors,,,1,2026-09-14T00:00:00.000Z,2026-09-14T00:00:00.000Z,CIC starter database | Board of Directors | Facebook | {null}
719,completed_without_short_link,CIC,GMB,social,About,About,GMB,Social,About,BoardOfDirectors,Learn,https://www.castleintheclouds.org/board-of-directors/,https://www.castleintheclouds.org/board-of-directors/?utm_source=GMB&utm_medium=Social&utm_campaign=About&utm_term=BoardOfDirectors&utm_content=Learn,,,1,2026-09-14T00:00:00.000Z,2026-09-14T00:00:00.000Z,CIC starter database | Board of Directors | GMB | Learn
720,completed_without_short_link,CIC,GMB,social,About,About,GMB,Social,About,BoardOfDirectors,Explore,https://www.castleintheclouds.org/board-of-directors/,https://www.castleintheclouds.org/board-of-directors/?utm_source=GMB&utm_medium=Social&utm_campaign=About&utm_term=BoardOfDirectors&utm_content=Explore,,,1,2026-09-14T00:00:00.000Z,2026-09-14T00:00:00.000Z,CIC starter database | Board of Directors | GMB | Explore
721,completed_without_short_link,CIC,GMB,social,About,About,GMB,Social,About,BoardOfDirectors,,https://www.castleintheclouds.org/board-of-directors/,https://www.castleintheclouds.org/board-of-directors/?utm_source=GMB&utm_medium=Social&utm_campaign=About&utm_term=BoardOfDirectors,,,1,2026-09-14T00:00:00.000Z,2026-09-14T00:00:00.000Z,CIC starter database | Board of Directors | GMB | {null}
722,completed_without_short_link,CIC,Instagram,social,About,About,Instagram,Social,About,BoardOfDirectors,Learn,https://www.castleintheclouds.org/board-of-directors/,https://www.castleintheclouds.org/board-of-directors/?utm_source=Instagram&utm_medium=Social&utm_campaign=About&utm_term=BoardOfDirectors&utm_content=Learn,,,1,2026-09-14T00:00:00.000Z,2026-09-14T00:00:00.000Z,CIC starter database | Board of Directors | Instagram | Learn
723,completed_without_short_link,CIC,Instagram,social,About,About,Instagram,Social,About,BoardOfDirectors,Explore,https://www.castleintheclouds.org/board-of-directors/,https://www.castleintheclouds.org/board-of-directors/?utm_source=Instagram&utm_medium=Social&utm_campaign=About&utm_term=BoardOfDirectors&utm_content=Explore,,,1,2026-09-14T00:00:00.000Z,2026-09-14T00:00:00.000Z,CIC starter database | Board of Directors | Instagram | Explore
724,completed_without_short_link,CIC,Instagram,social,About,About,Instagram,Social,About,BoardOfDirectors,,https://www.castleintheclouds.org/board-of-directors/,https://www.castleintheclouds.org/board-of-directors/?utm_source=Instagram&utm_medium=Social&utm_campaign=About&utm_term=BoardOfDirectors,,,1,2026-09-14T00:00:00.000Z,2026-09-14T00:00:00.000Z,CIC starter database | Board of Directors | Instagram | {null}
725,completed_without_short_link,CIC,LinkedIn,social,About,About,LinkedIn,Social,About,BoardOfDirectors,Learn,https://www.castleintheclouds.org/board-of-directors/,https://www.castleintheclouds.org/board-of-directors/?utm_source=LinkedIn&utm_medium=Social&utm_campaign=About&utm_term=BoardOfDirectors&utm_content=Learn,,,1,2026-09-14T00:00:00.000Z,2026-09-14T00:00:00.000Z,CIC starter database | Board of Directors | LinkedIn | Learn
726,completed_without_short_link,CIC,LinkedIn,social,About,About,LinkedIn,Social,About,BoardOfDirectors,Explore,https://www.castleintheclouds.org/board-of-directors/,https://www.castleintheclouds.org/board-of-directors/?utm_source=LinkedIn&utm_medium=Social&utm_campaign=About&utm_term=BoardOfDirectors&utm_content=Explore,,,1,2026-09-14T00:00:00.000Z,2026-09-14T00:00:00.000Z,CIC starter database | Board of Directors | LinkedIn | Explore
727,completed_without_short_link,CIC,LinkedIn,social,About,About,LinkedIn,Social,About,BoardOfDirectors,,https://www.castleintheclouds.org/board-of-directors/,https://www.castleintheclouds.org/board-of-directors/?utm_source=LinkedIn&utm_medium=Social&utm_campaign=About&utm_term=BoardOfDirectors,,,1,2026-09-14T00:00:00.000Z,2026-09-14T00:00:00.000Z,CIC starter database | Board of Directors | LinkedIn | {null}
728,completed_without_short_link,CIC,ConstantContact,email,About,About,ConstantContact,Email,About,BoardOfDirectors,Learn,https://www.castleintheclouds.org/board-of-directors/,https://www.castleintheclouds.org/board-of-directors/?utm_source=ConstantContact&utm_medium=Email&utm_campaign=About&utm_term=BoardOfDirectors&utm_content=Learn,,,1,2026-09-14T00:00:00.000Z,2026-09-14T00:00:00.000Z,CIC starter database | Board of Directors | ConstantContact | Learn
729,completed_without_short_link,CIC,ConstantContact,email,About,About,ConstantContact,Email,About,BoardOfDirectors,Explore,https://www.castleintheclouds.org/board-of-directors/,https://www.castleintheclouds.org/board-of-directors/?utm_source=ConstantContact&utm_medium=Email&utm_campaign=About&utm_term=BoardOfDirectors&utm_content=Explore,,,1,2026-09-14T00:00:00.000Z,2026-09-14T00:00:00.000Z,CIC starter database | Board of Directors | ConstantContact | Explore
730,completed_without_short_link,CIC,ConstantContact,email,About,About,ConstantContact,Email,About,BoardOfDirectors,,https://www.castleintheclouds.org/board-of-directors/,https://www.castleintheclouds.org/board-of-directors/?utm_source=ConstantContact&utm_medium=Email&utm_campaign=About&utm_term=BoardOfDirectors,,,1,2026-09-14T00:00:00.000Z,2026-09-14T00:00:00.000Z,CIC starter database | Board of Directors | ConstantContact | {null}
731,completed_without_short_link,CIC,Facebook,social,About,About,Facebook,Social,About,Partnerships,Learn,https://www.castleintheclouds.org/partnerships/,https://www.castleintheclouds.org/partnerships/?utm_source=Facebook&utm_medium=Social&utm_campaign=About&utm_term=Partnerships&utm_content=Learn,,,1,2026-09-14T00:00:00.000Z,2026-09-14T00:00:00.000Z,CIC starter database | Partnerships | Facebook | Learn
732,completed_without_short_link,CIC,Facebook,social,About,About,Facebook,Social,About,Partnerships,Explore,https://www.castleintheclouds.org/partnerships/,https://www.castleintheclouds.org/partnerships/?utm_source=Facebook&utm_medium=Social&utm_campaign=About&utm_term=Partnerships&utm_content=Explore,,,1,2026-09-14T00:00:00.000Z,2026-09-14T00:00:00.000Z,CIC starter database | Partnerships | Facebook | Explore
733,completed_without_short_link,CIC,Facebook,social,About,About,Facebook,Social,About,Partnerships,,https://www.castleintheclouds.org/partnerships/,https://www.castleintheclouds.org/partnerships/?utm_source=Facebook&utm_medium=Social&utm_campaign=About&utm_term=Partnerships,,,1,2026-09-14T00:00:00.000Z,2026-09-14T00:00:00.000Z,CIC starter database | Partnerships | Facebook | {null}
734,completed_without_short_link,CIC,GMB,social,About,About,GMB,Social,About,Partnerships,Learn,https://www.castleintheclouds.org/partnerships/,https://www.castleintheclouds.org/partnerships/?utm_source=GMB&utm_medium=Social&utm_campaign=About&utm_term=Partnerships&utm_content=Learn,,,1,2026-09-14T00:00:00.000Z,2026-09-14T00:00:00.000Z,CIC starter database | Partnerships | GMB | Learn
735,completed_without_short_link,CIC,GMB,social,About,About,GMB,Social,About,Partnerships,Explore,https://www.castleintheclouds.org/partnerships/,https://www.castleintheclouds.org/partnerships/?utm_source=GMB&utm_medium=Social&utm_campaign=About&utm_term=Partnerships&utm_content=Explore,,,1,2026-09-14T00:00:00.000Z,2026-09-14T00:00:00.000Z,CIC starter database | Partnerships | GMB | Explore
736,completed_without_short_link,CIC,GMB,social,About,About,GMB,Social,About,Partnerships,,https://www.castleintheclouds.org/partnerships/,https://www.castleintheclouds.org/partnerships/?utm_source=GMB&utm_medium=Social&utm_campaign=About&utm_term=Partnerships,,,1,2026-09-14T00:00:00.000Z,2026-09-14T00:00:00.000Z,CIC starter database | Partnerships | GMB | {null}
737,completed_without_short_link,CIC,Instagram,social,About,About,Instagram,Social,About,Partnerships,Learn,https://www.castleintheclouds.org/partnerships/,https://www.castleintheclouds.org/partnerships/?utm_source=Instagram&utm_medium=Social&utm_campaign=About&utm_term=Partnerships&utm_content=Learn,,,1,2026-09-14T00:00:00.000Z,2026-09-14T00:00:00.000Z,CIC starter database | Partnerships | Instagram | Learn
738,completed_without_short_link,CIC,Instagram,social,About,About,Instagram,Social,About,Partnerships,Explore,https://www.castleintheclouds.org/partnerships/,https://www.castleintheclouds.org/partnerships/?utm_source=Instagram&utm_medium=Social&utm_campaign=About&utm_term=Partnerships&utm_content=Explore,,,1,2026-09-14T00:00:00.000Z,2026-09-14T00:00:00.000Z,CIC starter database | Partnerships | Instagram | Explore
739,completed_without_short_link,CIC,Instagram,social,About,About,Instagram,Social,About,Partnerships,,https://www.castleintheclouds.org/partnerships/,https://www.castleintheclouds.org/partnerships/?utm_source=Instagram&utm_medium=Social&utm_campaign=About&utm_term=Partnerships,,,1,2026-09-14T00:00:00.000Z,2026-09-14T00:00:00.000Z,CIC starter database | Partnerships | Instagram | {null}
740,completed_without_short_link,CIC,LinkedIn,social,About,About,LinkedIn,Social,About,Partnerships,Learn,https://www.castleintheclouds.org/partnerships/,https://www.castleintheclouds.org/partnerships/?utm_source=LinkedIn&utm_medium=Social&utm_campaign=About&utm_term=Partnerships&utm_content=Learn,,,1,2026-09-14T00:00:00.000Z,2026-09-14T00:00:00.000Z,CIC starter database | Partnerships | LinkedIn | Learn
741,completed_without_short_link,CIC,LinkedIn,social,About,About,LinkedIn,Social,About,Partnerships,Explore,https://www.castleintheclouds.org/partnerships/,https://www.castleintheclouds.org/partnerships/?utm_source=LinkedIn&utm_medium=Social&utm_campaign=About&utm_term=Partnerships&utm_content=Explore,,,1,2026-09-14T00:00:00.000Z,2026-09-14T00:00:00.000Z,CIC starter database | Partnerships | LinkedIn | Explore
742,completed_without_short_link,CIC,LinkedIn,social,About,About,LinkedIn,Social,About,Partnerships,,https://www.castleintheclouds.org/partnerships/,https://www.castleintheclouds.org/partnerships/?utm_source=LinkedIn&utm_medium=Social&utm_campaign=About&utm_term=Partnerships,,,1,2026-09-14T00:00:00.000Z,2026-09-14T00:00:00.000Z,CIC starter database | Partnerships | LinkedIn | {null}
743,completed_without_short_link,CIC,ConstantContact,email,About,About,ConstantContact,Email,About,Partnerships,Learn,https://www.castleintheclouds.org/partnerships/,https://www.castleintheclouds.org/partnerships/?utm_source=ConstantContact&utm_medium=Email&utm_campaign=About&utm_term=Partnerships&utm_content=Learn,,,1,2026-09-14T00:00:00.000Z,2026-09-14T00:00:00.000Z,CIC starter database | Partnerships | ConstantContact | Learn
744,completed_without_short_link,CIC,ConstantContact,email,About,About,ConstantContact,Email,About,Partnerships,Explore,https://www.castleintheclouds.org/partnerships/,https://www.castleintheclouds.org/partnerships/?utm_source=ConstantContact&utm_medium=Email&utm_campaign=About&utm_term=Partnerships&utm_content=Explore,,,1,2026-09-14T00:00:00.000Z,2026-09-14T00:00:00.000Z,CIC starter database | Partnerships | ConstantContact | Explore
745,completed_without_short_link,CIC,ConstantContact,email,About,About,ConstantContact,Email,About,Partnerships,,https://www.castleintheclouds.org/partnerships/,https://www.castleintheclouds.org/partnerships/?utm_source=ConstantContact&utm_medium=Email&utm_campaign=About&utm_term=Partnerships,,,1,2026-09-14T00:00:00.000Z,2026-09-14T00:00:00.000Z,CIC starter database | Partnerships | ConstantContact | {null}
746,completed_without_short_link,CIC,Facebook,social,About,About,Facebook,Social,About,ContactUs,Contact,https://www.castleintheclouds.org/contact-us/,https://www.castleintheclouds.org/contact-us/?utm_source=Facebook&utm_medium=Social&utm_campaign=About&utm_term=ContactUs&utm_content=Contact,,,1,2026-09-14T00:00:00.000Z,2026-09-14T00:00:00.000Z,CIC starter database | Contact Us | Facebook | Contact
747,completed_without_short_link,CIC,Facebook,social,About,About,Facebook,Social,About,ContactUs,,https://www.castleintheclouds.org/contact-us/,https://www.castleintheclouds.org/contact-us/?utm_source=Facebook&utm_medium=Social&utm_campaign=About&utm_term=ContactUs,,,1,2026-09-14T00:00:00.000Z,2026-09-14T00:00:00.000Z,CIC starter database | Contact Us | Facebook | {null}
748,completed_without_short_link,CIC,GMB,social,About,About,GMB,Social,About,ContactUs,Contact,https://www.castleintheclouds.org/contact-us/,https://www.castleintheclouds.org/contact-us/?utm_source=GMB&utm_medium=Social&utm_campaign=About&utm_term=ContactUs&utm_content=Contact,,,1,2026-09-14T00:00:00.000Z,2026-09-14T00:00:00.000Z,CIC starter database | Contact Us | GMB | Contact
749,completed_without_short_link,CIC,GMB,social,About,About,GMB,Social,About,ContactUs,,https://www.castleintheclouds.org/contact-us/,https://www.castleintheclouds.org/contact-us/?utm_source=GMB&utm_medium=Social&utm_campaign=About&utm_term=ContactUs,,,1,2026-09-14T00:00:00.000Z,2026-09-14T00:00:00.000Z,CIC starter database | Contact Us | GMB | {null}
750,completed_without_short_link,CIC,Instagram,social,About,About,Instagram,Social,About,ContactUs,Contact,https://www.castleintheclouds.org/contact-us/,https://www.castleintheclouds.org/contact-us/?utm_source=Instagram&utm_medium=Social&utm_campaign=About&utm_term=ContactUs&utm_content=Contact,,,1,2026-09-14T00:00:00.000Z,2026-09-14T00:00:00.000Z,CIC starter database | Contact Us | Instagram | Contact
751,completed_without_short_link,CIC,Instagram,social,About,About,Instagram,Social,About,ContactUs,,https://www.castleintheclouds.org/contact-us/,https://www.castleintheclouds.org/contact-us/?utm_source=Instagram&utm_medium=Social&utm_campaign=About&utm_term=ContactUs,,,1,2026-09-14T00:00:00.000Z,2026-09-14T00:00:00.000Z,CIC starter database | Contact Us | Instagram | {null}
752,completed_without_short_link,CIC,LinkedIn,social,About,About,LinkedIn,Social,About,ContactUs,Contact,https://www.castleintheclouds.org/contact-us/,https://www.castleintheclouds.org/contact-us/?utm_source=LinkedIn&utm_medium=Social&utm_campaign=About&utm_term=ContactUs&utm_content=Contact,,,1,2026-09-14T00:00:00.000Z,2026-09-14T00:00:00.000Z,CIC starter database | Contact Us | LinkedIn | Contact
753,completed_without_short_link,CIC,LinkedIn,social,About,About,LinkedIn,Social,About,ContactUs,,https://www.castleintheclouds.org/contact-us/,https://www.castleintheclouds.org/contact-us/?utm_source=LinkedIn&utm_medium=Social&utm_campaign=About&utm_term=ContactUs,,,1,2026-09-14T00:00:00.000Z,2026-09-14T00:00:00.000Z,CIC starter database | Contact Us | LinkedIn | {null}
754,completed_without_short_link,CIC,ConstantContact,email,About,About,ConstantContact,Email,About,ContactUs,Contact,https://www.castleintheclouds.org/contact-us/,https://www.castleintheclouds.org/contact-us/?utm_source=ConstantContact&utm_medium=Email&utm_campaign=About&utm_term=ContactUs&utm_content=Contact,,,1,2026-09-14T00:00:00.000Z,2026-09-14T00:00:00.000Z,CIC starter database | Contact Us | ConstantContact | Contact
755,completed_without_short_link,CIC,ConstantContact,email,About,About,ConstantContact,Email,About,ContactUs,,https://www.castleintheclouds.org/contact-us/,https://www.castleintheclouds.org/contact-us/?utm_source=ConstantContact&utm_medium=Email&utm_campaign=About&utm_term=ContactUs,,,1,2026-09-14T00:00:00.000Z,2026-09-14T00:00:00.000Z,CIC starter database | Contact Us | ConstantContact | {null}
