request_id,status,client,channel,asset_type,campaign_label,canonical_campaign,utm_source,utm_medium,utm_campaign,utm_term,utm_content,destination_url,final_long_url,short_url,qr_url,request_count,first_seen_at,last_seen_at,original_message
1,completed_without_short_link,SFG,Facebook,social,HomePage,HomePage,Facebook,Social,HomePage,LandingPage,Shop,https://studleys.com/,https://studleys.com/?utm_source=Facebook&utm_medium=Social&utm_campaign=HomePage&utm_term=LandingPage&utm_content=Shop,,,1,2026-08-24T19:05:40.662Z,2026-08-24T19:05:40.662Z,SFG starter database | Home | Facebook | Shop
2,completed_without_short_link,SFG,Facebook,social,HomePage,HomePage,Facebook,Social,HomePage,LandingPage,Learn,https://studleys.com/,https://studleys.com/?utm_source=Facebook&utm_medium=Social&utm_campaign=HomePage&utm_term=LandingPage&utm_content=Learn,,,1,2026-08-24T19:05:40.662Z,2026-08-24T19:05:40.662Z,SFG starter database | Home | Facebook | Learn
3,completed_without_short_link,SFG,Facebook,social,HomePage,HomePage,Facebook,Social,HomePage,LandingPage,Explore,https://studleys.com/,https://studleys.com/?utm_source=Facebook&utm_medium=Social&utm_campaign=HomePage&utm_term=LandingPage&utm_content=Explore,,,1,2026-08-24T19:05:40.662Z,2026-08-24T19:05:40.662Z,SFG starter database | Home | Facebook | Explore
4,completed_without_short_link,SFG,Facebook,social,HomePage,HomePage,Facebook,Social,HomePage,LandingPage,,https://studleys.com/,https://studleys.com/?utm_source=Facebook&utm_medium=Social&utm_campaign=HomePage&utm_term=LandingPage,,,1,2026-08-24T19:05:40.662Z,2026-08-24T19:05:40.662Z,SFG starter database | Home | Facebook | {null}
5,completed_without_short_link,SFG,GMB,social,HomePage,HomePage,GMB,Social,HomePage,LandingPage,Shop,https://studleys.com/,https://studleys.com/?utm_source=GMB&utm_medium=Social&utm_campaign=HomePage&utm_term=LandingPage&utm_content=Shop,,,1,2026-08-24T19:05:40.662Z,2026-08-24T19:05:40.662Z,SFG starter database | Home | GMB | Shop
6,completed_without_short_link,SFG,GMB,social,HomePage,HomePage,GMB,Social,HomePage,LandingPage,Learn,https://studleys.com/,https://studleys.com/?utm_source=GMB&utm_medium=Social&utm_campaign=HomePage&utm_term=LandingPage&utm_content=Learn,,,1,2026-08-24T19:05:40.662Z,2026-08-24T19:05:40.662Z,SFG starter database | Home | GMB | Learn
7,completed_without_short_link,SFG,GMB,social,HomePage,HomePage,GMB,Social,HomePage,LandingPage,Explore,https://studleys.com/,https://studleys.com/?utm_source=GMB&utm_medium=Social&utm_campaign=HomePage&utm_term=LandingPage&utm_content=Explore,,,1,2026-08-24T19:05:40.662Z,2026-08-24T19:05:40.662Z,SFG starter database | Home | GMB | Explore
8,completed_without_short_link,SFG,GMB,social,HomePage,HomePage,GMB,Social,HomePage,LandingPage,,https://studleys.com/,https://studleys.com/?utm_source=GMB&utm_medium=Social&utm_campaign=HomePage&utm_term=LandingPage,,,1,2026-08-24T19:05:40.662Z,2026-08-24T19:05:40.662Z,SFG starter database | Home | GMB | {null}
9,completed_without_short_link,SFG,Instagram,social,HomePage,HomePage,Instagram,Social,HomePage,LandingPage,Shop,https://studleys.com/,https://studleys.com/?utm_source=Instagram&utm_medium=Social&utm_campaign=HomePage&utm_term=LandingPage&utm_content=Shop,,,1,2026-08-24T19:05:40.662Z,2026-08-24T19:05:40.662Z,SFG starter database | Home | Instagram | Shop
10,completed_without_short_link,SFG,Instagram,social,HomePage,HomePage,Instagram,Social,HomePage,LandingPage,Learn,https://studleys.com/,https://studleys.com/?utm_source=Instagram&utm_medium=Social&utm_campaign=HomePage&utm_term=LandingPage&utm_content=Learn,,,1,2026-08-24T19:05:40.662Z,2026-08-24T19:05:40.662Z,SFG starter database | Home | Instagram | Learn
11,completed_without_short_link,SFG,Instagram,social,HomePage,HomePage,Instagram,Social,HomePage,LandingPage,Explore,https://studleys.com/,https://studleys.com/?utm_source=Instagram&utm_medium=Social&utm_campaign=HomePage&utm_term=LandingPage&utm_content=Explore,,,1,2026-08-24T19:05:40.662Z,2026-08-24T19:05:40.662Z,SFG starter database | Home | Instagram | Explore
12,completed_without_short_link,SFG,Instagram,social,HomePage,HomePage,Instagram,Social,HomePage,LandingPage,,https://studleys.com/,https://studleys.com/?utm_source=Instagram&utm_medium=Social&utm_campaign=HomePage&utm_term=LandingPage,,,1,2026-08-24T19:05:40.662Z,2026-08-24T19:05:40.662Z,SFG starter database | Home | Instagram | {null}
13,completed_without_short_link,SFG,LinkedIn,social,HomePage,HomePage,LinkedIn,Social,HomePage,LandingPage,Shop,https://studleys.com/,https://studleys.com/?utm_source=LinkedIn&utm_medium=Social&utm_campaign=HomePage&utm_term=LandingPage&utm_content=Shop,,,1,2026-08-24T19:05:40.662Z,2026-08-24T19:05:40.662Z,SFG starter database | Home | LinkedIn | Shop
14,completed_without_short_link,SFG,LinkedIn,social,HomePage,HomePage,LinkedIn,Social,HomePage,LandingPage,Learn,https://studleys.com/,https://studleys.com/?utm_source=LinkedIn&utm_medium=Social&utm_campaign=HomePage&utm_term=LandingPage&utm_content=Learn,,,1,2026-08-24T19:05:40.662Z,2026-08-24T19:05:40.662Z,SFG starter database | Home | LinkedIn | Learn
15,completed_without_short_link,SFG,LinkedIn,social,HomePage,HomePage,LinkedIn,Social,HomePage,LandingPage,Explore,https://studleys.com/,https://studleys.com/?utm_source=LinkedIn&utm_medium=Social&utm_campaign=HomePage&utm_term=LandingPage&utm_content=Explore,,,1,2026-08-24T19:05:40.662Z,2026-08-24T19:05:40.662Z,SFG starter database | Home | LinkedIn | Explore
16,completed_without_short_link,SFG,LinkedIn,social,HomePage,HomePage,LinkedIn,Social,HomePage,LandingPage,,https://studleys.com/,https://studleys.com/?utm_source=LinkedIn&utm_medium=Social&utm_campaign=HomePage&utm_term=LandingPage,,,1,2026-08-24T19:05:40.662Z,2026-08-24T19:05:40.662Z,SFG starter database | Home | LinkedIn | {null}
17,completed_without_short_link,SFG,ConstantContact,email,HomePage,HomePage,ConstantContact,Email,HomePage,LandingPage,Shop,https://studleys.com/,https://studleys.com/?utm_source=ConstantContact&utm_medium=Email&utm_campaign=HomePage&utm_term=LandingPage&utm_content=Shop,,,1,2026-08-24T19:05:40.662Z,2026-08-24T19:05:40.662Z,SFG starter database | Home | ConstantContact | Shop
18,completed_without_short_link,SFG,ConstantContact,email,HomePage,HomePage,ConstantContact,Email,HomePage,LandingPage,Learn,https://studleys.com/,https://studleys.com/?utm_source=ConstantContact&utm_medium=Email&utm_campaign=HomePage&utm_term=LandingPage&utm_content=Learn,,,1,2026-08-24T19:05:40.662Z,2026-08-24T19:05:40.662Z,SFG starter database | Home | ConstantContact | Learn
19,completed_without_short_link,SFG,ConstantContact,email,HomePage,HomePage,ConstantContact,Email,HomePage,LandingPage,Explore,https://studleys.com/,https://studleys.com/?utm_source=ConstantContact&utm_medium=Email&utm_campaign=HomePage&utm_term=LandingPage&utm_content=Explore,,,1,2026-08-24T19:05:40.662Z,2026-08-24T19:05:40.662Z,SFG starter database | Home | ConstantContact | Explore
20,completed_without_short_link,SFG,ConstantContact,email,HomePage,HomePage,ConstantContact,Email,HomePage,LandingPage,,https://studleys.com/,https://studleys.com/?utm_source=ConstantContact&utm_medium=Email&utm_campaign=HomePage&utm_term=LandingPage,,,1,2026-08-24T19:05:40.662Z,2026-08-24T19:05:40.662Z,SFG starter database | Home | ConstantContact | {null}
21,completed_without_short_link,SFG,Facebook,social,Floral,Floral,Facebook,Social,Floral,LandingPage,Shop,https://studleys.com/product-category/flowers/,https://studleys.com/product-category/flowers/?utm_source=Facebook&utm_medium=Social&utm_campaign=Floral&utm_term=LandingPage&utm_content=Shop,,,1,2026-08-24T19:05:40.662Z,2026-08-24T19:05:40.662Z,SFG starter database | Flowers | Facebook | Shop
22,completed_without_short_link,SFG,Facebook,social,Floral,Floral,Facebook,Social,Floral,LandingPage,Learn,https://studleys.com/product-category/flowers/,https://studleys.com/product-category/flowers/?utm_source=Facebook&utm_medium=Social&utm_campaign=Floral&utm_term=LandingPage&utm_content=Learn,,,1,2026-08-24T19:05:40.662Z,2026-08-24T19:05:40.662Z,SFG starter database | Flowers | Facebook | Learn
23,completed_without_short_link,SFG,Facebook,social,Floral,Floral,Facebook,Social,Floral,LandingPage,Explore,https://studleys.com/product-category/flowers/,https://studleys.com/product-category/flowers/?utm_source=Facebook&utm_medium=Social&utm_campaign=Floral&utm_term=LandingPage&utm_content=Explore,,,1,2026-08-24T19:05:40.662Z,2026-08-24T19:05:40.662Z,SFG starter database | Flowers | Facebook | Explore
24,completed_without_short_link,SFG,Facebook,social,Floral,Floral,Facebook,Social,Floral,LandingPage,,https://studleys.com/product-category/flowers/,https://studleys.com/product-category/flowers/?utm_source=Facebook&utm_medium=Social&utm_campaign=Floral&utm_term=LandingPage,,,1,2026-08-24T19:05:40.662Z,2026-08-24T19:05:40.662Z,SFG starter database | Flowers | Facebook | {null}
25,completed_without_short_link,SFG,GMB,social,Floral,Floral,GMB,Social,Floral,LandingPage,Shop,https://studleys.com/product-category/flowers/,https://studleys.com/product-category/flowers/?utm_source=GMB&utm_medium=Social&utm_campaign=Floral&utm_term=LandingPage&utm_content=Shop,,,1,2026-08-24T19:05:40.662Z,2026-08-24T19:05:40.662Z,SFG starter database | Flowers | GMB | Shop
26,completed_without_short_link,SFG,GMB,social,Floral,Floral,GMB,Social,Floral,LandingPage,Learn,https://studleys.com/product-category/flowers/,https://studleys.com/product-category/flowers/?utm_source=GMB&utm_medium=Social&utm_campaign=Floral&utm_term=LandingPage&utm_content=Learn,,,1,2026-08-24T19:05:40.662Z,2026-08-24T19:05:40.662Z,SFG starter database | Flowers | GMB | Learn
27,completed_without_short_link,SFG,GMB,social,Floral,Floral,GMB,Social,Floral,LandingPage,Explore,https://studleys.com/product-category/flowers/,https://studleys.com/product-category/flowers/?utm_source=GMB&utm_medium=Social&utm_campaign=Floral&utm_term=LandingPage&utm_content=Explore,,,1,2026-08-24T19:05:40.662Z,2026-08-24T19:05:40.662Z,SFG starter database | Flowers | GMB | Explore
28,completed_without_short_link,SFG,GMB,social,Floral,Floral,GMB,Social,Floral,LandingPage,,https://studleys.com/product-category/flowers/,https://studleys.com/product-category/flowers/?utm_source=GMB&utm_medium=Social&utm_campaign=Floral&utm_term=LandingPage,,,1,2026-08-24T19:05:40.662Z,2026-08-24T19:05:40.662Z,SFG starter database | Flowers | GMB | {null}
29,completed_without_short_link,SFG,Instagram,social,Floral,Floral,Instagram,Social,Floral,LandingPage,Shop,https://studleys.com/product-category/flowers/,https://studleys.com/product-category/flowers/?utm_source=Instagram&utm_medium=Social&utm_campaign=Floral&utm_term=LandingPage&utm_content=Shop,,,1,2026-08-24T19:05:40.662Z,2026-08-24T19:05:40.662Z,SFG starter database | Flowers | Instagram | Shop
30,completed_without_short_link,SFG,Instagram,social,Floral,Floral,Instagram,Social,Floral,LandingPage,Learn,https://studleys.com/product-category/flowers/,https://studleys.com/product-category/flowers/?utm_source=Instagram&utm_medium=Social&utm_campaign=Floral&utm_term=LandingPage&utm_content=Learn,,,1,2026-08-24T19:05:40.662Z,2026-08-24T19:05:40.662Z,SFG starter database | Flowers | Instagram | Learn
31,completed_without_short_link,SFG,Instagram,social,Floral,Floral,Instagram,Social,Floral,LandingPage,Explore,https://studleys.com/product-category/flowers/,https://studleys.com/product-category/flowers/?utm_source=Instagram&utm_medium=Social&utm_campaign=Floral&utm_term=LandingPage&utm_content=Explore,,,1,2026-08-24T19:05:40.662Z,2026-08-24T19:05:40.662Z,SFG starter database | Flowers | Instagram | Explore
32,completed_without_short_link,SFG,Instagram,social,Floral,Floral,Instagram,Social,Floral,LandingPage,,https://studleys.com/product-category/flowers/,https://studleys.com/product-category/flowers/?utm_source=Instagram&utm_medium=Social&utm_campaign=Floral&utm_term=LandingPage,,,1,2026-08-24T19:05:40.662Z,2026-08-24T19:05:40.662Z,SFG starter database | Flowers | Instagram | {null}
33,completed_without_short_link,SFG,LinkedIn,social,Floral,Floral,LinkedIn,Social,Floral,LandingPage,Shop,https://studleys.com/product-category/flowers/,https://studleys.com/product-category/flowers/?utm_source=LinkedIn&utm_medium=Social&utm_campaign=Floral&utm_term=LandingPage&utm_content=Shop,,,1,2026-08-24T19:05:40.662Z,2026-08-24T19:05:40.662Z,SFG starter database | Flowers | LinkedIn | Shop
34,completed_without_short_link,SFG,LinkedIn,social,Floral,Floral,LinkedIn,Social,Floral,LandingPage,Learn,https://studleys.com/product-category/flowers/,https://studleys.com/product-category/flowers/?utm_source=LinkedIn&utm_medium=Social&utm_campaign=Floral&utm_term=LandingPage&utm_content=Learn,,,1,2026-08-24T19:05:40.662Z,2026-08-24T19:05:40.662Z,SFG starter database | Flowers | LinkedIn | Learn
35,completed_without_short_link,SFG,LinkedIn,social,Floral,Floral,LinkedIn,Social,Floral,LandingPage,Explore,https://studleys.com/product-category/flowers/,https://studleys.com/product-category/flowers/?utm_source=LinkedIn&utm_medium=Social&utm_campaign=Floral&utm_term=LandingPage&utm_content=Explore,,,1,2026-08-24T19:05:40.662Z,2026-08-24T19:05:40.662Z,SFG starter database | Flowers | LinkedIn | Explore
36,completed_without_short_link,SFG,LinkedIn,social,Floral,Floral,LinkedIn,Social,Floral,LandingPage,,https://studleys.com/product-category/flowers/,https://studleys.com/product-category/flowers/?utm_source=LinkedIn&utm_medium=Social&utm_campaign=Floral&utm_term=LandingPage,,,1,2026-08-24T19:05:40.662Z,2026-08-24T19:05:40.662Z,SFG starter database | Flowers | LinkedIn | {null}
37,completed_without_short_link,SFG,ConstantContact,email,Floral,Floral,ConstantContact,Email,Floral,LandingPage,Shop,https://studleys.com/product-category/flowers/,https://studleys.com/product-category/flowers/?utm_source=ConstantContact&utm_medium=Email&utm_campaign=Floral&utm_term=LandingPage&utm_content=Shop,,,1,2026-08-24T19:05:40.662Z,2026-08-24T19:05:40.662Z,SFG starter database | Flowers | ConstantContact | Shop
38,completed_without_short_link,SFG,ConstantContact,email,Floral,Floral,ConstantContact,Email,Floral,LandingPage,Learn,https://studleys.com/product-category/flowers/,https://studleys.com/product-category/flowers/?utm_source=ConstantContact&utm_medium=Email&utm_campaign=Floral&utm_term=LandingPage&utm_content=Learn,,,1,2026-08-24T19:05:40.662Z,2026-08-24T19:05:40.662Z,SFG starter database | Flowers | ConstantContact | Learn
39,completed_without_short_link,SFG,ConstantContact,email,Floral,Floral,ConstantContact,Email,Floral,LandingPage,Explore,https://studleys.com/product-category/flowers/,https://studleys.com/product-category/flowers/?utm_source=ConstantContact&utm_medium=Email&utm_campaign=Floral&utm_term=LandingPage&utm_content=Explore,,,1,2026-08-24T19:05:40.662Z,2026-08-24T19:05:40.662Z,SFG starter database | Flowers | ConstantContact | Explore
40,completed_without_short_link,SFG,ConstantContact,email,Floral,Floral,ConstantContact,Email,Floral,LandingPage,,https://studleys.com/product-category/flowers/,https://studleys.com/product-category/flowers/?utm_source=ConstantContact&utm_medium=Email&utm_campaign=Floral&utm_term=LandingPage,,,1,2026-08-24T19:05:40.662Z,2026-08-24T19:05:40.662Z,SFG starter database | Flowers | ConstantContact | {null}
41,completed_without_short_link,SFG,Facebook,social,Floral,Floral,Facebook,Social,Floral,AllFlowers,Shop,https://studleys.com/product-category/flowers/,https://studleys.com/product-category/flowers/?utm_source=Facebook&utm_medium=Social&utm_campaign=Floral&utm_term=AllFlowers&utm_content=Shop,,,1,2026-08-24T19:05:40.662Z,2026-08-24T19:05:40.662Z,SFG starter database | All Flowers | Facebook | Shop
42,completed_without_short_link,SFG,Facebook,social,Floral,Floral,Facebook,Social,Floral,AllFlowers,Learn,https://studleys.com/product-category/flowers/,https://studleys.com/product-category/flowers/?utm_source=Facebook&utm_medium=Social&utm_campaign=Floral&utm_term=AllFlowers&utm_content=Learn,,,1,2026-08-24T19:05:40.662Z,2026-08-24T19:05:40.662Z,SFG starter database | All Flowers | Facebook | Learn
43,completed_without_short_link,SFG,Facebook,social,Floral,Floral,Facebook,Social,Floral,AllFlowers,Explore,https://studleys.com/product-category/flowers/,https://studleys.com/product-category/flowers/?utm_source=Facebook&utm_medium=Social&utm_campaign=Floral&utm_term=AllFlowers&utm_content=Explore,,,1,2026-08-24T19:05:40.662Z,2026-08-24T19:05:40.662Z,SFG starter database | All Flowers | Facebook | Explore
44,completed_without_short_link,SFG,Facebook,social,Floral,Floral,Facebook,Social,Floral,AllFlowers,,https://studleys.com/product-category/flowers/,https://studleys.com/product-category/flowers/?utm_source=Facebook&utm_medium=Social&utm_campaign=Floral&utm_term=AllFlowers,,,1,2026-08-24T19:05:40.662Z,2026-08-24T19:05:40.662Z,SFG starter database | All Flowers | Facebook | {null}
45,completed_without_short_link,SFG,GMB,social,Floral,Floral,GMB,Social,Floral,AllFlowers,Shop,https://studleys.com/product-category/flowers/,https://studleys.com/product-category/flowers/?utm_source=GMB&utm_medium=Social&utm_campaign=Floral&utm_term=AllFlowers&utm_content=Shop,,,1,2026-08-24T19:05:40.662Z,2026-08-24T19:05:40.662Z,SFG starter database | All Flowers | GMB | Shop
46,completed_without_short_link,SFG,GMB,social,Floral,Floral,GMB,Social,Floral,AllFlowers,Learn,https://studleys.com/product-category/flowers/,https://studleys.com/product-category/flowers/?utm_source=GMB&utm_medium=Social&utm_campaign=Floral&utm_term=AllFlowers&utm_content=Learn,,,1,2026-08-24T19:05:40.662Z,2026-08-24T19:05:40.662Z,SFG starter database | All Flowers | GMB | Learn
47,completed_without_short_link,SFG,GMB,social,Floral,Floral,GMB,Social,Floral,AllFlowers,Explore,https://studleys.com/product-category/flowers/,https://studleys.com/product-category/flowers/?utm_source=GMB&utm_medium=Social&utm_campaign=Floral&utm_term=AllFlowers&utm_content=Explore,,,1,2026-08-24T19:05:40.662Z,2026-08-24T19:05:40.662Z,SFG starter database | All Flowers | GMB | Explore
48,completed_without_short_link,SFG,GMB,social,Floral,Floral,GMB,Social,Floral,AllFlowers,,https://studleys.com/product-category/flowers/,https://studleys.com/product-category/flowers/?utm_source=GMB&utm_medium=Social&utm_campaign=Floral&utm_term=AllFlowers,,,1,2026-08-24T19:05:40.662Z,2026-08-24T19:05:40.662Z,SFG starter database | All Flowers | GMB | {null}
49,completed_without_short_link,SFG,Instagram,social,Floral,Floral,Instagram,Social,Floral,AllFlowers,Shop,https://studleys.com/product-category/flowers/,https://studleys.com/product-category/flowers/?utm_source=Instagram&utm_medium=Social&utm_campaign=Floral&utm_term=AllFlowers&utm_content=Shop,,,1,2026-08-24T19:05:40.662Z,2026-08-24T19:05:40.662Z,SFG starter database | All Flowers | Instagram | Shop
50,completed_without_short_link,SFG,Instagram,social,Floral,Floral,Instagram,Social,Floral,AllFlowers,Learn,https://studleys.com/product-category/flowers/,https://studleys.com/product-category/flowers/?utm_source=Instagram&utm_medium=Social&utm_campaign=Floral&utm_term=AllFlowers&utm_content=Learn,,,1,2026-08-24T19:05:40.662Z,2026-08-24T19:05:40.662Z,SFG starter database | All Flowers | Instagram | Learn
51,completed_without_short_link,SFG,Instagram,social,Floral,Floral,Instagram,Social,Floral,AllFlowers,Explore,https://studleys.com/product-category/flowers/,https://studleys.com/product-category/flowers/?utm_source=Instagram&utm_medium=Social&utm_campaign=Floral&utm_term=AllFlowers&utm_content=Explore,,,1,2026-08-24T19:05:40.662Z,2026-08-24T19:05:40.662Z,SFG starter database | All Flowers | Instagram | Explore
52,completed_without_short_link,SFG,Instagram,social,Floral,Floral,Instagram,Social,Floral,AllFlowers,,https://studleys.com/product-category/flowers/,https://studleys.com/product-category/flowers/?utm_source=Instagram&utm_medium=Social&utm_campaign=Floral&utm_term=AllFlowers,,,1,2026-08-24T19:05:40.662Z,2026-08-24T19:05:40.662Z,SFG starter database | All Flowers | Instagram | {null}
53,completed_without_short_link,SFG,LinkedIn,social,Floral,Floral,LinkedIn,Social,Floral,AllFlowers,Shop,https://studleys.com/product-category/flowers/,https://studleys.com/product-category/flowers/?utm_source=LinkedIn&utm_medium=Social&utm_campaign=Floral&utm_term=AllFlowers&utm_content=Shop,,,1,2026-08-24T19:05:40.662Z,2026-08-24T19:05:40.662Z,SFG starter database | All Flowers | LinkedIn | Shop
54,completed_without_short_link,SFG,LinkedIn,social,Floral,Floral,LinkedIn,Social,Floral,AllFlowers,Learn,https://studleys.com/product-category/flowers/,https://studleys.com/product-category/flowers/?utm_source=LinkedIn&utm_medium=Social&utm_campaign=Floral&utm_term=AllFlowers&utm_content=Learn,,,1,2026-08-24T19:05:40.662Z,2026-08-24T19:05:40.662Z,SFG starter database | All Flowers | LinkedIn | Learn
55,completed_without_short_link,SFG,LinkedIn,social,Floral,Floral,LinkedIn,Social,Floral,AllFlowers,Explore,https://studleys.com/product-category/flowers/,https://studleys.com/product-category/flowers/?utm_source=LinkedIn&utm_medium=Social&utm_campaign=Floral&utm_term=AllFlowers&utm_content=Explore,,,1,2026-08-24T19:05:40.662Z,2026-08-24T19:05:40.662Z,SFG starter database | All Flowers | LinkedIn | Explore
56,completed_without_short_link,SFG,LinkedIn,social,Floral,Floral,LinkedIn,Social,Floral,AllFlowers,,https://studleys.com/product-category/flowers/,https://studleys.com/product-category/flowers/?utm_source=LinkedIn&utm_medium=Social&utm_campaign=Floral&utm_term=AllFlowers,,,1,2026-08-24T19:05:40.662Z,2026-08-24T19:05:40.662Z,SFG starter database | All Flowers | LinkedIn | {null}
57,completed_without_short_link,SFG,ConstantContact,email,Floral,Floral,ConstantContact,Email,Floral,AllFlowers,Shop,https://studleys.com/product-category/flowers/,https://studleys.com/product-category/flowers/?utm_source=ConstantContact&utm_medium=Email&utm_campaign=Floral&utm_term=AllFlowers&utm_content=Shop,,,1,2026-08-24T19:05:40.662Z,2026-08-24T19:05:40.662Z,SFG starter database | All Flowers | ConstantContact | Shop
58,completed_without_short_link,SFG,ConstantContact,email,Floral,Floral,ConstantContact,Email,Floral,AllFlowers,Learn,https://studleys.com/product-category/flowers/,https://studleys.com/product-category/flowers/?utm_source=ConstantContact&utm_medium=Email&utm_campaign=Floral&utm_term=AllFlowers&utm_content=Learn,,,1,2026-08-24T19:05:40.662Z,2026-08-24T19:05:40.662Z,SFG starter database | All Flowers | ConstantContact | Learn
59,completed_without_short_link,SFG,ConstantContact,email,Floral,Floral,ConstantContact,Email,Floral,AllFlowers,Explore,https://studleys.com/product-category/flowers/,https://studleys.com/product-category/flowers/?utm_source=ConstantContact&utm_medium=Email&utm_campaign=Floral&utm_term=AllFlowers&utm_content=Explore,,,1,2026-08-24T19:05:40.662Z,2026-08-24T19:05:40.662Z,SFG starter database | All Flowers | ConstantContact | Explore
60,completed_without_short_link,SFG,ConstantContact,email,Floral,Floral,ConstantContact,Email,Floral,AllFlowers,,https://studleys.com/product-category/flowers/,https://studleys.com/product-category/flowers/?utm_source=ConstantContact&utm_medium=Email&utm_campaign=Floral&utm_term=AllFlowers,,,1,2026-08-24T19:05:40.662Z,2026-08-24T19:05:40.662Z,SFG starter database | All Flowers | ConstantContact | {null}
61,completed_without_short_link,SFG,Facebook,social,Floral,Floral,Facebook,Social,Floral,Summer,Shop,https://studleys.com/product-category/flowers/summer/,https://studleys.com/product-category/flowers/summer/?utm_source=Facebook&utm_medium=Social&utm_campaign=Floral&utm_term=Summer&utm_content=Shop,,,1,2026-08-24T19:05:40.662Z,2026-08-24T19:05:40.662Z,SFG starter database | Summer | Facebook | Shop
62,completed_without_short_link,SFG,Facebook,social,Floral,Floral,Facebook,Social,Floral,Summer,Learn,https://studleys.com/product-category/flowers/summer/,https://studleys.com/product-category/flowers/summer/?utm_source=Facebook&utm_medium=Social&utm_campaign=Floral&utm_term=Summer&utm_content=Learn,,,1,2026-08-24T19:05:40.662Z,2026-08-24T19:05:40.662Z,SFG starter database | Summer | Facebook | Learn
63,completed_without_short_link,SFG,Facebook,social,Floral,Floral,Facebook,Social,Floral,Summer,Explore,https://studleys.com/product-category/flowers/summer/,https://studleys.com/product-category/flowers/summer/?utm_source=Facebook&utm_medium=Social&utm_campaign=Floral&utm_term=Summer&utm_content=Explore,,,1,2026-08-24T19:05:40.662Z,2026-08-24T19:05:40.662Z,SFG starter database | Summer | Facebook | Explore
64,completed_without_short_link,SFG,Facebook,social,Floral,Floral,Facebook,Social,Floral,Summer,,https://studleys.com/product-category/flowers/summer/,https://studleys.com/product-category/flowers/summer/?utm_source=Facebook&utm_medium=Social&utm_campaign=Floral&utm_term=Summer,,,1,2026-08-24T19:05:40.662Z,2026-08-24T19:05:40.662Z,SFG starter database | Summer | Facebook | {null}
65,completed_without_short_link,SFG,GMB,social,Floral,Floral,GMB,Social,Floral,Summer,Shop,https://studleys.com/product-category/flowers/summer/,https://studleys.com/product-category/flowers/summer/?utm_source=GMB&utm_medium=Social&utm_campaign=Floral&utm_term=Summer&utm_content=Shop,,,1,2026-08-24T19:05:40.662Z,2026-08-24T19:05:40.662Z,SFG starter database | Summer | GMB | Shop
66,completed_without_short_link,SFG,GMB,social,Floral,Floral,GMB,Social,Floral,Summer,Learn,https://studleys.com/product-category/flowers/summer/,https://studleys.com/product-category/flowers/summer/?utm_source=GMB&utm_medium=Social&utm_campaign=Floral&utm_term=Summer&utm_content=Learn,,,1,2026-08-24T19:05:40.662Z,2026-08-24T19:05:40.662Z,SFG starter database | Summer | GMB | Learn
67,completed_without_short_link,SFG,GMB,social,Floral,Floral,GMB,Social,Floral,Summer,Explore,https://studleys.com/product-category/flowers/summer/,https://studleys.com/product-category/flowers/summer/?utm_source=GMB&utm_medium=Social&utm_campaign=Floral&utm_term=Summer&utm_content=Explore,,,1,2026-08-24T19:05:40.662Z,2026-08-24T19:05:40.662Z,SFG starter database | Summer | GMB | Explore
68,completed_without_short_link,SFG,GMB,social,Floral,Floral,GMB,Social,Floral,Summer,,https://studleys.com/product-category/flowers/summer/,https://studleys.com/product-category/flowers/summer/?utm_source=GMB&utm_medium=Social&utm_campaign=Floral&utm_term=Summer,,,1,2026-08-24T19:05:40.662Z,2026-08-24T19:05:40.662Z,SFG starter database | Summer | GMB | {null}
69,completed_without_short_link,SFG,Instagram,social,Floral,Floral,Instagram,Social,Floral,Summer,Shop,https://studleys.com/product-category/flowers/summer/,https://studleys.com/product-category/flowers/summer/?utm_source=Instagram&utm_medium=Social&utm_campaign=Floral&utm_term=Summer&utm_content=Shop,,,1,2026-08-24T19:05:40.662Z,2026-08-24T19:05:40.662Z,SFG starter database | Summer | Instagram | Shop
70,completed_without_short_link,SFG,Instagram,social,Floral,Floral,Instagram,Social,Floral,Summer,Learn,https://studleys.com/product-category/flowers/summer/,https://studleys.com/product-category/flowers/summer/?utm_source=Instagram&utm_medium=Social&utm_campaign=Floral&utm_term=Summer&utm_content=Learn,,,1,2026-08-24T19:05:40.662Z,2026-08-24T19:05:40.662Z,SFG starter database | Summer | Instagram | Learn
71,completed_without_short_link,SFG,Instagram,social,Floral,Floral,Instagram,Social,Floral,Summer,Explore,https://studleys.com/product-category/flowers/summer/,https://studleys.com/product-category/flowers/summer/?utm_source=Instagram&utm_medium=Social&utm_campaign=Floral&utm_term=Summer&utm_content=Explore,,,1,2026-08-24T19:05:40.662Z,2026-08-24T19:05:40.662Z,SFG starter database | Summer | Instagram | Explore
72,completed_without_short_link,SFG,Instagram,social,Floral,Floral,Instagram,Social,Floral,Summer,,https://studleys.com/product-category/flowers/summer/,https://studleys.com/product-category/flowers/summer/?utm_source=Instagram&utm_medium=Social&utm_campaign=Floral&utm_term=Summer,,,1,2026-08-24T19:05:40.662Z,2026-08-24T19:05:40.662Z,SFG starter database | Summer | Instagram | {null}
73,completed_without_short_link,SFG,LinkedIn,social,Floral,Floral,LinkedIn,Social,Floral,Summer,Shop,https://studleys.com/product-category/flowers/summer/,https://studleys.com/product-category/flowers/summer/?utm_source=LinkedIn&utm_medium=Social&utm_campaign=Floral&utm_term=Summer&utm_content=Shop,,,1,2026-08-24T19:05:40.662Z,2026-08-24T19:05:40.662Z,SFG starter database | Summer | LinkedIn | Shop
74,completed_without_short_link,SFG,LinkedIn,social,Floral,Floral,LinkedIn,Social,Floral,Summer,Learn,https://studleys.com/product-category/flowers/summer/,https://studleys.com/product-category/flowers/summer/?utm_source=LinkedIn&utm_medium=Social&utm_campaign=Floral&utm_term=Summer&utm_content=Learn,,,1,2026-08-24T19:05:40.662Z,2026-08-24T19:05:40.662Z,SFG starter database | Summer | LinkedIn | Learn
75,completed_without_short_link,SFG,LinkedIn,social,Floral,Floral,LinkedIn,Social,Floral,Summer,Explore,https://studleys.com/product-category/flowers/summer/,https://studleys.com/product-category/flowers/summer/?utm_source=LinkedIn&utm_medium=Social&utm_campaign=Floral&utm_term=Summer&utm_content=Explore,,,1,2026-08-24T19:05:40.662Z,2026-08-24T19:05:40.662Z,SFG starter database | Summer | LinkedIn | Explore
76,completed_without_short_link,SFG,LinkedIn,social,Floral,Floral,LinkedIn,Social,Floral,Summer,,https://studleys.com/product-category/flowers/summer/,https://studleys.com/product-category/flowers/summer/?utm_source=LinkedIn&utm_medium=Social&utm_campaign=Floral&utm_term=Summer,,,1,2026-08-24T19:05:40.662Z,2026-08-24T19:05:40.662Z,SFG starter database | Summer | LinkedIn | {null}
77,completed_without_short_link,SFG,ConstantContact,email,Floral,Floral,ConstantContact,Email,Floral,Summer,Shop,https://studleys.com/product-category/flowers/summer/,https://studleys.com/product-category/flowers/summer/?utm_source=ConstantContact&utm_medium=Email&utm_campaign=Floral&utm_term=Summer&utm_content=Shop,,,1,2026-08-24T19:05:40.662Z,2026-08-24T19:05:40.662Z,SFG starter database | Summer | ConstantContact | Shop
78,completed_without_short_link,SFG,ConstantContact,email,Floral,Floral,ConstantContact,Email,Floral,Summer,Learn,https://studleys.com/product-category/flowers/summer/,https://studleys.com/product-category/flowers/summer/?utm_source=ConstantContact&utm_medium=Email&utm_campaign=Floral&utm_term=Summer&utm_content=Learn,,,1,2026-08-24T19:05:40.662Z,2026-08-24T19:05:40.662Z,SFG starter database | Summer | ConstantContact | Learn
79,completed_without_short_link,SFG,ConstantContact,email,Floral,Floral,ConstantContact,Email,Floral,Summer,Explore,https://studleys.com/product-category/flowers/summer/,https://studleys.com/product-category/flowers/summer/?utm_source=ConstantContact&utm_medium=Email&utm_campaign=Floral&utm_term=Summer&utm_content=Explore,,,1,2026-08-24T19:05:40.662Z,2026-08-24T19:05:40.662Z,SFG starter database | Summer | ConstantContact | Explore
80,completed_without_short_link,SFG,ConstantContact,email,Floral,Floral,ConstantContact,Email,Floral,Summer,,https://studleys.com/product-category/flowers/summer/,https://studleys.com/product-category/flowers/summer/?utm_source=ConstantContact&utm_medium=Email&utm_campaign=Floral&utm_term=Summer,,,1,2026-08-24T19:05:40.662Z,2026-08-24T19:05:40.662Z,SFG starter database | Summer | ConstantContact | {null}
81,completed_without_short_link,SFG,Facebook,social,Floral,Floral,Facebook,Social,Floral,GardenCenterGifts,Shop,https://studleys.com/product-category/flowers/garden-center-gifts/,https://studleys.com/product-category/flowers/garden-center-gifts/?utm_source=Facebook&utm_medium=Social&utm_campaign=Floral&utm_term=GardenCenterGifts&utm_content=Shop,,,1,2026-08-24T19:05:40.662Z,2026-08-24T19:05:40.662Z,SFG starter database | Garden Center Gifts | Facebook | Shop
82,completed_without_short_link,SFG,Facebook,social,Floral,Floral,Facebook,Social,Floral,GardenCenterGifts,Learn,https://studleys.com/product-category/flowers/garden-center-gifts/,https://studleys.com/product-category/flowers/garden-center-gifts/?utm_source=Facebook&utm_medium=Social&utm_campaign=Floral&utm_term=GardenCenterGifts&utm_content=Learn,,,1,2026-08-24T19:05:40.662Z,2026-08-24T19:05:40.662Z,SFG starter database | Garden Center Gifts | Facebook | Learn
83,completed_without_short_link,SFG,Facebook,social,Floral,Floral,Facebook,Social,Floral,GardenCenterGifts,Explore,https://studleys.com/product-category/flowers/garden-center-gifts/,https://studleys.com/product-category/flowers/garden-center-gifts/?utm_source=Facebook&utm_medium=Social&utm_campaign=Floral&utm_term=GardenCenterGifts&utm_content=Explore,,,1,2026-08-24T19:05:40.662Z,2026-08-24T19:05:40.662Z,SFG starter database | Garden Center Gifts | Facebook | Explore
84,completed_without_short_link,SFG,Facebook,social,Floral,Floral,Facebook,Social,Floral,GardenCenterGifts,,https://studleys.com/product-category/flowers/garden-center-gifts/,https://studleys.com/product-category/flowers/garden-center-gifts/?utm_source=Facebook&utm_medium=Social&utm_campaign=Floral&utm_term=GardenCenterGifts,,,1,2026-08-24T19:05:40.662Z,2026-08-24T19:05:40.662Z,SFG starter database | Garden Center Gifts | Facebook | {null}
85,completed_without_short_link,SFG,GMB,social,Floral,Floral,GMB,Social,Floral,GardenCenterGifts,Shop,https://studleys.com/product-category/flowers/garden-center-gifts/,https://studleys.com/product-category/flowers/garden-center-gifts/?utm_source=GMB&utm_medium=Social&utm_campaign=Floral&utm_term=GardenCenterGifts&utm_content=Shop,,,1,2026-08-24T19:05:40.662Z,2026-08-24T19:05:40.662Z,SFG starter database | Garden Center Gifts | GMB | Shop
86,completed_without_short_link,SFG,GMB,social,Floral,Floral,GMB,Social,Floral,GardenCenterGifts,Learn,https://studleys.com/product-category/flowers/garden-center-gifts/,https://studleys.com/product-category/flowers/garden-center-gifts/?utm_source=GMB&utm_medium=Social&utm_campaign=Floral&utm_term=GardenCenterGifts&utm_content=Learn,,,1,2026-08-24T19:05:40.662Z,2026-08-24T19:05:40.662Z,SFG starter database | Garden Center Gifts | GMB | Learn
87,completed_without_short_link,SFG,GMB,social,Floral,Floral,GMB,Social,Floral,GardenCenterGifts,Explore,https://studleys.com/product-category/flowers/garden-center-gifts/,https://studleys.com/product-category/flowers/garden-center-gifts/?utm_source=GMB&utm_medium=Social&utm_campaign=Floral&utm_term=GardenCenterGifts&utm_content=Explore,,,1,2026-08-24T19:05:40.662Z,2026-08-24T19:05:40.662Z,SFG starter database | Garden Center Gifts | GMB | Explore
88,completed_without_short_link,SFG,GMB,social,Floral,Floral,GMB,Social,Floral,GardenCenterGifts,,https://studleys.com/product-category/flowers/garden-center-gifts/,https://studleys.com/product-category/flowers/garden-center-gifts/?utm_source=GMB&utm_medium=Social&utm_campaign=Floral&utm_term=GardenCenterGifts,,,1,2026-08-24T19:05:40.662Z,2026-08-24T19:05:40.662Z,SFG starter database | Garden Center Gifts | GMB | {null}
89,completed_without_short_link,SFG,Instagram,social,Floral,Floral,Instagram,Social,Floral,GardenCenterGifts,Shop,https://studleys.com/product-category/flowers/garden-center-gifts/,https://studleys.com/product-category/flowers/garden-center-gifts/?utm_source=Instagram&utm_medium=Social&utm_campaign=Floral&utm_term=GardenCenterGifts&utm_content=Shop,,,1,2026-08-24T19:05:40.662Z,2026-08-24T19:05:40.662Z,SFG starter database | Garden Center Gifts | Instagram | Shop
90,completed_without_short_link,SFG,Instagram,social,Floral,Floral,Instagram,Social,Floral,GardenCenterGifts,Learn,https://studleys.com/product-category/flowers/garden-center-gifts/,https://studleys.com/product-category/flowers/garden-center-gifts/?utm_source=Instagram&utm_medium=Social&utm_campaign=Floral&utm_term=GardenCenterGifts&utm_content=Learn,,,1,2026-08-24T19:05:40.662Z,2026-08-24T19:05:40.662Z,SFG starter database | Garden Center Gifts | Instagram | Learn
91,completed_without_short_link,SFG,Instagram,social,Floral,Floral,Instagram,Social,Floral,GardenCenterGifts,Explore,https://studleys.com/product-category/flowers/garden-center-gifts/,https://studleys.com/product-category/flowers/garden-center-gifts/?utm_source=Instagram&utm_medium=Social&utm_campaign=Floral&utm_term=GardenCenterGifts&utm_content=Explore,,,1,2026-08-24T19:05:40.662Z,2026-08-24T19:05:40.662Z,SFG starter database | Garden Center Gifts | Instagram | Explore
92,completed_without_short_link,SFG,Instagram,social,Floral,Floral,Instagram,Social,Floral,GardenCenterGifts,,https://studleys.com/product-category/flowers/garden-center-gifts/,https://studleys.com/product-category/flowers/garden-center-gifts/?utm_source=Instagram&utm_medium=Social&utm_campaign=Floral&utm_term=GardenCenterGifts,,,1,2026-08-24T19:05:40.662Z,2026-08-24T19:05:40.662Z,SFG starter database | Garden Center Gifts | Instagram | {null}
93,completed_without_short_link,SFG,LinkedIn,social,Floral,Floral,LinkedIn,Social,Floral,GardenCenterGifts,Shop,https://studleys.com/product-category/flowers/garden-center-gifts/,https://studleys.com/product-category/flowers/garden-center-gifts/?utm_source=LinkedIn&utm_medium=Social&utm_campaign=Floral&utm_term=GardenCenterGifts&utm_content=Shop,,,1,2026-08-24T19:05:40.662Z,2026-08-24T19:05:40.662Z,SFG starter database | Garden Center Gifts | LinkedIn | Shop
94,completed_without_short_link,SFG,LinkedIn,social,Floral,Floral,LinkedIn,Social,Floral,GardenCenterGifts,Learn,https://studleys.com/product-category/flowers/garden-center-gifts/,https://studleys.com/product-category/flowers/garden-center-gifts/?utm_source=LinkedIn&utm_medium=Social&utm_campaign=Floral&utm_term=GardenCenterGifts&utm_content=Learn,,,1,2026-08-24T19:05:40.662Z,2026-08-24T19:05:40.662Z,SFG starter database | Garden Center Gifts | LinkedIn | Learn
95,completed_without_short_link,SFG,LinkedIn,social,Floral,Floral,LinkedIn,Social,Floral,GardenCenterGifts,Explore,https://studleys.com/product-category/flowers/garden-center-gifts/,https://studleys.com/product-category/flowers/garden-center-gifts/?utm_source=LinkedIn&utm_medium=Social&utm_campaign=Floral&utm_term=GardenCenterGifts&utm_content=Explore,,,1,2026-08-24T19:05:40.662Z,2026-08-24T19:05:40.662Z,SFG starter database | Garden Center Gifts | LinkedIn | Explore
96,completed_without_short_link,SFG,LinkedIn,social,Floral,Floral,LinkedIn,Social,Floral,GardenCenterGifts,,https://studleys.com/product-category/flowers/garden-center-gifts/,https://studleys.com/product-category/flowers/garden-center-gifts/?utm_source=LinkedIn&utm_medium=Social&utm_campaign=Floral&utm_term=GardenCenterGifts,,,1,2026-08-24T19:05:40.662Z,2026-08-24T19:05:40.662Z,SFG starter database | Garden Center Gifts | LinkedIn | {null}
97,completed_without_short_link,SFG,ConstantContact,email,Floral,Floral,ConstantContact,Email,Floral,GardenCenterGifts,Shop,https://studleys.com/product-category/flowers/garden-center-gifts/,https://studleys.com/product-category/flowers/garden-center-gifts/?utm_source=ConstantContact&utm_medium=Email&utm_campaign=Floral&utm_term=GardenCenterGifts&utm_content=Shop,,,1,2026-08-24T19:05:40.662Z,2026-08-24T19:05:40.662Z,SFG starter database | Garden Center Gifts | ConstantContact | Shop
98,completed_without_short_link,SFG,ConstantContact,email,Floral,Floral,ConstantContact,Email,Floral,GardenCenterGifts,Learn,https://studleys.com/product-category/flowers/garden-center-gifts/,https://studleys.com/product-category/flowers/garden-center-gifts/?utm_source=ConstantContact&utm_medium=Email&utm_campaign=Floral&utm_term=GardenCenterGifts&utm_content=Learn,,,1,2026-08-24T19:05:40.662Z,2026-08-24T19:05:40.662Z,SFG starter database | Garden Center Gifts | ConstantContact | Learn
99,completed_without_short_link,SFG,ConstantContact,email,Floral,Floral,ConstantContact,Email,Floral,GardenCenterGifts,Explore,https://studleys.com/product-category/flowers/garden-center-gifts/,https://studleys.com/product-category/flowers/garden-center-gifts/?utm_source=ConstantContact&utm_medium=Email&utm_campaign=Floral&utm_term=GardenCenterGifts&utm_content=Explore,,,1,2026-08-24T19:05:40.662Z,2026-08-24T19:05:40.662Z,SFG starter database | Garden Center Gifts | ConstantContact | Explore
100,completed_without_short_link,SFG,ConstantContact,email,Floral,Floral,ConstantContact,Email,Floral,GardenCenterGifts,,https://studleys.com/product-category/flowers/garden-center-gifts/,https://studleys.com/product-category/flowers/garden-center-gifts/?utm_source=ConstantContact&utm_medium=Email&utm_campaign=Floral&utm_term=GardenCenterGifts,,,1,2026-08-24T19:05:40.662Z,2026-08-24T19:05:40.662Z,SFG starter database | Garden Center Gifts | ConstantContact | {null}
101,completed_without_short_link,SFG,Facebook,social,Floral,Floral,Facebook,Social,Floral,Birthday,Shop,https://studleys.com/product-category/flowers/birthday/,https://studleys.com/product-category/flowers/birthday/?utm_source=Facebook&utm_medium=Social&utm_campaign=Floral&utm_term=Birthday&utm_content=Shop,,,1,2026-08-24T19:05:40.662Z,2026-08-24T19:05:40.662Z,SFG starter database | Birthday | Facebook | Shop
102,completed_without_short_link,SFG,Facebook,social,Floral,Floral,Facebook,Social,Floral,Birthday,Learn,https://studleys.com/product-category/flowers/birthday/,https://studleys.com/product-category/flowers/birthday/?utm_source=Facebook&utm_medium=Social&utm_campaign=Floral&utm_term=Birthday&utm_content=Learn,,,1,2026-08-24T19:05:40.662Z,2026-08-24T19:05:40.662Z,SFG starter database | Birthday | Facebook | Learn
103,completed_without_short_link,SFG,Facebook,social,Floral,Floral,Facebook,Social,Floral,Birthday,Explore,https://studleys.com/product-category/flowers/birthday/,https://studleys.com/product-category/flowers/birthday/?utm_source=Facebook&utm_medium=Social&utm_campaign=Floral&utm_term=Birthday&utm_content=Explore,,,1,2026-08-24T19:05:40.662Z,2026-08-24T19:05:40.662Z,SFG starter database | Birthday | Facebook | Explore
104,completed_without_short_link,SFG,Facebook,social,Floral,Floral,Facebook,Social,Floral,Birthday,,https://studleys.com/product-category/flowers/birthday/,https://studleys.com/product-category/flowers/birthday/?utm_source=Facebook&utm_medium=Social&utm_campaign=Floral&utm_term=Birthday,,,1,2026-08-24T19:05:40.662Z,2026-08-24T19:05:40.662Z,SFG starter database | Birthday | Facebook | {null}
105,completed_without_short_link,SFG,GMB,social,Floral,Floral,GMB,Social,Floral,Birthday,Shop,https://studleys.com/product-category/flowers/birthday/,https://studleys.com/product-category/flowers/birthday/?utm_source=GMB&utm_medium=Social&utm_campaign=Floral&utm_term=Birthday&utm_content=Shop,,,1,2026-08-24T19:05:40.662Z,2026-08-24T19:05:40.662Z,SFG starter database | Birthday | GMB | Shop
106,completed_without_short_link,SFG,GMB,social,Floral,Floral,GMB,Social,Floral,Birthday,Learn,https://studleys.com/product-category/flowers/birthday/,https://studleys.com/product-category/flowers/birthday/?utm_source=GMB&utm_medium=Social&utm_campaign=Floral&utm_term=Birthday&utm_content=Learn,,,1,2026-08-24T19:05:40.662Z,2026-08-24T19:05:40.662Z,SFG starter database | Birthday | GMB | Learn
107,completed_without_short_link,SFG,GMB,social,Floral,Floral,GMB,Social,Floral,Birthday,Explore,https://studleys.com/product-category/flowers/birthday/,https://studleys.com/product-category/flowers/birthday/?utm_source=GMB&utm_medium=Social&utm_campaign=Floral&utm_term=Birthday&utm_content=Explore,,,1,2026-08-24T19:05:40.662Z,2026-08-24T19:05:40.662Z,SFG starter database | Birthday | GMB | Explore
108,completed_without_short_link,SFG,GMB,social,Floral,Floral,GMB,Social,Floral,Birthday,,https://studleys.com/product-category/flowers/birthday/,https://studleys.com/product-category/flowers/birthday/?utm_source=GMB&utm_medium=Social&utm_campaign=Floral&utm_term=Birthday,,,1,2026-08-24T19:05:40.662Z,2026-08-24T19:05:40.662Z,SFG starter database | Birthday | GMB | {null}
109,completed_without_short_link,SFG,Instagram,social,Floral,Floral,Instagram,Social,Floral,Birthday,Shop,https://studleys.com/product-category/flowers/birthday/,https://studleys.com/product-category/flowers/birthday/?utm_source=Instagram&utm_medium=Social&utm_campaign=Floral&utm_term=Birthday&utm_content=Shop,,,1,2026-08-24T19:05:40.662Z,2026-08-24T19:05:40.662Z,SFG starter database | Birthday | Instagram | Shop
110,completed_without_short_link,SFG,Instagram,social,Floral,Floral,Instagram,Social,Floral,Birthday,Learn,https://studleys.com/product-category/flowers/birthday/,https://studleys.com/product-category/flowers/birthday/?utm_source=Instagram&utm_medium=Social&utm_campaign=Floral&utm_term=Birthday&utm_content=Learn,,,1,2026-08-24T19:05:40.662Z,2026-08-24T19:05:40.662Z,SFG starter database | Birthday | Instagram | Learn
111,completed_without_short_link,SFG,Instagram,social,Floral,Floral,Instagram,Social,Floral,Birthday,Explore,https://studleys.com/product-category/flowers/birthday/,https://studleys.com/product-category/flowers/birthday/?utm_source=Instagram&utm_medium=Social&utm_campaign=Floral&utm_term=Birthday&utm_content=Explore,,,1,2026-08-24T19:05:40.662Z,2026-08-24T19:05:40.662Z,SFG starter database | Birthday | Instagram | Explore
112,completed_without_short_link,SFG,Instagram,social,Floral,Floral,Instagram,Social,Floral,Birthday,,https://studleys.com/product-category/flowers/birthday/,https://studleys.com/product-category/flowers/birthday/?utm_source=Instagram&utm_medium=Social&utm_campaign=Floral&utm_term=Birthday,,,1,2026-08-24T19:05:40.662Z,2026-08-24T19:05:40.662Z,SFG starter database | Birthday | Instagram | {null}
113,completed_without_short_link,SFG,LinkedIn,social,Floral,Floral,LinkedIn,Social,Floral,Birthday,Shop,https://studleys.com/product-category/flowers/birthday/,https://studleys.com/product-category/flowers/birthday/?utm_source=LinkedIn&utm_medium=Social&utm_campaign=Floral&utm_term=Birthday&utm_content=Shop,,,1,2026-08-24T19:05:40.662Z,2026-08-24T19:05:40.662Z,SFG starter database | Birthday | LinkedIn | Shop
114,completed_without_short_link,SFG,LinkedIn,social,Floral,Floral,LinkedIn,Social,Floral,Birthday,Learn,https://studleys.com/product-category/flowers/birthday/,https://studleys.com/product-category/flowers/birthday/?utm_source=LinkedIn&utm_medium=Social&utm_campaign=Floral&utm_term=Birthday&utm_content=Learn,,,1,2026-08-24T19:05:40.662Z,2026-08-24T19:05:40.662Z,SFG starter database | Birthday | LinkedIn | Learn
115,completed_without_short_link,SFG,LinkedIn,social,Floral,Floral,LinkedIn,Social,Floral,Birthday,Explore,https://studleys.com/product-category/flowers/birthday/,https://studleys.com/product-category/flowers/birthday/?utm_source=LinkedIn&utm_medium=Social&utm_campaign=Floral&utm_term=Birthday&utm_content=Explore,,,1,2026-08-24T19:05:40.662Z,2026-08-24T19:05:40.662Z,SFG starter database | Birthday | LinkedIn | Explore
116,completed_without_short_link,SFG,LinkedIn,social,Floral,Floral,LinkedIn,Social,Floral,Birthday,,https://studleys.com/product-category/flowers/birthday/,https://studleys.com/product-category/flowers/birthday/?utm_source=LinkedIn&utm_medium=Social&utm_campaign=Floral&utm_term=Birthday,,,1,2026-08-24T19:05:40.662Z,2026-08-24T19:05:40.662Z,SFG starter database | Birthday | LinkedIn | {null}
117,completed_without_short_link,SFG,ConstantContact,email,Floral,Floral,ConstantContact,Email,Floral,Birthday,Shop,https://studleys.com/product-category/flowers/birthday/,https://studleys.com/product-category/flowers/birthday/?utm_source=ConstantContact&utm_medium=Email&utm_campaign=Floral&utm_term=Birthday&utm_content=Shop,,,1,2026-08-24T19:05:40.662Z,2026-08-24T19:05:40.662Z,SFG starter database | Birthday | ConstantContact | Shop
118,completed_without_short_link,SFG,ConstantContact,email,Floral,Floral,ConstantContact,Email,Floral,Birthday,Learn,https://studleys.com/product-category/flowers/birthday/,https://studleys.com/product-category/flowers/birthday/?utm_source=ConstantContact&utm_medium=Email&utm_campaign=Floral&utm_term=Birthday&utm_content=Learn,,,1,2026-08-24T19:05:40.662Z,2026-08-24T19:05:40.662Z,SFG starter database | Birthday | ConstantContact | Learn
119,completed_without_short_link,SFG,ConstantContact,email,Floral,Floral,ConstantContact,Email,Floral,Birthday,Explore,https://studleys.com/product-category/flowers/birthday/,https://studleys.com/product-category/flowers/birthday/?utm_source=ConstantContact&utm_medium=Email&utm_campaign=Floral&utm_term=Birthday&utm_content=Explore,,,1,2026-08-24T19:05:40.662Z,2026-08-24T19:05:40.662Z,SFG starter database | Birthday | ConstantContact | Explore
120,completed_without_short_link,SFG,ConstantContact,email,Floral,Floral,ConstantContact,Email,Floral,Birthday,,https://studleys.com/product-category/flowers/birthday/,https://studleys.com/product-category/flowers/birthday/?utm_source=ConstantContact&utm_medium=Email&utm_campaign=Floral&utm_term=Birthday,,,1,2026-08-24T19:05:40.662Z,2026-08-24T19:05:40.662Z,SFG starter database | Birthday | ConstantContact | {null}
121,completed_without_short_link,SFG,Facebook,social,Floral,Floral,Facebook,Social,Floral,FreshWrappedBouquets,Shop,https://studleys.com/product-category/flowers/fresh-wrapped-bouquets/,https://studleys.com/product-category/flowers/fresh-wrapped-bouquets/?utm_source=Facebook&utm_medium=Social&utm_campaign=Floral&utm_term=FreshWrappedBouquets&utm_content=Shop,,,1,2026-08-24T19:05:40.662Z,2026-08-24T19:05:40.662Z,SFG starter database | Fresh Wrapped Bouquets | Facebook | Shop
122,completed_without_short_link,SFG,Facebook,social,Floral,Floral,Facebook,Social,Floral,FreshWrappedBouquets,Learn,https://studleys.com/product-category/flowers/fresh-wrapped-bouquets/,https://studleys.com/product-category/flowers/fresh-wrapped-bouquets/?utm_source=Facebook&utm_medium=Social&utm_campaign=Floral&utm_term=FreshWrappedBouquets&utm_content=Learn,,,1,2026-08-24T19:05:40.662Z,2026-08-24T19:05:40.662Z,SFG starter database | Fresh Wrapped Bouquets | Facebook | Learn
123,completed_without_short_link,SFG,Facebook,social,Floral,Floral,Facebook,Social,Floral,FreshWrappedBouquets,Explore,https://studleys.com/product-category/flowers/fresh-wrapped-bouquets/,https://studleys.com/product-category/flowers/fresh-wrapped-bouquets/?utm_source=Facebook&utm_medium=Social&utm_campaign=Floral&utm_term=FreshWrappedBouquets&utm_content=Explore,,,1,2026-08-24T19:05:40.662Z,2026-08-24T19:05:40.662Z,SFG starter database | Fresh Wrapped Bouquets | Facebook | Explore
124,completed_without_short_link,SFG,Facebook,social,Floral,Floral,Facebook,Social,Floral,FreshWrappedBouquets,,https://studleys.com/product-category/flowers/fresh-wrapped-bouquets/,https://studleys.com/product-category/flowers/fresh-wrapped-bouquets/?utm_source=Facebook&utm_medium=Social&utm_campaign=Floral&utm_term=FreshWrappedBouquets,,,1,2026-08-24T19:05:40.662Z,2026-08-24T19:05:40.662Z,SFG starter database | Fresh Wrapped Bouquets | Facebook | {null}
125,completed_without_short_link,SFG,GMB,social,Floral,Floral,GMB,Social,Floral,FreshWrappedBouquets,Shop,https://studleys.com/product-category/flowers/fresh-wrapped-bouquets/,https://studleys.com/product-category/flowers/fresh-wrapped-bouquets/?utm_source=GMB&utm_medium=Social&utm_campaign=Floral&utm_term=FreshWrappedBouquets&utm_content=Shop,,,1,2026-08-24T19:05:40.662Z,2026-08-24T19:05:40.662Z,SFG starter database | Fresh Wrapped Bouquets | GMB | Shop
126,completed_without_short_link,SFG,GMB,social,Floral,Floral,GMB,Social,Floral,FreshWrappedBouquets,Learn,https://studleys.com/product-category/flowers/fresh-wrapped-bouquets/,https://studleys.com/product-category/flowers/fresh-wrapped-bouquets/?utm_source=GMB&utm_medium=Social&utm_campaign=Floral&utm_term=FreshWrappedBouquets&utm_content=Learn,,,1,2026-08-24T19:05:40.662Z,2026-08-24T19:05:40.662Z,SFG starter database | Fresh Wrapped Bouquets | GMB | Learn
127,completed_without_short_link,SFG,GMB,social,Floral,Floral,GMB,Social,Floral,FreshWrappedBouquets,Explore,https://studleys.com/product-category/flowers/fresh-wrapped-bouquets/,https://studleys.com/product-category/flowers/fresh-wrapped-bouquets/?utm_source=GMB&utm_medium=Social&utm_campaign=Floral&utm_term=FreshWrappedBouquets&utm_content=Explore,,,1,2026-08-24T19:05:40.662Z,2026-08-24T19:05:40.662Z,SFG starter database | Fresh Wrapped Bouquets | GMB | Explore
128,completed_without_short_link,SFG,GMB,social,Floral,Floral,GMB,Social,Floral,FreshWrappedBouquets,,https://studleys.com/product-category/flowers/fresh-wrapped-bouquets/,https://studleys.com/product-category/flowers/fresh-wrapped-bouquets/?utm_source=GMB&utm_medium=Social&utm_campaign=Floral&utm_term=FreshWrappedBouquets,,,1,2026-08-24T19:05:40.662Z,2026-08-24T19:05:40.662Z,SFG starter database | Fresh Wrapped Bouquets | GMB | {null}
129,completed_without_short_link,SFG,Instagram,social,Floral,Floral,Instagram,Social,Floral,FreshWrappedBouquets,Shop,https://studleys.com/product-category/flowers/fresh-wrapped-bouquets/,https://studleys.com/product-category/flowers/fresh-wrapped-bouquets/?utm_source=Instagram&utm_medium=Social&utm_campaign=Floral&utm_term=FreshWrappedBouquets&utm_content=Shop,,,1,2026-08-24T19:05:40.662Z,2026-08-24T19:05:40.662Z,SFG starter database | Fresh Wrapped Bouquets | Instagram | Shop
130,completed_without_short_link,SFG,Instagram,social,Floral,Floral,Instagram,Social,Floral,FreshWrappedBouquets,Learn,https://studleys.com/product-category/flowers/fresh-wrapped-bouquets/,https://studleys.com/product-category/flowers/fresh-wrapped-bouquets/?utm_source=Instagram&utm_medium=Social&utm_campaign=Floral&utm_term=FreshWrappedBouquets&utm_content=Learn,,,1,2026-08-24T19:05:40.662Z,2026-08-24T19:05:40.662Z,SFG starter database | Fresh Wrapped Bouquets | Instagram | Learn
131,completed_without_short_link,SFG,Instagram,social,Floral,Floral,Instagram,Social,Floral,FreshWrappedBouquets,Explore,https://studleys.com/product-category/flowers/fresh-wrapped-bouquets/,https://studleys.com/product-category/flowers/fresh-wrapped-bouquets/?utm_source=Instagram&utm_medium=Social&utm_campaign=Floral&utm_term=FreshWrappedBouquets&utm_content=Explore,,,1,2026-08-24T19:05:40.662Z,2026-08-24T19:05:40.662Z,SFG starter database | Fresh Wrapped Bouquets | Instagram | Explore
132,completed_without_short_link,SFG,Instagram,social,Floral,Floral,Instagram,Social,Floral,FreshWrappedBouquets,,https://studleys.com/product-category/flowers/fresh-wrapped-bouquets/,https://studleys.com/product-category/flowers/fresh-wrapped-bouquets/?utm_source=Instagram&utm_medium=Social&utm_campaign=Floral&utm_term=FreshWrappedBouquets,,,1,2026-08-24T19:05:40.662Z,2026-08-24T19:05:40.662Z,SFG starter database | Fresh Wrapped Bouquets | Instagram | {null}
133,completed_without_short_link,SFG,LinkedIn,social,Floral,Floral,LinkedIn,Social,Floral,FreshWrappedBouquets,Shop,https://studleys.com/product-category/flowers/fresh-wrapped-bouquets/,https://studleys.com/product-category/flowers/fresh-wrapped-bouquets/?utm_source=LinkedIn&utm_medium=Social&utm_campaign=Floral&utm_term=FreshWrappedBouquets&utm_content=Shop,,,1,2026-08-24T19:05:40.662Z,2026-08-24T19:05:40.662Z,SFG starter database | Fresh Wrapped Bouquets | LinkedIn | Shop
134,completed_without_short_link,SFG,LinkedIn,social,Floral,Floral,LinkedIn,Social,Floral,FreshWrappedBouquets,Learn,https://studleys.com/product-category/flowers/fresh-wrapped-bouquets/,https://studleys.com/product-category/flowers/fresh-wrapped-bouquets/?utm_source=LinkedIn&utm_medium=Social&utm_campaign=Floral&utm_term=FreshWrappedBouquets&utm_content=Learn,,,1,2026-08-24T19:05:40.662Z,2026-08-24T19:05:40.662Z,SFG starter database | Fresh Wrapped Bouquets | LinkedIn | Learn
135,completed_without_short_link,SFG,LinkedIn,social,Floral,Floral,LinkedIn,Social,Floral,FreshWrappedBouquets,Explore,https://studleys.com/product-category/flowers/fresh-wrapped-bouquets/,https://studleys.com/product-category/flowers/fresh-wrapped-bouquets/?utm_source=LinkedIn&utm_medium=Social&utm_campaign=Floral&utm_term=FreshWrappedBouquets&utm_content=Explore,,,1,2026-08-24T19:05:40.662Z,2026-08-24T19:05:40.662Z,SFG starter database | Fresh Wrapped Bouquets | LinkedIn | Explore
136,completed_without_short_link,SFG,LinkedIn,social,Floral,Floral,LinkedIn,Social,Floral,FreshWrappedBouquets,,https://studleys.com/product-category/flowers/fresh-wrapped-bouquets/,https://studleys.com/product-category/flowers/fresh-wrapped-bouquets/?utm_source=LinkedIn&utm_medium=Social&utm_campaign=Floral&utm_term=FreshWrappedBouquets,,,1,2026-08-24T19:05:40.662Z,2026-08-24T19:05:40.662Z,SFG starter database | Fresh Wrapped Bouquets | LinkedIn | {null}
137,completed_without_short_link,SFG,ConstantContact,email,Floral,Floral,ConstantContact,Email,Floral,FreshWrappedBouquets,Shop,https://studleys.com/product-category/flowers/fresh-wrapped-bouquets/,https://studleys.com/product-category/flowers/fresh-wrapped-bouquets/?utm_source=ConstantContact&utm_medium=Email&utm_campaign=Floral&utm_term=FreshWrappedBouquets&utm_content=Shop,,,1,2026-08-24T19:05:40.662Z,2026-08-24T19:05:40.662Z,SFG starter database | Fresh Wrapped Bouquets | ConstantContact | Shop
138,completed_without_short_link,SFG,ConstantContact,email,Floral,Floral,ConstantContact,Email,Floral,FreshWrappedBouquets,Learn,https://studleys.com/product-category/flowers/fresh-wrapped-bouquets/,https://studleys.com/product-category/flowers/fresh-wrapped-bouquets/?utm_source=ConstantContact&utm_medium=Email&utm_campaign=Floral&utm_term=FreshWrappedBouquets&utm_content=Learn,,,1,2026-08-24T19:05:40.662Z,2026-08-24T19:05:40.662Z,SFG starter database | Fresh Wrapped Bouquets | ConstantContact | Learn
139,completed_without_short_link,SFG,ConstantContact,email,Floral,Floral,ConstantContact,Email,Floral,FreshWrappedBouquets,Explore,https://studleys.com/product-category/flowers/fresh-wrapped-bouquets/,https://studleys.com/product-category/flowers/fresh-wrapped-bouquets/?utm_source=ConstantContact&utm_medium=Email&utm_campaign=Floral&utm_term=FreshWrappedBouquets&utm_content=Explore,,,1,2026-08-24T19:05:40.662Z,2026-08-24T19:05:40.662Z,SFG starter database | Fresh Wrapped Bouquets | ConstantContact | Explore
140,completed_without_short_link,SFG,ConstantContact,email,Floral,Floral,ConstantContact,Email,Floral,FreshWrappedBouquets,,https://studleys.com/product-category/flowers/fresh-wrapped-bouquets/,https://studleys.com/product-category/flowers/fresh-wrapped-bouquets/?utm_source=ConstantContact&utm_medium=Email&utm_campaign=Floral&utm_term=FreshWrappedBouquets,,,1,2026-08-24T19:05:40.662Z,2026-08-24T19:05:40.662Z,SFG starter database | Fresh Wrapped Bouquets | ConstantContact | {null}
141,completed_without_short_link,SFG,Facebook,social,Floral,Floral,Facebook,Social,Floral,GetWellSoon,Shop,https://studleys.com/product-category/flowers/get-well-soon/,https://studleys.com/product-category/flowers/get-well-soon/?utm_source=Facebook&utm_medium=Social&utm_campaign=Floral&utm_term=GetWellSoon&utm_content=Shop,,,1,2026-08-24T19:05:40.662Z,2026-08-24T19:05:40.662Z,SFG starter database | Get Well Soon | Facebook | Shop
142,completed_without_short_link,SFG,Facebook,social,Floral,Floral,Facebook,Social,Floral,GetWellSoon,Learn,https://studleys.com/product-category/flowers/get-well-soon/,https://studleys.com/product-category/flowers/get-well-soon/?utm_source=Facebook&utm_medium=Social&utm_campaign=Floral&utm_term=GetWellSoon&utm_content=Learn,,,1,2026-08-24T19:05:40.662Z,2026-08-24T19:05:40.662Z,SFG starter database | Get Well Soon | Facebook | Learn
143,completed_without_short_link,SFG,Facebook,social,Floral,Floral,Facebook,Social,Floral,GetWellSoon,Explore,https://studleys.com/product-category/flowers/get-well-soon/,https://studleys.com/product-category/flowers/get-well-soon/?utm_source=Facebook&utm_medium=Social&utm_campaign=Floral&utm_term=GetWellSoon&utm_content=Explore,,,1,2026-08-24T19:05:40.662Z,2026-08-24T19:05:40.662Z,SFG starter database | Get Well Soon | Facebook | Explore
144,completed_without_short_link,SFG,Facebook,social,Floral,Floral,Facebook,Social,Floral,GetWellSoon,,https://studleys.com/product-category/flowers/get-well-soon/,https://studleys.com/product-category/flowers/get-well-soon/?utm_source=Facebook&utm_medium=Social&utm_campaign=Floral&utm_term=GetWellSoon,,,1,2026-08-24T19:05:40.662Z,2026-08-24T19:05:40.662Z,SFG starter database | Get Well Soon | Facebook | {null}
145,completed_without_short_link,SFG,GMB,social,Floral,Floral,GMB,Social,Floral,GetWellSoon,Shop,https://studleys.com/product-category/flowers/get-well-soon/,https://studleys.com/product-category/flowers/get-well-soon/?utm_source=GMB&utm_medium=Social&utm_campaign=Floral&utm_term=GetWellSoon&utm_content=Shop,,,1,2026-08-24T19:05:40.662Z,2026-08-24T19:05:40.662Z,SFG starter database | Get Well Soon | GMB | Shop
146,completed_without_short_link,SFG,GMB,social,Floral,Floral,GMB,Social,Floral,GetWellSoon,Learn,https://studleys.com/product-category/flowers/get-well-soon/,https://studleys.com/product-category/flowers/get-well-soon/?utm_source=GMB&utm_medium=Social&utm_campaign=Floral&utm_term=GetWellSoon&utm_content=Learn,,,1,2026-08-24T19:05:40.662Z,2026-08-24T19:05:40.662Z,SFG starter database | Get Well Soon | GMB | Learn
147,completed_without_short_link,SFG,GMB,social,Floral,Floral,GMB,Social,Floral,GetWellSoon,Explore,https://studleys.com/product-category/flowers/get-well-soon/,https://studleys.com/product-category/flowers/get-well-soon/?utm_source=GMB&utm_medium=Social&utm_campaign=Floral&utm_term=GetWellSoon&utm_content=Explore,,,1,2026-08-24T19:05:40.662Z,2026-08-24T19:05:40.662Z,SFG starter database | Get Well Soon | GMB | Explore
148,completed_without_short_link,SFG,GMB,social,Floral,Floral,GMB,Social,Floral,GetWellSoon,,https://studleys.com/product-category/flowers/get-well-soon/,https://studleys.com/product-category/flowers/get-well-soon/?utm_source=GMB&utm_medium=Social&utm_campaign=Floral&utm_term=GetWellSoon,,,1,2026-08-24T19:05:40.662Z,2026-08-24T19:05:40.662Z,SFG starter database | Get Well Soon | GMB | {null}
149,completed_without_short_link,SFG,Instagram,social,Floral,Floral,Instagram,Social,Floral,GetWellSoon,Shop,https://studleys.com/product-category/flowers/get-well-soon/,https://studleys.com/product-category/flowers/get-well-soon/?utm_source=Instagram&utm_medium=Social&utm_campaign=Floral&utm_term=GetWellSoon&utm_content=Shop,,,1,2026-08-24T19:05:40.662Z,2026-08-24T19:05:40.662Z,SFG starter database | Get Well Soon | Instagram | Shop
150,completed_without_short_link,SFG,Instagram,social,Floral,Floral,Instagram,Social,Floral,GetWellSoon,Learn,https://studleys.com/product-category/flowers/get-well-soon/,https://studleys.com/product-category/flowers/get-well-soon/?utm_source=Instagram&utm_medium=Social&utm_campaign=Floral&utm_term=GetWellSoon&utm_content=Learn,,,1,2026-08-24T19:05:40.662Z,2026-08-24T19:05:40.662Z,SFG starter database | Get Well Soon | Instagram | Learn
151,completed_without_short_link,SFG,Instagram,social,Floral,Floral,Instagram,Social,Floral,GetWellSoon,Explore,https://studleys.com/product-category/flowers/get-well-soon/,https://studleys.com/product-category/flowers/get-well-soon/?utm_source=Instagram&utm_medium=Social&utm_campaign=Floral&utm_term=GetWellSoon&utm_content=Explore,,,1,2026-08-24T19:05:40.662Z,2026-08-24T19:05:40.662Z,SFG starter database | Get Well Soon | Instagram | Explore
152,completed_without_short_link,SFG,Instagram,social,Floral,Floral,Instagram,Social,Floral,GetWellSoon,,https://studleys.com/product-category/flowers/get-well-soon/,https://studleys.com/product-category/flowers/get-well-soon/?utm_source=Instagram&utm_medium=Social&utm_campaign=Floral&utm_term=GetWellSoon,,,1,2026-08-24T19:05:40.662Z,2026-08-24T19:05:40.662Z,SFG starter database | Get Well Soon | Instagram | {null}
153,completed_without_short_link,SFG,LinkedIn,social,Floral,Floral,LinkedIn,Social,Floral,GetWellSoon,Shop,https://studleys.com/product-category/flowers/get-well-soon/,https://studleys.com/product-category/flowers/get-well-soon/?utm_source=LinkedIn&utm_medium=Social&utm_campaign=Floral&utm_term=GetWellSoon&utm_content=Shop,,,1,2026-08-24T19:05:40.662Z,2026-08-24T19:05:40.662Z,SFG starter database | Get Well Soon | LinkedIn | Shop
154,completed_without_short_link,SFG,LinkedIn,social,Floral,Floral,LinkedIn,Social,Floral,GetWellSoon,Learn,https://studleys.com/product-category/flowers/get-well-soon/,https://studleys.com/product-category/flowers/get-well-soon/?utm_source=LinkedIn&utm_medium=Social&utm_campaign=Floral&utm_term=GetWellSoon&utm_content=Learn,,,1,2026-08-24T19:05:40.662Z,2026-08-24T19:05:40.662Z,SFG starter database | Get Well Soon | LinkedIn | Learn
155,completed_without_short_link,SFG,LinkedIn,social,Floral,Floral,LinkedIn,Social,Floral,GetWellSoon,Explore,https://studleys.com/product-category/flowers/get-well-soon/,https://studleys.com/product-category/flowers/get-well-soon/?utm_source=LinkedIn&utm_medium=Social&utm_campaign=Floral&utm_term=GetWellSoon&utm_content=Explore,,,1,2026-08-24T19:05:40.662Z,2026-08-24T19:05:40.662Z,SFG starter database | Get Well Soon | LinkedIn | Explore
156,completed_without_short_link,SFG,LinkedIn,social,Floral,Floral,LinkedIn,Social,Floral,GetWellSoon,,https://studleys.com/product-category/flowers/get-well-soon/,https://studleys.com/product-category/flowers/get-well-soon/?utm_source=LinkedIn&utm_medium=Social&utm_campaign=Floral&utm_term=GetWellSoon,,,1,2026-08-24T19:05:40.662Z,2026-08-24T19:05:40.662Z,SFG starter database | Get Well Soon | LinkedIn | {null}
157,completed_without_short_link,SFG,ConstantContact,email,Floral,Floral,ConstantContact,Email,Floral,GetWellSoon,Shop,https://studleys.com/product-category/flowers/get-well-soon/,https://studleys.com/product-category/flowers/get-well-soon/?utm_source=ConstantContact&utm_medium=Email&utm_campaign=Floral&utm_term=GetWellSoon&utm_content=Shop,,,1,2026-08-24T19:05:40.662Z,2026-08-24T19:05:40.662Z,SFG starter database | Get Well Soon | ConstantContact | Shop
158,completed_without_short_link,SFG,ConstantContact,email,Floral,Floral,ConstantContact,Email,Floral,GetWellSoon,Learn,https://studleys.com/product-category/flowers/get-well-soon/,https://studleys.com/product-category/flowers/get-well-soon/?utm_source=ConstantContact&utm_medium=Email&utm_campaign=Floral&utm_term=GetWellSoon&utm_content=Learn,,,1,2026-08-24T19:05:40.662Z,2026-08-24T19:05:40.662Z,SFG starter database | Get Well Soon | ConstantContact | Learn
159,completed_without_short_link,SFG,ConstantContact,email,Floral,Floral,ConstantContact,Email,Floral,GetWellSoon,Explore,https://studleys.com/product-category/flowers/get-well-soon/,https://studleys.com/product-category/flowers/get-well-soon/?utm_source=ConstantContact&utm_medium=Email&utm_campaign=Floral&utm_term=GetWellSoon&utm_content=Explore,,,1,2026-08-24T19:05:40.662Z,2026-08-24T19:05:40.662Z,SFG starter database | Get Well Soon | ConstantContact | Explore
160,completed_without_short_link,SFG,ConstantContact,email,Floral,Floral,ConstantContact,Email,Floral,GetWellSoon,,https://studleys.com/product-category/flowers/get-well-soon/,https://studleys.com/product-category/flowers/get-well-soon/?utm_source=ConstantContact&utm_medium=Email&utm_campaign=Floral&utm_term=GetWellSoon,,,1,2026-08-24T19:05:40.662Z,2026-08-24T19:05:40.662Z,SFG starter database | Get Well Soon | ConstantContact | {null}
161,completed_without_short_link,SFG,Facebook,social,Floral,Floral,Facebook,Social,Floral,GiftCards,Shop,https://studleys.com/product-category/gift-cards/,https://studleys.com/product-category/gift-cards/?utm_source=Facebook&utm_medium=Social&utm_campaign=Floral&utm_term=GiftCards&utm_content=Shop,,,1,2026-08-24T19:05:40.662Z,2026-08-24T19:05:40.662Z,SFG starter database | Gift Cards | Facebook | Shop
162,completed_without_short_link,SFG,Facebook,social,Floral,Floral,Facebook,Social,Floral,GiftCards,Learn,https://studleys.com/product-category/gift-cards/,https://studleys.com/product-category/gift-cards/?utm_source=Facebook&utm_medium=Social&utm_campaign=Floral&utm_term=GiftCards&utm_content=Learn,,,1,2026-08-24T19:05:40.662Z,2026-08-24T19:05:40.662Z,SFG starter database | Gift Cards | Facebook | Learn
163,completed_without_short_link,SFG,Facebook,social,Floral,Floral,Facebook,Social,Floral,GiftCards,Explore,https://studleys.com/product-category/gift-cards/,https://studleys.com/product-category/gift-cards/?utm_source=Facebook&utm_medium=Social&utm_campaign=Floral&utm_term=GiftCards&utm_content=Explore,,,1,2026-08-24T19:05:40.662Z,2026-08-24T19:05:40.662Z,SFG starter database | Gift Cards | Facebook | Explore
164,completed_without_short_link,SFG,Facebook,social,Floral,Floral,Facebook,Social,Floral,GiftCards,,https://studleys.com/product-category/gift-cards/,https://studleys.com/product-category/gift-cards/?utm_source=Facebook&utm_medium=Social&utm_campaign=Floral&utm_term=GiftCards,,,1,2026-08-24T19:05:40.662Z,2026-08-24T19:05:40.662Z,SFG starter database | Gift Cards | Facebook | {null}
165,completed_without_short_link,SFG,GMB,social,Floral,Floral,GMB,Social,Floral,GiftCards,Shop,https://studleys.com/product-category/gift-cards/,https://studleys.com/product-category/gift-cards/?utm_source=GMB&utm_medium=Social&utm_campaign=Floral&utm_term=GiftCards&utm_content=Shop,,,1,2026-08-24T19:05:40.662Z,2026-08-24T19:05:40.662Z,SFG starter database | Gift Cards | GMB | Shop
166,completed_without_short_link,SFG,GMB,social,Floral,Floral,GMB,Social,Floral,GiftCards,Learn,https://studleys.com/product-category/gift-cards/,https://studleys.com/product-category/gift-cards/?utm_source=GMB&utm_medium=Social&utm_campaign=Floral&utm_term=GiftCards&utm_content=Learn,,,1,2026-08-24T19:05:40.662Z,2026-08-24T19:05:40.662Z,SFG starter database | Gift Cards | GMB | Learn
167,completed_without_short_link,SFG,GMB,social,Floral,Floral,GMB,Social,Floral,GiftCards,Explore,https://studleys.com/product-category/gift-cards/,https://studleys.com/product-category/gift-cards/?utm_source=GMB&utm_medium=Social&utm_campaign=Floral&utm_term=GiftCards&utm_content=Explore,,,1,2026-08-24T19:05:40.662Z,2026-08-24T19:05:40.662Z,SFG starter database | Gift Cards | GMB | Explore
168,completed_without_short_link,SFG,GMB,social,Floral,Floral,GMB,Social,Floral,GiftCards,,https://studleys.com/product-category/gift-cards/,https://studleys.com/product-category/gift-cards/?utm_source=GMB&utm_medium=Social&utm_campaign=Floral&utm_term=GiftCards,,,1,2026-08-24T19:05:40.662Z,2026-08-24T19:05:40.662Z,SFG starter database | Gift Cards | GMB | {null}
169,completed_without_short_link,SFG,Instagram,social,Floral,Floral,Instagram,Social,Floral,GiftCards,Shop,https://studleys.com/product-category/gift-cards/,https://studleys.com/product-category/gift-cards/?utm_source=Instagram&utm_medium=Social&utm_campaign=Floral&utm_term=GiftCards&utm_content=Shop,,,1,2026-08-24T19:05:40.662Z,2026-08-24T19:05:40.662Z,SFG starter database | Gift Cards | Instagram | Shop
170,completed_without_short_link,SFG,Instagram,social,Floral,Floral,Instagram,Social,Floral,GiftCards,Learn,https://studleys.com/product-category/gift-cards/,https://studleys.com/product-category/gift-cards/?utm_source=Instagram&utm_medium=Social&utm_campaign=Floral&utm_term=GiftCards&utm_content=Learn,,,1,2026-08-24T19:05:40.662Z,2026-08-24T19:05:40.662Z,SFG starter database | Gift Cards | Instagram | Learn
171,completed_without_short_link,SFG,Instagram,social,Floral,Floral,Instagram,Social,Floral,GiftCards,Explore,https://studleys.com/product-category/gift-cards/,https://studleys.com/product-category/gift-cards/?utm_source=Instagram&utm_medium=Social&utm_campaign=Floral&utm_term=GiftCards&utm_content=Explore,,,1,2026-08-24T19:05:40.662Z,2026-08-24T19:05:40.662Z,SFG starter database | Gift Cards | Instagram | Explore
172,completed_without_short_link,SFG,Instagram,social,Floral,Floral,Instagram,Social,Floral,GiftCards,,https://studleys.com/product-category/gift-cards/,https://studleys.com/product-category/gift-cards/?utm_source=Instagram&utm_medium=Social&utm_campaign=Floral&utm_term=GiftCards,,,1,2026-08-24T19:05:40.662Z,2026-08-24T19:05:40.662Z,SFG starter database | Gift Cards | Instagram | {null}
173,completed_without_short_link,SFG,LinkedIn,social,Floral,Floral,LinkedIn,Social,Floral,GiftCards,Shop,https://studleys.com/product-category/gift-cards/,https://studleys.com/product-category/gift-cards/?utm_source=LinkedIn&utm_medium=Social&utm_campaign=Floral&utm_term=GiftCards&utm_content=Shop,,,1,2026-08-24T19:05:40.662Z,2026-08-24T19:05:40.662Z,SFG starter database | Gift Cards | LinkedIn | Shop
174,completed_without_short_link,SFG,LinkedIn,social,Floral,Floral,LinkedIn,Social,Floral,GiftCards,Learn,https://studleys.com/product-category/gift-cards/,https://studleys.com/product-category/gift-cards/?utm_source=LinkedIn&utm_medium=Social&utm_campaign=Floral&utm_term=GiftCards&utm_content=Learn,,,1,2026-08-24T19:05:40.662Z,2026-08-24T19:05:40.662Z,SFG starter database | Gift Cards | LinkedIn | Learn
175,completed_without_short_link,SFG,LinkedIn,social,Floral,Floral,LinkedIn,Social,Floral,GiftCards,Explore,https://studleys.com/product-category/gift-cards/,https://studleys.com/product-category/gift-cards/?utm_source=LinkedIn&utm_medium=Social&utm_campaign=Floral&utm_term=GiftCards&utm_content=Explore,,,1,2026-08-24T19:05:40.662Z,2026-08-24T19:05:40.662Z,SFG starter database | Gift Cards | LinkedIn | Explore
176,completed_without_short_link,SFG,LinkedIn,social,Floral,Floral,LinkedIn,Social,Floral,GiftCards,,https://studleys.com/product-category/gift-cards/,https://studleys.com/product-category/gift-cards/?utm_source=LinkedIn&utm_medium=Social&utm_campaign=Floral&utm_term=GiftCards,,,1,2026-08-24T19:05:40.662Z,2026-08-24T19:05:40.662Z,SFG starter database | Gift Cards | LinkedIn | {null}
177,completed_without_short_link,SFG,ConstantContact,email,Floral,Floral,ConstantContact,Email,Floral,GiftCards,Shop,https://studleys.com/product-category/gift-cards/,https://studleys.com/product-category/gift-cards/?utm_source=ConstantContact&utm_medium=Email&utm_campaign=Floral&utm_term=GiftCards&utm_content=Shop,,,1,2026-08-24T19:05:40.662Z,2026-08-24T19:05:40.662Z,SFG starter database | Gift Cards | ConstantContact | Shop
178,completed_without_short_link,SFG,ConstantContact,email,Floral,Floral,ConstantContact,Email,Floral,GiftCards,Learn,https://studleys.com/product-category/gift-cards/,https://studleys.com/product-category/gift-cards/?utm_source=ConstantContact&utm_medium=Email&utm_campaign=Floral&utm_term=GiftCards&utm_content=Learn,,,1,2026-08-24T19:05:40.662Z,2026-08-24T19:05:40.662Z,SFG starter database | Gift Cards | ConstantContact | Learn
179,completed_without_short_link,SFG,ConstantContact,email,Floral,Floral,ConstantContact,Email,Floral,GiftCards,Explore,https://studleys.com/product-category/gift-cards/,https://studleys.com/product-category/gift-cards/?utm_source=ConstantContact&utm_medium=Email&utm_campaign=Floral&utm_term=GiftCards&utm_content=Explore,,,1,2026-08-24T19:05:40.662Z,2026-08-24T19:05:40.662Z,SFG starter database | Gift Cards | ConstantContact | Explore
180,completed_without_short_link,SFG,ConstantContact,email,Floral,Floral,ConstantContact,Email,Floral,GiftCards,,https://studleys.com/product-category/gift-cards/,https://studleys.com/product-category/gift-cards/?utm_source=ConstantContact&utm_medium=Email&utm_campaign=Floral&utm_term=GiftCards,,,1,2026-08-24T19:05:40.662Z,2026-08-24T19:05:40.662Z,SFG starter database | Gift Cards | ConstantContact | {null}
181,completed_without_short_link,SFG,Facebook,social,Floral,Floral,Facebook,Social,Floral,JustBecause,Shop,https://studleys.com/product-category/flowers/just-because/,https://studleys.com/product-category/flowers/just-because/?utm_source=Facebook&utm_medium=Social&utm_campaign=Floral&utm_term=JustBecause&utm_content=Shop,,,1,2026-08-24T19:05:40.662Z,2026-08-24T19:05:40.662Z,SFG starter database | Just Because | Facebook | Shop
182,completed_without_short_link,SFG,Facebook,social,Floral,Floral,Facebook,Social,Floral,JustBecause,Learn,https://studleys.com/product-category/flowers/just-because/,https://studleys.com/product-category/flowers/just-because/?utm_source=Facebook&utm_medium=Social&utm_campaign=Floral&utm_term=JustBecause&utm_content=Learn,,,1,2026-08-24T19:05:40.662Z,2026-08-24T19:05:40.662Z,SFG starter database | Just Because | Facebook | Learn
183,completed_without_short_link,SFG,Facebook,social,Floral,Floral,Facebook,Social,Floral,JustBecause,Explore,https://studleys.com/product-category/flowers/just-because/,https://studleys.com/product-category/flowers/just-because/?utm_source=Facebook&utm_medium=Social&utm_campaign=Floral&utm_term=JustBecause&utm_content=Explore,,,1,2026-08-24T19:05:40.662Z,2026-08-24T19:05:40.662Z,SFG starter database | Just Because | Facebook | Explore
184,completed_without_short_link,SFG,Facebook,social,Floral,Floral,Facebook,Social,Floral,JustBecause,,https://studleys.com/product-category/flowers/just-because/,https://studleys.com/product-category/flowers/just-because/?utm_source=Facebook&utm_medium=Social&utm_campaign=Floral&utm_term=JustBecause,,,1,2026-08-24T19:05:40.662Z,2026-08-24T19:05:40.662Z,SFG starter database | Just Because | Facebook | {null}
185,completed_without_short_link,SFG,GMB,social,Floral,Floral,GMB,Social,Floral,JustBecause,Shop,https://studleys.com/product-category/flowers/just-because/,https://studleys.com/product-category/flowers/just-because/?utm_source=GMB&utm_medium=Social&utm_campaign=Floral&utm_term=JustBecause&utm_content=Shop,,,1,2026-08-24T19:05:40.662Z,2026-08-24T19:05:40.662Z,SFG starter database | Just Because | GMB | Shop
186,completed_without_short_link,SFG,GMB,social,Floral,Floral,GMB,Social,Floral,JustBecause,Learn,https://studleys.com/product-category/flowers/just-because/,https://studleys.com/product-category/flowers/just-because/?utm_source=GMB&utm_medium=Social&utm_campaign=Floral&utm_term=JustBecause&utm_content=Learn,,,1,2026-08-24T19:05:40.662Z,2026-08-24T19:05:40.662Z,SFG starter database | Just Because | GMB | Learn
187,completed_without_short_link,SFG,GMB,social,Floral,Floral,GMB,Social,Floral,JustBecause,Explore,https://studleys.com/product-category/flowers/just-because/,https://studleys.com/product-category/flowers/just-because/?utm_source=GMB&utm_medium=Social&utm_campaign=Floral&utm_term=JustBecause&utm_content=Explore,,,1,2026-08-24T19:05:40.662Z,2026-08-24T19:05:40.662Z,SFG starter database | Just Because | GMB | Explore
188,completed_without_short_link,SFG,GMB,social,Floral,Floral,GMB,Social,Floral,JustBecause,,https://studleys.com/product-category/flowers/just-because/,https://studleys.com/product-category/flowers/just-because/?utm_source=GMB&utm_medium=Social&utm_campaign=Floral&utm_term=JustBecause,,,1,2026-08-24T19:05:40.662Z,2026-08-24T19:05:40.662Z,SFG starter database | Just Because | GMB | {null}
189,completed_without_short_link,SFG,Instagram,social,Floral,Floral,Instagram,Social,Floral,JustBecause,Shop,https://studleys.com/product-category/flowers/just-because/,https://studleys.com/product-category/flowers/just-because/?utm_source=Instagram&utm_medium=Social&utm_campaign=Floral&utm_term=JustBecause&utm_content=Shop,,,1,2026-08-24T19:05:40.662Z,2026-08-24T19:05:40.662Z,SFG starter database | Just Because | Instagram | Shop
190,completed_without_short_link,SFG,Instagram,social,Floral,Floral,Instagram,Social,Floral,JustBecause,Learn,https://studleys.com/product-category/flowers/just-because/,https://studleys.com/product-category/flowers/just-because/?utm_source=Instagram&utm_medium=Social&utm_campaign=Floral&utm_term=JustBecause&utm_content=Learn,,,1,2026-08-24T19:05:40.662Z,2026-08-24T19:05:40.662Z,SFG starter database | Just Because | Instagram | Learn
191,completed_without_short_link,SFG,Instagram,social,Floral,Floral,Instagram,Social,Floral,JustBecause,Explore,https://studleys.com/product-category/flowers/just-because/,https://studleys.com/product-category/flowers/just-because/?utm_source=Instagram&utm_medium=Social&utm_campaign=Floral&utm_term=JustBecause&utm_content=Explore,,,1,2026-08-24T19:05:40.662Z,2026-08-24T19:05:40.662Z,SFG starter database | Just Because | Instagram | Explore
192,completed_without_short_link,SFG,Instagram,social,Floral,Floral,Instagram,Social,Floral,JustBecause,,https://studleys.com/product-category/flowers/just-because/,https://studleys.com/product-category/flowers/just-because/?utm_source=Instagram&utm_medium=Social&utm_campaign=Floral&utm_term=JustBecause,,,1,2026-08-24T19:05:40.662Z,2026-08-24T19:05:40.662Z,SFG starter database | Just Because | Instagram | {null}
193,completed_without_short_link,SFG,LinkedIn,social,Floral,Floral,LinkedIn,Social,Floral,JustBecause,Shop,https://studleys.com/product-category/flowers/just-because/,https://studleys.com/product-category/flowers/just-because/?utm_source=LinkedIn&utm_medium=Social&utm_campaign=Floral&utm_term=JustBecause&utm_content=Shop,,,1,2026-08-24T19:05:40.662Z,2026-08-24T19:05:40.662Z,SFG starter database | Just Because | LinkedIn | Shop
194,completed_without_short_link,SFG,LinkedIn,social,Floral,Floral,LinkedIn,Social,Floral,JustBecause,Learn,https://studleys.com/product-category/flowers/just-because/,https://studleys.com/product-category/flowers/just-because/?utm_source=LinkedIn&utm_medium=Social&utm_campaign=Floral&utm_term=JustBecause&utm_content=Learn,,,1,2026-08-24T19:05:40.662Z,2026-08-24T19:05:40.662Z,SFG starter database | Just Because | LinkedIn | Learn
195,completed_without_short_link,SFG,LinkedIn,social,Floral,Floral,LinkedIn,Social,Floral,JustBecause,Explore,https://studleys.com/product-category/flowers/just-because/,https://studleys.com/product-category/flowers/just-because/?utm_source=LinkedIn&utm_medium=Social&utm_campaign=Floral&utm_term=JustBecause&utm_content=Explore,,,1,2026-08-24T19:05:40.662Z,2026-08-24T19:05:40.662Z,SFG starter database | Just Because | LinkedIn | Explore
196,completed_without_short_link,SFG,LinkedIn,social,Floral,Floral,LinkedIn,Social,Floral,JustBecause,,https://studleys.com/product-category/flowers/just-because/,https://studleys.com/product-category/flowers/just-because/?utm_source=LinkedIn&utm_medium=Social&utm_campaign=Floral&utm_term=JustBecause,,,1,2026-08-24T19:05:40.662Z,2026-08-24T19:05:40.662Z,SFG starter database | Just Because | LinkedIn | {null}
197,completed_without_short_link,SFG,ConstantContact,email,Floral,Floral,ConstantContact,Email,Floral,JustBecause,Shop,https://studleys.com/product-category/flowers/just-because/,https://studleys.com/product-category/flowers/just-because/?utm_source=ConstantContact&utm_medium=Email&utm_campaign=Floral&utm_term=JustBecause&utm_content=Shop,,,1,2026-08-24T19:05:40.662Z,2026-08-24T19:05:40.662Z,SFG starter database | Just Because | ConstantContact | Shop
198,completed_without_short_link,SFG,ConstantContact,email,Floral,Floral,ConstantContact,Email,Floral,JustBecause,Learn,https://studleys.com/product-category/flowers/just-because/,https://studleys.com/product-category/flowers/just-because/?utm_source=ConstantContact&utm_medium=Email&utm_campaign=Floral&utm_term=JustBecause&utm_content=Learn,,,1,2026-08-24T19:05:40.662Z,2026-08-24T19:05:40.662Z,SFG starter database | Just Because | ConstantContact | Learn
199,completed_without_short_link,SFG,ConstantContact,email,Floral,Floral,ConstantContact,Email,Floral,JustBecause,Explore,https://studleys.com/product-category/flowers/just-because/,https://studleys.com/product-category/flowers/just-because/?utm_source=ConstantContact&utm_medium=Email&utm_campaign=Floral&utm_term=JustBecause&utm_content=Explore,,,1,2026-08-24T19:05:40.662Z,2026-08-24T19:05:40.662Z,SFG starter database | Just Because | ConstantContact | Explore
200,completed_without_short_link,SFG,ConstantContact,email,Floral,Floral,ConstantContact,Email,Floral,JustBecause,,https://studleys.com/product-category/flowers/just-because/,https://studleys.com/product-category/flowers/just-because/?utm_source=ConstantContact&utm_medium=Email&utm_campaign=Floral&utm_term=JustBecause,,,1,2026-08-24T19:05:40.662Z,2026-08-24T19:05:40.662Z,SFG starter database | Just Because | ConstantContact | {null}
201,completed_without_short_link,SFG,Facebook,social,Floral,Floral,Facebook,Social,Floral,LoveRomance,Shop,https://studleys.com/product-category/flowers/love-romance/,https://studleys.com/product-category/flowers/love-romance/?utm_source=Facebook&utm_medium=Social&utm_campaign=Floral&utm_term=LoveRomance&utm_content=Shop,,,1,2026-08-24T19:05:40.662Z,2026-08-24T19:05:40.662Z,SFG starter database | Love & Romance | Facebook | Shop
202,completed_without_short_link,SFG,Facebook,social,Floral,Floral,Facebook,Social,Floral,LoveRomance,Learn,https://studleys.com/product-category/flowers/love-romance/,https://studleys.com/product-category/flowers/love-romance/?utm_source=Facebook&utm_medium=Social&utm_campaign=Floral&utm_term=LoveRomance&utm_content=Learn,,,1,2026-08-24T19:05:40.662Z,2026-08-24T19:05:40.662Z,SFG starter database | Love & Romance | Facebook | Learn
203,completed_without_short_link,SFG,Facebook,social,Floral,Floral,Facebook,Social,Floral,LoveRomance,Explore,https://studleys.com/product-category/flowers/love-romance/,https://studleys.com/product-category/flowers/love-romance/?utm_source=Facebook&utm_medium=Social&utm_campaign=Floral&utm_term=LoveRomance&utm_content=Explore,,,1,2026-08-24T19:05:40.662Z,2026-08-24T19:05:40.662Z,SFG starter database | Love & Romance | Facebook | Explore
204,completed_without_short_link,SFG,Facebook,social,Floral,Floral,Facebook,Social,Floral,LoveRomance,,https://studleys.com/product-category/flowers/love-romance/,https://studleys.com/product-category/flowers/love-romance/?utm_source=Facebook&utm_medium=Social&utm_campaign=Floral&utm_term=LoveRomance,,,1,2026-08-24T19:05:40.662Z,2026-08-24T19:05:40.662Z,SFG starter database | Love & Romance | Facebook | {null}
205,completed_without_short_link,SFG,GMB,social,Floral,Floral,GMB,Social,Floral,LoveRomance,Shop,https://studleys.com/product-category/flowers/love-romance/,https://studleys.com/product-category/flowers/love-romance/?utm_source=GMB&utm_medium=Social&utm_campaign=Floral&utm_term=LoveRomance&utm_content=Shop,,,1,2026-08-24T19:05:40.662Z,2026-08-24T19:05:40.662Z,SFG starter database | Love & Romance | GMB | Shop
206,completed_without_short_link,SFG,GMB,social,Floral,Floral,GMB,Social,Floral,LoveRomance,Learn,https://studleys.com/product-category/flowers/love-romance/,https://studleys.com/product-category/flowers/love-romance/?utm_source=GMB&utm_medium=Social&utm_campaign=Floral&utm_term=LoveRomance&utm_content=Learn,,,1,2026-08-24T19:05:40.662Z,2026-08-24T19:05:40.662Z,SFG starter database | Love & Romance | GMB | Learn
207,completed_without_short_link,SFG,GMB,social,Floral,Floral,GMB,Social,Floral,LoveRomance,Explore,https://studleys.com/product-category/flowers/love-romance/,https://studleys.com/product-category/flowers/love-romance/?utm_source=GMB&utm_medium=Social&utm_campaign=Floral&utm_term=LoveRomance&utm_content=Explore,,,1,2026-08-24T19:05:40.662Z,2026-08-24T19:05:40.662Z,SFG starter database | Love & Romance | GMB | Explore
208,completed_without_short_link,SFG,GMB,social,Floral,Floral,GMB,Social,Floral,LoveRomance,,https://studleys.com/product-category/flowers/love-romance/,https://studleys.com/product-category/flowers/love-romance/?utm_source=GMB&utm_medium=Social&utm_campaign=Floral&utm_term=LoveRomance,,,1,2026-08-24T19:05:40.662Z,2026-08-24T19:05:40.662Z,SFG starter database | Love & Romance | GMB | {null}
209,completed_without_short_link,SFG,Instagram,social,Floral,Floral,Instagram,Social,Floral,LoveRomance,Shop,https://studleys.com/product-category/flowers/love-romance/,https://studleys.com/product-category/flowers/love-romance/?utm_source=Instagram&utm_medium=Social&utm_campaign=Floral&utm_term=LoveRomance&utm_content=Shop,,,1,2026-08-24T19:05:40.662Z,2026-08-24T19:05:40.662Z,SFG starter database | Love & Romance | Instagram | Shop
210,completed_without_short_link,SFG,Instagram,social,Floral,Floral,Instagram,Social,Floral,LoveRomance,Learn,https://studleys.com/product-category/flowers/love-romance/,https://studleys.com/product-category/flowers/love-romance/?utm_source=Instagram&utm_medium=Social&utm_campaign=Floral&utm_term=LoveRomance&utm_content=Learn,,,1,2026-08-24T19:05:40.662Z,2026-08-24T19:05:40.662Z,SFG starter database | Love & Romance | Instagram | Learn
211,completed_without_short_link,SFG,Instagram,social,Floral,Floral,Instagram,Social,Floral,LoveRomance,Explore,https://studleys.com/product-category/flowers/love-romance/,https://studleys.com/product-category/flowers/love-romance/?utm_source=Instagram&utm_medium=Social&utm_campaign=Floral&utm_term=LoveRomance&utm_content=Explore,,,1,2026-08-24T19:05:40.662Z,2026-08-24T19:05:40.662Z,SFG starter database | Love & Romance | Instagram | Explore
212,completed_without_short_link,SFG,Instagram,social,Floral,Floral,Instagram,Social,Floral,LoveRomance,,https://studleys.com/product-category/flowers/love-romance/,https://studleys.com/product-category/flowers/love-romance/?utm_source=Instagram&utm_medium=Social&utm_campaign=Floral&utm_term=LoveRomance,,,1,2026-08-24T19:05:40.662Z,2026-08-24T19:05:40.662Z,SFG starter database | Love & Romance | Instagram | {null}
213,completed_without_short_link,SFG,LinkedIn,social,Floral,Floral,LinkedIn,Social,Floral,LoveRomance,Shop,https://studleys.com/product-category/flowers/love-romance/,https://studleys.com/product-category/flowers/love-romance/?utm_source=LinkedIn&utm_medium=Social&utm_campaign=Floral&utm_term=LoveRomance&utm_content=Shop,,,1,2026-08-24T19:05:40.662Z,2026-08-24T19:05:40.662Z,SFG starter database | Love & Romance | LinkedIn | Shop
214,completed_without_short_link,SFG,LinkedIn,social,Floral,Floral,LinkedIn,Social,Floral,LoveRomance,Learn,https://studleys.com/product-category/flowers/love-romance/,https://studleys.com/product-category/flowers/love-romance/?utm_source=LinkedIn&utm_medium=Social&utm_campaign=Floral&utm_term=LoveRomance&utm_content=Learn,,,1,2026-08-24T19:05:40.662Z,2026-08-24T19:05:40.662Z,SFG starter database | Love & Romance | LinkedIn | Learn
215,completed_without_short_link,SFG,LinkedIn,social,Floral,Floral,LinkedIn,Social,Floral,LoveRomance,Explore,https://studleys.com/product-category/flowers/love-romance/,https://studleys.com/product-category/flowers/love-romance/?utm_source=LinkedIn&utm_medium=Social&utm_campaign=Floral&utm_term=LoveRomance&utm_content=Explore,,,1,2026-08-24T19:05:40.662Z,2026-08-24T19:05:40.662Z,SFG starter database | Love & Romance | LinkedIn | Explore
216,completed_without_short_link,SFG,LinkedIn,social,Floral,Floral,LinkedIn,Social,Floral,LoveRomance,,https://studleys.com/product-category/flowers/love-romance/,https://studleys.com/product-category/flowers/love-romance/?utm_source=LinkedIn&utm_medium=Social&utm_campaign=Floral&utm_term=LoveRomance,,,1,2026-08-24T19:05:40.662Z,2026-08-24T19:05:40.662Z,SFG starter database | Love & Romance | LinkedIn | {null}
217,completed_without_short_link,SFG,ConstantContact,email,Floral,Floral,ConstantContact,Email,Floral,LoveRomance,Shop,https://studleys.com/product-category/flowers/love-romance/,https://studleys.com/product-category/flowers/love-romance/?utm_source=ConstantContact&utm_medium=Email&utm_campaign=Floral&utm_term=LoveRomance&utm_content=Shop,,,1,2026-08-24T19:05:40.662Z,2026-08-24T19:05:40.662Z,SFG starter database | Love & Romance | ConstantContact | Shop
218,completed_without_short_link,SFG,ConstantContact,email,Floral,Floral,ConstantContact,Email,Floral,LoveRomance,Learn,https://studleys.com/product-category/flowers/love-romance/,https://studleys.com/product-category/flowers/love-romance/?utm_source=ConstantContact&utm_medium=Email&utm_campaign=Floral&utm_term=LoveRomance&utm_content=Learn,,,1,2026-08-24T19:05:40.662Z,2026-08-24T19:05:40.662Z,SFG starter database | Love & Romance | ConstantContact | Learn
219,completed_without_short_link,SFG,ConstantContact,email,Floral,Floral,ConstantContact,Email,Floral,LoveRomance,Explore,https://studleys.com/product-category/flowers/love-romance/,https://studleys.com/product-category/flowers/love-romance/?utm_source=ConstantContact&utm_medium=Email&utm_campaign=Floral&utm_term=LoveRomance&utm_content=Explore,,,1,2026-08-24T19:05:40.662Z,2026-08-24T19:05:40.662Z,SFG starter database | Love & Romance | ConstantContact | Explore
220,completed_without_short_link,SFG,ConstantContact,email,Floral,Floral,ConstantContact,Email,Floral,LoveRomance,,https://studleys.com/product-category/flowers/love-romance/,https://studleys.com/product-category/flowers/love-romance/?utm_source=ConstantContact&utm_medium=Email&utm_campaign=Floral&utm_term=LoveRomance,,,1,2026-08-24T19:05:40.662Z,2026-08-24T19:05:40.662Z,SFG starter database | Love & Romance | ConstantContact | {null}
221,completed_without_short_link,SFG,Facebook,social,Floral,Floral,Facebook,Social,Floral,MemorialService,Shop,https://studleys.com/product-category/flowers/memorial-service/,https://studleys.com/product-category/flowers/memorial-service/?utm_source=Facebook&utm_medium=Social&utm_campaign=Floral&utm_term=MemorialService&utm_content=Shop,,,1,2026-08-24T19:05:40.662Z,2026-08-24T19:05:40.662Z,SFG starter database | Memorial Service | Facebook | Shop
222,completed_without_short_link,SFG,Facebook,social,Floral,Floral,Facebook,Social,Floral,MemorialService,Learn,https://studleys.com/product-category/flowers/memorial-service/,https://studleys.com/product-category/flowers/memorial-service/?utm_source=Facebook&utm_medium=Social&utm_campaign=Floral&utm_term=MemorialService&utm_content=Learn,,,1,2026-08-24T19:05:40.662Z,2026-08-24T19:05:40.662Z,SFG starter database | Memorial Service | Facebook | Learn
223,completed_without_short_link,SFG,Facebook,social,Floral,Floral,Facebook,Social,Floral,MemorialService,Explore,https://studleys.com/product-category/flowers/memorial-service/,https://studleys.com/product-category/flowers/memorial-service/?utm_source=Facebook&utm_medium=Social&utm_campaign=Floral&utm_term=MemorialService&utm_content=Explore,,,1,2026-08-24T19:05:40.662Z,2026-08-24T19:05:40.662Z,SFG starter database | Memorial Service | Facebook | Explore
224,completed_without_short_link,SFG,Facebook,social,Floral,Floral,Facebook,Social,Floral,MemorialService,,https://studleys.com/product-category/flowers/memorial-service/,https://studleys.com/product-category/flowers/memorial-service/?utm_source=Facebook&utm_medium=Social&utm_campaign=Floral&utm_term=MemorialService,,,1,2026-08-24T19:05:40.662Z,2026-08-24T19:05:40.662Z,SFG starter database | Memorial Service | Facebook | {null}
225,completed_without_short_link,SFG,GMB,social,Floral,Floral,GMB,Social,Floral,MemorialService,Shop,https://studleys.com/product-category/flowers/memorial-service/,https://studleys.com/product-category/flowers/memorial-service/?utm_source=GMB&utm_medium=Social&utm_campaign=Floral&utm_term=MemorialService&utm_content=Shop,,,1,2026-08-24T19:05:40.662Z,2026-08-24T19:05:40.662Z,SFG starter database | Memorial Service | GMB | Shop
226,completed_without_short_link,SFG,GMB,social,Floral,Floral,GMB,Social,Floral,MemorialService,Learn,https://studleys.com/product-category/flowers/memorial-service/,https://studleys.com/product-category/flowers/memorial-service/?utm_source=GMB&utm_medium=Social&utm_campaign=Floral&utm_term=MemorialService&utm_content=Learn,,,1,2026-08-24T19:05:40.662Z,2026-08-24T19:05:40.662Z,SFG starter database | Memorial Service | GMB | Learn
227,completed_without_short_link,SFG,GMB,social,Floral,Floral,GMB,Social,Floral,MemorialService,Explore,https://studleys.com/product-category/flowers/memorial-service/,https://studleys.com/product-category/flowers/memorial-service/?utm_source=GMB&utm_medium=Social&utm_campaign=Floral&utm_term=MemorialService&utm_content=Explore,,,1,2026-08-24T19:05:40.662Z,2026-08-24T19:05:40.662Z,SFG starter database | Memorial Service | GMB | Explore
228,completed_without_short_link,SFG,GMB,social,Floral,Floral,GMB,Social,Floral,MemorialService,,https://studleys.com/product-category/flowers/memorial-service/,https://studleys.com/product-category/flowers/memorial-service/?utm_source=GMB&utm_medium=Social&utm_campaign=Floral&utm_term=MemorialService,,,1,2026-08-24T19:05:40.662Z,2026-08-24T19:05:40.662Z,SFG starter database | Memorial Service | GMB | {null}
229,completed_without_short_link,SFG,Instagram,social,Floral,Floral,Instagram,Social,Floral,MemorialService,Shop,https://studleys.com/product-category/flowers/memorial-service/,https://studleys.com/product-category/flowers/memorial-service/?utm_source=Instagram&utm_medium=Social&utm_campaign=Floral&utm_term=MemorialService&utm_content=Shop,,,1,2026-08-24T19:05:40.662Z,2026-08-24T19:05:40.662Z,SFG starter database | Memorial Service | Instagram | Shop
230,completed_without_short_link,SFG,Instagram,social,Floral,Floral,Instagram,Social,Floral,MemorialService,Learn,https://studleys.com/product-category/flowers/memorial-service/,https://studleys.com/product-category/flowers/memorial-service/?utm_source=Instagram&utm_medium=Social&utm_campaign=Floral&utm_term=MemorialService&utm_content=Learn,,,1,2026-08-24T19:05:40.662Z,2026-08-24T19:05:40.662Z,SFG starter database | Memorial Service | Instagram | Learn
231,completed_without_short_link,SFG,Instagram,social,Floral,Floral,Instagram,Social,Floral,MemorialService,Explore,https://studleys.com/product-category/flowers/memorial-service/,https://studleys.com/product-category/flowers/memorial-service/?utm_source=Instagram&utm_medium=Social&utm_campaign=Floral&utm_term=MemorialService&utm_content=Explore,,,1,2026-08-24T19:05:40.662Z,2026-08-24T19:05:40.662Z,SFG starter database | Memorial Service | Instagram | Explore
232,completed_without_short_link,SFG,Instagram,social,Floral,Floral,Instagram,Social,Floral,MemorialService,,https://studleys.com/product-category/flowers/memorial-service/,https://studleys.com/product-category/flowers/memorial-service/?utm_source=Instagram&utm_medium=Social&utm_campaign=Floral&utm_term=MemorialService,,,1,2026-08-24T19:05:40.662Z,2026-08-24T19:05:40.662Z,SFG starter database | Memorial Service | Instagram | {null}
233,completed_without_short_link,SFG,LinkedIn,social,Floral,Floral,LinkedIn,Social,Floral,MemorialService,Shop,https://studleys.com/product-category/flowers/memorial-service/,https://studleys.com/product-category/flowers/memorial-service/?utm_source=LinkedIn&utm_medium=Social&utm_campaign=Floral&utm_term=MemorialService&utm_content=Shop,,,1,2026-08-24T19:05:40.662Z,2026-08-24T19:05:40.662Z,SFG starter database | Memorial Service | LinkedIn | Shop
234,completed_without_short_link,SFG,LinkedIn,social,Floral,Floral,LinkedIn,Social,Floral,MemorialService,Learn,https://studleys.com/product-category/flowers/memorial-service/,https://studleys.com/product-category/flowers/memorial-service/?utm_source=LinkedIn&utm_medium=Social&utm_campaign=Floral&utm_term=MemorialService&utm_content=Learn,,,1,2026-08-24T19:05:40.662Z,2026-08-24T19:05:40.662Z,SFG starter database | Memorial Service | LinkedIn | Learn
235,completed_without_short_link,SFG,LinkedIn,social,Floral,Floral,LinkedIn,Social,Floral,MemorialService,Explore,https://studleys.com/product-category/flowers/memorial-service/,https://studleys.com/product-category/flowers/memorial-service/?utm_source=LinkedIn&utm_medium=Social&utm_campaign=Floral&utm_term=MemorialService&utm_content=Explore,,,1,2026-08-24T19:05:40.662Z,2026-08-24T19:05:40.662Z,SFG starter database | Memorial Service | LinkedIn | Explore
236,completed_without_short_link,SFG,LinkedIn,social,Floral,Floral,LinkedIn,Social,Floral,MemorialService,,https://studleys.com/product-category/flowers/memorial-service/,https://studleys.com/product-category/flowers/memorial-service/?utm_source=LinkedIn&utm_medium=Social&utm_campaign=Floral&utm_term=MemorialService,,,1,2026-08-24T19:05:40.662Z,2026-08-24T19:05:40.662Z,SFG starter database | Memorial Service | LinkedIn | {null}
237,completed_without_short_link,SFG,ConstantContact,email,Floral,Floral,ConstantContact,Email,Floral,MemorialService,Shop,https://studleys.com/product-category/flowers/memorial-service/,https://studleys.com/product-category/flowers/memorial-service/?utm_source=ConstantContact&utm_medium=Email&utm_campaign=Floral&utm_term=MemorialService&utm_content=Shop,,,1,2026-08-24T19:05:40.662Z,2026-08-24T19:05:40.662Z,SFG starter database | Memorial Service | ConstantContact | Shop
238,completed_without_short_link,SFG,ConstantContact,email,Floral,Floral,ConstantContact,Email,Floral,MemorialService,Learn,https://studleys.com/product-category/flowers/memorial-service/,https://studleys.com/product-category/flowers/memorial-service/?utm_source=ConstantContact&utm_medium=Email&utm_campaign=Floral&utm_term=MemorialService&utm_content=Learn,,,1,2026-08-24T19:05:40.662Z,2026-08-24T19:05:40.662Z,SFG starter database | Memorial Service | ConstantContact | Learn
239,completed_without_short_link,SFG,ConstantContact,email,Floral,Floral,ConstantContact,Email,Floral,MemorialService,Explore,https://studleys.com/product-category/flowers/memorial-service/,https://studleys.com/product-category/flowers/memorial-service/?utm_source=ConstantContact&utm_medium=Email&utm_campaign=Floral&utm_term=MemorialService&utm_content=Explore,,,1,2026-08-24T19:05:40.662Z,2026-08-24T19:05:40.662Z,SFG starter database | Memorial Service | ConstantContact | Explore
240,completed_without_short_link,SFG,ConstantContact,email,Floral,Floral,ConstantContact,Email,Floral,MemorialService,,https://studleys.com/product-category/flowers/memorial-service/,https://studleys.com/product-category/flowers/memorial-service/?utm_source=ConstantContact&utm_medium=Email&utm_campaign=Floral&utm_term=MemorialService,,,1,2026-08-24T19:05:40.662Z,2026-08-24T19:05:40.662Z,SFG starter database | Memorial Service | ConstantContact | {null}
241,completed_without_short_link,SFG,Facebook,social,Floral,Floral,Facebook,Social,Floral,NewBaby,Shop,https://studleys.com/product-category/flowers/new-baby/,https://studleys.com/product-category/flowers/new-baby/?utm_source=Facebook&utm_medium=Social&utm_campaign=Floral&utm_term=NewBaby&utm_content=Shop,,,1,2026-08-24T19:05:40.662Z,2026-08-24T19:05:40.662Z,SFG starter database | New Baby | Facebook | Shop
242,completed_without_short_link,SFG,Facebook,social,Floral,Floral,Facebook,Social,Floral,NewBaby,Learn,https://studleys.com/product-category/flowers/new-baby/,https://studleys.com/product-category/flowers/new-baby/?utm_source=Facebook&utm_medium=Social&utm_campaign=Floral&utm_term=NewBaby&utm_content=Learn,,,1,2026-08-24T19:05:40.662Z,2026-08-24T19:05:40.662Z,SFG starter database | New Baby | Facebook | Learn
243,completed_without_short_link,SFG,Facebook,social,Floral,Floral,Facebook,Social,Floral,NewBaby,Explore,https://studleys.com/product-category/flowers/new-baby/,https://studleys.com/product-category/flowers/new-baby/?utm_source=Facebook&utm_medium=Social&utm_campaign=Floral&utm_term=NewBaby&utm_content=Explore,,,1,2026-08-24T19:05:40.662Z,2026-08-24T19:05:40.662Z,SFG starter database | New Baby | Facebook | Explore
244,completed_without_short_link,SFG,Facebook,social,Floral,Floral,Facebook,Social,Floral,NewBaby,,https://studleys.com/product-category/flowers/new-baby/,https://studleys.com/product-category/flowers/new-baby/?utm_source=Facebook&utm_medium=Social&utm_campaign=Floral&utm_term=NewBaby,,,1,2026-08-24T19:05:40.662Z,2026-08-24T19:05:40.662Z,SFG starter database | New Baby | Facebook | {null}
245,completed_without_short_link,SFG,GMB,social,Floral,Floral,GMB,Social,Floral,NewBaby,Shop,https://studleys.com/product-category/flowers/new-baby/,https://studleys.com/product-category/flowers/new-baby/?utm_source=GMB&utm_medium=Social&utm_campaign=Floral&utm_term=NewBaby&utm_content=Shop,,,1,2026-08-24T19:05:40.662Z,2026-08-24T19:05:40.662Z,SFG starter database | New Baby | GMB | Shop
246,completed_without_short_link,SFG,GMB,social,Floral,Floral,GMB,Social,Floral,NewBaby,Learn,https://studleys.com/product-category/flowers/new-baby/,https://studleys.com/product-category/flowers/new-baby/?utm_source=GMB&utm_medium=Social&utm_campaign=Floral&utm_term=NewBaby&utm_content=Learn,,,1,2026-08-24T19:05:40.662Z,2026-08-24T19:05:40.662Z,SFG starter database | New Baby | GMB | Learn
247,completed_without_short_link,SFG,GMB,social,Floral,Floral,GMB,Social,Floral,NewBaby,Explore,https://studleys.com/product-category/flowers/new-baby/,https://studleys.com/product-category/flowers/new-baby/?utm_source=GMB&utm_medium=Social&utm_campaign=Floral&utm_term=NewBaby&utm_content=Explore,,,1,2026-08-24T19:05:40.662Z,2026-08-24T19:05:40.662Z,SFG starter database | New Baby | GMB | Explore
248,completed_without_short_link,SFG,GMB,social,Floral,Floral,GMB,Social,Floral,NewBaby,,https://studleys.com/product-category/flowers/new-baby/,https://studleys.com/product-category/flowers/new-baby/?utm_source=GMB&utm_medium=Social&utm_campaign=Floral&utm_term=NewBaby,,,1,2026-08-24T19:05:40.662Z,2026-08-24T19:05:40.662Z,SFG starter database | New Baby | GMB | {null}
249,completed_without_short_link,SFG,Instagram,social,Floral,Floral,Instagram,Social,Floral,NewBaby,Shop,https://studleys.com/product-category/flowers/new-baby/,https://studleys.com/product-category/flowers/new-baby/?utm_source=Instagram&utm_medium=Social&utm_campaign=Floral&utm_term=NewBaby&utm_content=Shop,,,1,2026-08-24T19:05:40.662Z,2026-08-24T19:05:40.662Z,SFG starter database | New Baby | Instagram | Shop
250,completed_without_short_link,SFG,Instagram,social,Floral,Floral,Instagram,Social,Floral,NewBaby,Learn,https://studleys.com/product-category/flowers/new-baby/,https://studleys.com/product-category/flowers/new-baby/?utm_source=Instagram&utm_medium=Social&utm_campaign=Floral&utm_term=NewBaby&utm_content=Learn,,,1,2026-08-24T19:05:40.662Z,2026-08-24T19:05:40.662Z,SFG starter database | New Baby | Instagram | Learn
251,completed_without_short_link,SFG,Instagram,social,Floral,Floral,Instagram,Social,Floral,NewBaby,Explore,https://studleys.com/product-category/flowers/new-baby/,https://studleys.com/product-category/flowers/new-baby/?utm_source=Instagram&utm_medium=Social&utm_campaign=Floral&utm_term=NewBaby&utm_content=Explore,,,1,2026-08-24T19:05:40.662Z,2026-08-24T19:05:40.662Z,SFG starter database | New Baby | Instagram | Explore
252,completed_without_short_link,SFG,Instagram,social,Floral,Floral,Instagram,Social,Floral,NewBaby,,https://studleys.com/product-category/flowers/new-baby/,https://studleys.com/product-category/flowers/new-baby/?utm_source=Instagram&utm_medium=Social&utm_campaign=Floral&utm_term=NewBaby,,,1,2026-08-24T19:05:40.662Z,2026-08-24T19:05:40.662Z,SFG starter database | New Baby | Instagram | {null}
253,completed_without_short_link,SFG,LinkedIn,social,Floral,Floral,LinkedIn,Social,Floral,NewBaby,Shop,https://studleys.com/product-category/flowers/new-baby/,https://studleys.com/product-category/flowers/new-baby/?utm_source=LinkedIn&utm_medium=Social&utm_campaign=Floral&utm_term=NewBaby&utm_content=Shop,,,1,2026-08-24T19:05:40.662Z,2026-08-24T19:05:40.662Z,SFG starter database | New Baby | LinkedIn | Shop
254,completed_without_short_link,SFG,LinkedIn,social,Floral,Floral,LinkedIn,Social,Floral,NewBaby,Learn,https://studleys.com/product-category/flowers/new-baby/,https://studleys.com/product-category/flowers/new-baby/?utm_source=LinkedIn&utm_medium=Social&utm_campaign=Floral&utm_term=NewBaby&utm_content=Learn,,,1,2026-08-24T19:05:40.662Z,2026-08-24T19:05:40.662Z,SFG starter database | New Baby | LinkedIn | Learn
255,completed_without_short_link,SFG,LinkedIn,social,Floral,Floral,LinkedIn,Social,Floral,NewBaby,Explore,https://studleys.com/product-category/flowers/new-baby/,https://studleys.com/product-category/flowers/new-baby/?utm_source=LinkedIn&utm_medium=Social&utm_campaign=Floral&utm_term=NewBaby&utm_content=Explore,,,1,2026-08-24T19:05:40.662Z,2026-08-24T19:05:40.662Z,SFG starter database | New Baby | LinkedIn | Explore
256,completed_without_short_link,SFG,LinkedIn,social,Floral,Floral,LinkedIn,Social,Floral,NewBaby,,https://studleys.com/product-category/flowers/new-baby/,https://studleys.com/product-category/flowers/new-baby/?utm_source=LinkedIn&utm_medium=Social&utm_campaign=Floral&utm_term=NewBaby,,,1,2026-08-24T19:05:40.662Z,2026-08-24T19:05:40.662Z,SFG starter database | New Baby | LinkedIn | {null}
257,completed_without_short_link,SFG,ConstantContact,email,Floral,Floral,ConstantContact,Email,Floral,NewBaby,Shop,https://studleys.com/product-category/flowers/new-baby/,https://studleys.com/product-category/flowers/new-baby/?utm_source=ConstantContact&utm_medium=Email&utm_campaign=Floral&utm_term=NewBaby&utm_content=Shop,,,1,2026-08-24T19:05:40.662Z,2026-08-24T19:05:40.662Z,SFG starter database | New Baby | ConstantContact | Shop
258,completed_without_short_link,SFG,ConstantContact,email,Floral,Floral,ConstantContact,Email,Floral,NewBaby,Learn,https://studleys.com/product-category/flowers/new-baby/,https://studleys.com/product-category/flowers/new-baby/?utm_source=ConstantContact&utm_medium=Email&utm_campaign=Floral&utm_term=NewBaby&utm_content=Learn,,,1,2026-08-24T19:05:40.662Z,2026-08-24T19:05:40.662Z,SFG starter database | New Baby | ConstantContact | Learn
259,completed_without_short_link,SFG,ConstantContact,email,Floral,Floral,ConstantContact,Email,Floral,NewBaby,Explore,https://studleys.com/product-category/flowers/new-baby/,https://studleys.com/product-category/flowers/new-baby/?utm_source=ConstantContact&utm_medium=Email&utm_campaign=Floral&utm_term=NewBaby&utm_content=Explore,,,1,2026-08-24T19:05:40.662Z,2026-08-24T19:05:40.662Z,SFG starter database | New Baby | ConstantContact | Explore
260,completed_without_short_link,SFG,ConstantContact,email,Floral,Floral,ConstantContact,Email,Floral,NewBaby,,https://studleys.com/product-category/flowers/new-baby/,https://studleys.com/product-category/flowers/new-baby/?utm_source=ConstantContact&utm_medium=Email&utm_campaign=Floral&utm_term=NewBaby,,,1,2026-08-24T19:05:40.662Z,2026-08-24T19:05:40.662Z,SFG starter database | New Baby | ConstantContact | {null}
261,completed_without_short_link,SFG,Facebook,social,Floral,Floral,Facebook,Social,Floral,PlantGifts,Shop,https://studleys.com/product-category/flowers/plant-gifts/,https://studleys.com/product-category/flowers/plant-gifts/?utm_source=Facebook&utm_medium=Social&utm_campaign=Floral&utm_term=PlantGifts&utm_content=Shop,,,1,2026-08-24T19:05:40.662Z,2026-08-24T19:05:40.662Z,SFG starter database | Plant Gifts | Facebook | Shop
262,completed_without_short_link,SFG,Facebook,social,Floral,Floral,Facebook,Social,Floral,PlantGifts,Learn,https://studleys.com/product-category/flowers/plant-gifts/,https://studleys.com/product-category/flowers/plant-gifts/?utm_source=Facebook&utm_medium=Social&utm_campaign=Floral&utm_term=PlantGifts&utm_content=Learn,,,1,2026-08-24T19:05:40.662Z,2026-08-24T19:05:40.662Z,SFG starter database | Plant Gifts | Facebook | Learn
263,completed_without_short_link,SFG,Facebook,social,Floral,Floral,Facebook,Social,Floral,PlantGifts,Explore,https://studleys.com/product-category/flowers/plant-gifts/,https://studleys.com/product-category/flowers/plant-gifts/?utm_source=Facebook&utm_medium=Social&utm_campaign=Floral&utm_term=PlantGifts&utm_content=Explore,,,1,2026-08-24T19:05:40.662Z,2026-08-24T19:05:40.662Z,SFG starter database | Plant Gifts | Facebook | Explore
264,completed_without_short_link,SFG,Facebook,social,Floral,Floral,Facebook,Social,Floral,PlantGifts,,https://studleys.com/product-category/flowers/plant-gifts/,https://studleys.com/product-category/flowers/plant-gifts/?utm_source=Facebook&utm_medium=Social&utm_campaign=Floral&utm_term=PlantGifts,,,1,2026-08-24T19:05:40.662Z,2026-08-24T19:05:40.662Z,SFG starter database | Plant Gifts | Facebook | {null}
265,completed_without_short_link,SFG,GMB,social,Floral,Floral,GMB,Social,Floral,PlantGifts,Shop,https://studleys.com/product-category/flowers/plant-gifts/,https://studleys.com/product-category/flowers/plant-gifts/?utm_source=GMB&utm_medium=Social&utm_campaign=Floral&utm_term=PlantGifts&utm_content=Shop,,,1,2026-08-24T19:05:40.662Z,2026-08-24T19:05:40.662Z,SFG starter database | Plant Gifts | GMB | Shop
266,completed_without_short_link,SFG,GMB,social,Floral,Floral,GMB,Social,Floral,PlantGifts,Learn,https://studleys.com/product-category/flowers/plant-gifts/,https://studleys.com/product-category/flowers/plant-gifts/?utm_source=GMB&utm_medium=Social&utm_campaign=Floral&utm_term=PlantGifts&utm_content=Learn,,,1,2026-08-24T19:05:40.662Z,2026-08-24T19:05:40.662Z,SFG starter database | Plant Gifts | GMB | Learn
267,completed_without_short_link,SFG,GMB,social,Floral,Floral,GMB,Social,Floral,PlantGifts,Explore,https://studleys.com/product-category/flowers/plant-gifts/,https://studleys.com/product-category/flowers/plant-gifts/?utm_source=GMB&utm_medium=Social&utm_campaign=Floral&utm_term=PlantGifts&utm_content=Explore,,,1,2026-08-24T19:05:40.662Z,2026-08-24T19:05:40.662Z,SFG starter database | Plant Gifts | GMB | Explore
268,completed_without_short_link,SFG,GMB,social,Floral,Floral,GMB,Social,Floral,PlantGifts,,https://studleys.com/product-category/flowers/plant-gifts/,https://studleys.com/product-category/flowers/plant-gifts/?utm_source=GMB&utm_medium=Social&utm_campaign=Floral&utm_term=PlantGifts,,,1,2026-08-24T19:05:40.662Z,2026-08-24T19:05:40.662Z,SFG starter database | Plant Gifts | GMB | {null}
269,completed_without_short_link,SFG,Instagram,social,Floral,Floral,Instagram,Social,Floral,PlantGifts,Shop,https://studleys.com/product-category/flowers/plant-gifts/,https://studleys.com/product-category/flowers/plant-gifts/?utm_source=Instagram&utm_medium=Social&utm_campaign=Floral&utm_term=PlantGifts&utm_content=Shop,,,1,2026-08-24T19:05:40.662Z,2026-08-24T19:05:40.662Z,SFG starter database | Plant Gifts | Instagram | Shop
270,completed_without_short_link,SFG,Instagram,social,Floral,Floral,Instagram,Social,Floral,PlantGifts,Learn,https://studleys.com/product-category/flowers/plant-gifts/,https://studleys.com/product-category/flowers/plant-gifts/?utm_source=Instagram&utm_medium=Social&utm_campaign=Floral&utm_term=PlantGifts&utm_content=Learn,,,1,2026-08-24T19:05:40.662Z,2026-08-24T19:05:40.662Z,SFG starter database | Plant Gifts | Instagram | Learn
271,completed_without_short_link,SFG,Instagram,social,Floral,Floral,Instagram,Social,Floral,PlantGifts,Explore,https://studleys.com/product-category/flowers/plant-gifts/,https://studleys.com/product-category/flowers/plant-gifts/?utm_source=Instagram&utm_medium=Social&utm_campaign=Floral&utm_term=PlantGifts&utm_content=Explore,,,1,2026-08-24T19:05:40.662Z,2026-08-24T19:05:40.662Z,SFG starter database | Plant Gifts | Instagram | Explore
272,completed_without_short_link,SFG,Instagram,social,Floral,Floral,Instagram,Social,Floral,PlantGifts,,https://studleys.com/product-category/flowers/plant-gifts/,https://studleys.com/product-category/flowers/plant-gifts/?utm_source=Instagram&utm_medium=Social&utm_campaign=Floral&utm_term=PlantGifts,,,1,2026-08-24T19:05:40.662Z,2026-08-24T19:05:40.662Z,SFG starter database | Plant Gifts | Instagram | {null}
273,completed_without_short_link,SFG,LinkedIn,social,Floral,Floral,LinkedIn,Social,Floral,PlantGifts,Shop,https://studleys.com/product-category/flowers/plant-gifts/,https://studleys.com/product-category/flowers/plant-gifts/?utm_source=LinkedIn&utm_medium=Social&utm_campaign=Floral&utm_term=PlantGifts&utm_content=Shop,,,1,2026-08-24T19:05:40.662Z,2026-08-24T19:05:40.662Z,SFG starter database | Plant Gifts | LinkedIn | Shop
274,completed_without_short_link,SFG,LinkedIn,social,Floral,Floral,LinkedIn,Social,Floral,PlantGifts,Learn,https://studleys.com/product-category/flowers/plant-gifts/,https://studleys.com/product-category/flowers/plant-gifts/?utm_source=LinkedIn&utm_medium=Social&utm_campaign=Floral&utm_term=PlantGifts&utm_content=Learn,,,1,2026-08-24T19:05:40.662Z,2026-08-24T19:05:40.662Z,SFG starter database | Plant Gifts | LinkedIn | Learn
275,completed_without_short_link,SFG,LinkedIn,social,Floral,Floral,LinkedIn,Social,Floral,PlantGifts,Explore,https://studleys.com/product-category/flowers/plant-gifts/,https://studleys.com/product-category/flowers/plant-gifts/?utm_source=LinkedIn&utm_medium=Social&utm_campaign=Floral&utm_term=PlantGifts&utm_content=Explore,,,1,2026-08-24T19:05:40.662Z,2026-08-24T19:05:40.662Z,SFG starter database | Plant Gifts | LinkedIn | Explore
276,completed_without_short_link,SFG,LinkedIn,social,Floral,Floral,LinkedIn,Social,Floral,PlantGifts,,https://studleys.com/product-category/flowers/plant-gifts/,https://studleys.com/product-category/flowers/plant-gifts/?utm_source=LinkedIn&utm_medium=Social&utm_campaign=Floral&utm_term=PlantGifts,,,1,2026-08-24T19:05:40.662Z,2026-08-24T19:05:40.662Z,SFG starter database | Plant Gifts | LinkedIn | {null}
277,completed_without_short_link,SFG,ConstantContact,email,Floral,Floral,ConstantContact,Email,Floral,PlantGifts,Shop,https://studleys.com/product-category/flowers/plant-gifts/,https://studleys.com/product-category/flowers/plant-gifts/?utm_source=ConstantContact&utm_medium=Email&utm_campaign=Floral&utm_term=PlantGifts&utm_content=Shop,,,1,2026-08-24T19:05:40.662Z,2026-08-24T19:05:40.662Z,SFG starter database | Plant Gifts | ConstantContact | Shop
278,completed_without_short_link,SFG,ConstantContact,email,Floral,Floral,ConstantContact,Email,Floral,PlantGifts,Learn,https://studleys.com/product-category/flowers/plant-gifts/,https://studleys.com/product-category/flowers/plant-gifts/?utm_source=ConstantContact&utm_medium=Email&utm_campaign=Floral&utm_term=PlantGifts&utm_content=Learn,,,1,2026-08-24T19:05:40.662Z,2026-08-24T19:05:40.662Z,SFG starter database | Plant Gifts | ConstantContact | Learn
279,completed_without_short_link,SFG,ConstantContact,email,Floral,Floral,ConstantContact,Email,Floral,PlantGifts,Explore,https://studleys.com/product-category/flowers/plant-gifts/,https://studleys.com/product-category/flowers/plant-gifts/?utm_source=ConstantContact&utm_medium=Email&utm_campaign=Floral&utm_term=PlantGifts&utm_content=Explore,,,1,2026-08-24T19:05:40.662Z,2026-08-24T19:05:40.662Z,SFG starter database | Plant Gifts | ConstantContact | Explore
280,completed_without_short_link,SFG,ConstantContact,email,Floral,Floral,ConstantContact,Email,Floral,PlantGifts,,https://studleys.com/product-category/flowers/plant-gifts/,https://studleys.com/product-category/flowers/plant-gifts/?utm_source=ConstantContact&utm_medium=Email&utm_campaign=Floral&utm_term=PlantGifts,,,1,2026-08-24T19:05:40.662Z,2026-08-24T19:05:40.662Z,SFG starter database | Plant Gifts | ConstantContact | {null}
281,completed_without_short_link,SFG,Facebook,social,Floral,Floral,Facebook,Social,Floral,Roses,Shop,https://studleys.com/product-category/flowers/roses/,https://studleys.com/product-category/flowers/roses/?utm_source=Facebook&utm_medium=Social&utm_campaign=Floral&utm_term=Roses&utm_content=Shop,,,1,2026-08-24T19:05:40.662Z,2026-08-24T19:05:40.662Z,SFG starter database | Roses | Facebook | Shop
282,completed_without_short_link,SFG,Facebook,social,Floral,Floral,Facebook,Social,Floral,Roses,Learn,https://studleys.com/product-category/flowers/roses/,https://studleys.com/product-category/flowers/roses/?utm_source=Facebook&utm_medium=Social&utm_campaign=Floral&utm_term=Roses&utm_content=Learn,,,1,2026-08-24T19:05:40.662Z,2026-08-24T19:05:40.662Z,SFG starter database | Roses | Facebook | Learn
283,completed_without_short_link,SFG,Facebook,social,Floral,Floral,Facebook,Social,Floral,Roses,Explore,https://studleys.com/product-category/flowers/roses/,https://studleys.com/product-category/flowers/roses/?utm_source=Facebook&utm_medium=Social&utm_campaign=Floral&utm_term=Roses&utm_content=Explore,,,1,2026-08-24T19:05:40.662Z,2026-08-24T19:05:40.662Z,SFG starter database | Roses | Facebook | Explore
284,completed_without_short_link,SFG,Facebook,social,Floral,Floral,Facebook,Social,Floral,Roses,,https://studleys.com/product-category/flowers/roses/,https://studleys.com/product-category/flowers/roses/?utm_source=Facebook&utm_medium=Social&utm_campaign=Floral&utm_term=Roses,,,1,2026-08-24T19:05:40.662Z,2026-08-24T19:05:40.662Z,SFG starter database | Roses | Facebook | {null}
285,completed_without_short_link,SFG,GMB,social,Floral,Floral,GMB,Social,Floral,Roses,Shop,https://studleys.com/product-category/flowers/roses/,https://studleys.com/product-category/flowers/roses/?utm_source=GMB&utm_medium=Social&utm_campaign=Floral&utm_term=Roses&utm_content=Shop,,,1,2026-08-24T19:05:40.662Z,2026-08-24T19:05:40.662Z,SFG starter database | Roses | GMB | Shop
286,completed_without_short_link,SFG,GMB,social,Floral,Floral,GMB,Social,Floral,Roses,Learn,https://studleys.com/product-category/flowers/roses/,https://studleys.com/product-category/flowers/roses/?utm_source=GMB&utm_medium=Social&utm_campaign=Floral&utm_term=Roses&utm_content=Learn,,,1,2026-08-24T19:05:40.662Z,2026-08-24T19:05:40.662Z,SFG starter database | Roses | GMB | Learn
287,completed_without_short_link,SFG,GMB,social,Floral,Floral,GMB,Social,Floral,Roses,Explore,https://studleys.com/product-category/flowers/roses/,https://studleys.com/product-category/flowers/roses/?utm_source=GMB&utm_medium=Social&utm_campaign=Floral&utm_term=Roses&utm_content=Explore,,,1,2026-08-24T19:05:40.662Z,2026-08-24T19:05:40.662Z,SFG starter database | Roses | GMB | Explore
288,completed_without_short_link,SFG,GMB,social,Floral,Floral,GMB,Social,Floral,Roses,,https://studleys.com/product-category/flowers/roses/,https://studleys.com/product-category/flowers/roses/?utm_source=GMB&utm_medium=Social&utm_campaign=Floral&utm_term=Roses,,,1,2026-08-24T19:05:40.662Z,2026-08-24T19:05:40.662Z,SFG starter database | Roses | GMB | {null}
289,completed_without_short_link,SFG,Instagram,social,Floral,Floral,Instagram,Social,Floral,Roses,Shop,https://studleys.com/product-category/flowers/roses/,https://studleys.com/product-category/flowers/roses/?utm_source=Instagram&utm_medium=Social&utm_campaign=Floral&utm_term=Roses&utm_content=Shop,,,1,2026-08-24T19:05:40.662Z,2026-08-24T19:05:40.662Z,SFG starter database | Roses | Instagram | Shop
290,completed_without_short_link,SFG,Instagram,social,Floral,Floral,Instagram,Social,Floral,Roses,Learn,https://studleys.com/product-category/flowers/roses/,https://studleys.com/product-category/flowers/roses/?utm_source=Instagram&utm_medium=Social&utm_campaign=Floral&utm_term=Roses&utm_content=Learn,,,1,2026-08-24T19:05:40.662Z,2026-08-24T19:05:40.662Z,SFG starter database | Roses | Instagram | Learn
291,completed_without_short_link,SFG,Instagram,social,Floral,Floral,Instagram,Social,Floral,Roses,Explore,https://studleys.com/product-category/flowers/roses/,https://studleys.com/product-category/flowers/roses/?utm_source=Instagram&utm_medium=Social&utm_campaign=Floral&utm_term=Roses&utm_content=Explore,,,1,2026-08-24T19:05:40.662Z,2026-08-24T19:05:40.662Z,SFG starter database | Roses | Instagram | Explore
292,completed_without_short_link,SFG,Instagram,social,Floral,Floral,Instagram,Social,Floral,Roses,,https://studleys.com/product-category/flowers/roses/,https://studleys.com/product-category/flowers/roses/?utm_source=Instagram&utm_medium=Social&utm_campaign=Floral&utm_term=Roses,,,1,2026-08-24T19:05:40.662Z,2026-08-24T19:05:40.662Z,SFG starter database | Roses | Instagram | {null}
293,completed_without_short_link,SFG,LinkedIn,social,Floral,Floral,LinkedIn,Social,Floral,Roses,Shop,https://studleys.com/product-category/flowers/roses/,https://studleys.com/product-category/flowers/roses/?utm_source=LinkedIn&utm_medium=Social&utm_campaign=Floral&utm_term=Roses&utm_content=Shop,,,1,2026-08-24T19:05:40.662Z,2026-08-24T19:05:40.662Z,SFG starter database | Roses | LinkedIn | Shop
294,completed_without_short_link,SFG,LinkedIn,social,Floral,Floral,LinkedIn,Social,Floral,Roses,Learn,https://studleys.com/product-category/flowers/roses/,https://studleys.com/product-category/flowers/roses/?utm_source=LinkedIn&utm_medium=Social&utm_campaign=Floral&utm_term=Roses&utm_content=Learn,,,1,2026-08-24T19:05:40.662Z,2026-08-24T19:05:40.662Z,SFG starter database | Roses | LinkedIn | Learn
295,completed_without_short_link,SFG,LinkedIn,social,Floral,Floral,LinkedIn,Social,Floral,Roses,Explore,https://studleys.com/product-category/flowers/roses/,https://studleys.com/product-category/flowers/roses/?utm_source=LinkedIn&utm_medium=Social&utm_campaign=Floral&utm_term=Roses&utm_content=Explore,,,1,2026-08-24T19:05:40.662Z,2026-08-24T19:05:40.662Z,SFG starter database | Roses | LinkedIn | Explore
296,completed_without_short_link,SFG,LinkedIn,social,Floral,Floral,LinkedIn,Social,Floral,Roses,,https://studleys.com/product-category/flowers/roses/,https://studleys.com/product-category/flowers/roses/?utm_source=LinkedIn&utm_medium=Social&utm_campaign=Floral&utm_term=Roses,,,1,2026-08-24T19:05:40.662Z,2026-08-24T19:05:40.662Z,SFG starter database | Roses | LinkedIn | {null}
297,completed_without_short_link,SFG,ConstantContact,email,Floral,Floral,ConstantContact,Email,Floral,Roses,Shop,https://studleys.com/product-category/flowers/roses/,https://studleys.com/product-category/flowers/roses/?utm_source=ConstantContact&utm_medium=Email&utm_campaign=Floral&utm_term=Roses&utm_content=Shop,,,1,2026-08-24T19:05:40.662Z,2026-08-24T19:05:40.662Z,SFG starter database | Roses | ConstantContact | Shop
298,completed_without_short_link,SFG,ConstantContact,email,Floral,Floral,ConstantContact,Email,Floral,Roses,Learn,https://studleys.com/product-category/flowers/roses/,https://studleys.com/product-category/flowers/roses/?utm_source=ConstantContact&utm_medium=Email&utm_campaign=Floral&utm_term=Roses&utm_content=Learn,,,1,2026-08-24T19:05:40.662Z,2026-08-24T19:05:40.662Z,SFG starter database | Roses | ConstantContact | Learn
299,completed_without_short_link,SFG,ConstantContact,email,Floral,Floral,ConstantContact,Email,Floral,Roses,Explore,https://studleys.com/product-category/flowers/roses/,https://studleys.com/product-category/flowers/roses/?utm_source=ConstantContact&utm_medium=Email&utm_campaign=Floral&utm_term=Roses&utm_content=Explore,,,1,2026-08-24T19:05:40.662Z,2026-08-24T19:05:40.662Z,SFG starter database | Roses | ConstantContact | Explore
300,completed_without_short_link,SFG,ConstantContact,email,Floral,Floral,ConstantContact,Email,Floral,Roses,,https://studleys.com/product-category/flowers/roses/,https://studleys.com/product-category/flowers/roses/?utm_source=ConstantContact&utm_medium=Email&utm_campaign=Floral&utm_term=Roses,,,1,2026-08-24T19:05:40.662Z,2026-08-24T19:05:40.662Z,SFG starter database | Roses | ConstantContact | {null}
301,completed_without_short_link,SFG,Facebook,social,Floral,Floral,Facebook,Social,Floral,Sympathy,Shop,https://studleys.com/product-category/flowers/sympathy/,https://studleys.com/product-category/flowers/sympathy/?utm_source=Facebook&utm_medium=Social&utm_campaign=Floral&utm_term=Sympathy&utm_content=Shop,,,1,2026-08-24T19:05:40.662Z,2026-08-24T19:05:40.662Z,SFG starter database | Sympathy | Facebook | Shop
302,completed_without_short_link,SFG,Facebook,social,Floral,Floral,Facebook,Social,Floral,Sympathy,Learn,https://studleys.com/product-category/flowers/sympathy/,https://studleys.com/product-category/flowers/sympathy/?utm_source=Facebook&utm_medium=Social&utm_campaign=Floral&utm_term=Sympathy&utm_content=Learn,,,1,2026-08-24T19:05:40.662Z,2026-08-24T19:05:40.662Z,SFG starter database | Sympathy | Facebook | Learn
303,completed_without_short_link,SFG,Facebook,social,Floral,Floral,Facebook,Social,Floral,Sympathy,Explore,https://studleys.com/product-category/flowers/sympathy/,https://studleys.com/product-category/flowers/sympathy/?utm_source=Facebook&utm_medium=Social&utm_campaign=Floral&utm_term=Sympathy&utm_content=Explore,,,1,2026-08-24T19:05:40.662Z,2026-08-24T19:05:40.662Z,SFG starter database | Sympathy | Facebook | Explore
304,completed_without_short_link,SFG,Facebook,social,Floral,Floral,Facebook,Social,Floral,Sympathy,,https://studleys.com/product-category/flowers/sympathy/,https://studleys.com/product-category/flowers/sympathy/?utm_source=Facebook&utm_medium=Social&utm_campaign=Floral&utm_term=Sympathy,,,1,2026-08-24T19:05:40.662Z,2026-08-24T19:05:40.662Z,SFG starter database | Sympathy | Facebook | {null}
305,completed_without_short_link,SFG,GMB,social,Floral,Floral,GMB,Social,Floral,Sympathy,Shop,https://studleys.com/product-category/flowers/sympathy/,https://studleys.com/product-category/flowers/sympathy/?utm_source=GMB&utm_medium=Social&utm_campaign=Floral&utm_term=Sympathy&utm_content=Shop,,,1,2026-08-24T19:05:40.662Z,2026-08-24T19:05:40.662Z,SFG starter database | Sympathy | GMB | Shop
306,completed_without_short_link,SFG,GMB,social,Floral,Floral,GMB,Social,Floral,Sympathy,Learn,https://studleys.com/product-category/flowers/sympathy/,https://studleys.com/product-category/flowers/sympathy/?utm_source=GMB&utm_medium=Social&utm_campaign=Floral&utm_term=Sympathy&utm_content=Learn,,,1,2026-08-24T19:05:40.662Z,2026-08-24T19:05:40.662Z,SFG starter database | Sympathy | GMB | Learn
307,completed_without_short_link,SFG,GMB,social,Floral,Floral,GMB,Social,Floral,Sympathy,Explore,https://studleys.com/product-category/flowers/sympathy/,https://studleys.com/product-category/flowers/sympathy/?utm_source=GMB&utm_medium=Social&utm_campaign=Floral&utm_term=Sympathy&utm_content=Explore,,,1,2026-08-24T19:05:40.662Z,2026-08-24T19:05:40.662Z,SFG starter database | Sympathy | GMB | Explore
308,completed_without_short_link,SFG,GMB,social,Floral,Floral,GMB,Social,Floral,Sympathy,,https://studleys.com/product-category/flowers/sympathy/,https://studleys.com/product-category/flowers/sympathy/?utm_source=GMB&utm_medium=Social&utm_campaign=Floral&utm_term=Sympathy,,,1,2026-08-24T19:05:40.662Z,2026-08-24T19:05:40.662Z,SFG starter database | Sympathy | GMB | {null}
309,completed_without_short_link,SFG,Instagram,social,Floral,Floral,Instagram,Social,Floral,Sympathy,Shop,https://studleys.com/product-category/flowers/sympathy/,https://studleys.com/product-category/flowers/sympathy/?utm_source=Instagram&utm_medium=Social&utm_campaign=Floral&utm_term=Sympathy&utm_content=Shop,,,1,2026-08-24T19:05:40.662Z,2026-08-24T19:05:40.662Z,SFG starter database | Sympathy | Instagram | Shop
310,completed_without_short_link,SFG,Instagram,social,Floral,Floral,Instagram,Social,Floral,Sympathy,Learn,https://studleys.com/product-category/flowers/sympathy/,https://studleys.com/product-category/flowers/sympathy/?utm_source=Instagram&utm_medium=Social&utm_campaign=Floral&utm_term=Sympathy&utm_content=Learn,,,1,2026-08-24T19:05:40.662Z,2026-08-24T19:05:40.662Z,SFG starter database | Sympathy | Instagram | Learn
311,completed_without_short_link,SFG,Instagram,social,Floral,Floral,Instagram,Social,Floral,Sympathy,Explore,https://studleys.com/product-category/flowers/sympathy/,https://studleys.com/product-category/flowers/sympathy/?utm_source=Instagram&utm_medium=Social&utm_campaign=Floral&utm_term=Sympathy&utm_content=Explore,,,1,2026-08-24T19:05:40.662Z,2026-08-24T19:05:40.662Z,SFG starter database | Sympathy | Instagram | Explore
312,completed_without_short_link,SFG,Instagram,social,Floral,Floral,Instagram,Social,Floral,Sympathy,,https://studleys.com/product-category/flowers/sympathy/,https://studleys.com/product-category/flowers/sympathy/?utm_source=Instagram&utm_medium=Social&utm_campaign=Floral&utm_term=Sympathy,,,1,2026-08-24T19:05:40.662Z,2026-08-24T19:05:40.662Z,SFG starter database | Sympathy | Instagram | {null}
313,completed_without_short_link,SFG,LinkedIn,social,Floral,Floral,LinkedIn,Social,Floral,Sympathy,Shop,https://studleys.com/product-category/flowers/sympathy/,https://studleys.com/product-category/flowers/sympathy/?utm_source=LinkedIn&utm_medium=Social&utm_campaign=Floral&utm_term=Sympathy&utm_content=Shop,,,1,2026-08-24T19:05:40.662Z,2026-08-24T19:05:40.662Z,SFG starter database | Sympathy | LinkedIn | Shop
314,completed_without_short_link,SFG,LinkedIn,social,Floral,Floral,LinkedIn,Social,Floral,Sympathy,Learn,https://studleys.com/product-category/flowers/sympathy/,https://studleys.com/product-category/flowers/sympathy/?utm_source=LinkedIn&utm_medium=Social&utm_campaign=Floral&utm_term=Sympathy&utm_content=Learn,,,1,2026-08-24T19:05:40.662Z,2026-08-24T19:05:40.662Z,SFG starter database | Sympathy | LinkedIn | Learn
315,completed_without_short_link,SFG,LinkedIn,social,Floral,Floral,LinkedIn,Social,Floral,Sympathy,Explore,https://studleys.com/product-category/flowers/sympathy/,https://studleys.com/product-category/flowers/sympathy/?utm_source=LinkedIn&utm_medium=Social&utm_campaign=Floral&utm_term=Sympathy&utm_content=Explore,,,1,2026-08-24T19:05:40.662Z,2026-08-24T19:05:40.662Z,SFG starter database | Sympathy | LinkedIn | Explore
316,completed_without_short_link,SFG,LinkedIn,social,Floral,Floral,LinkedIn,Social,Floral,Sympathy,,https://studleys.com/product-category/flowers/sympathy/,https://studleys.com/product-category/flowers/sympathy/?utm_source=LinkedIn&utm_medium=Social&utm_campaign=Floral&utm_term=Sympathy,,,1,2026-08-24T19:05:40.662Z,2026-08-24T19:05:40.662Z,SFG starter database | Sympathy | LinkedIn | {null}
317,completed_without_short_link,SFG,ConstantContact,email,Floral,Floral,ConstantContact,Email,Floral,Sympathy,Shop,https://studleys.com/product-category/flowers/sympathy/,https://studleys.com/product-category/flowers/sympathy/?utm_source=ConstantContact&utm_medium=Email&utm_campaign=Floral&utm_term=Sympathy&utm_content=Shop,,,1,2026-08-24T19:05:40.662Z,2026-08-24T19:05:40.662Z,SFG starter database | Sympathy | ConstantContact | Shop
318,completed_without_short_link,SFG,ConstantContact,email,Floral,Floral,ConstantContact,Email,Floral,Sympathy,Learn,https://studleys.com/product-category/flowers/sympathy/,https://studleys.com/product-category/flowers/sympathy/?utm_source=ConstantContact&utm_medium=Email&utm_campaign=Floral&utm_term=Sympathy&utm_content=Learn,,,1,2026-08-24T19:05:40.662Z,2026-08-24T19:05:40.662Z,SFG starter database | Sympathy | ConstantContact | Learn
319,completed_without_short_link,SFG,ConstantContact,email,Floral,Floral,ConstantContact,Email,Floral,Sympathy,Explore,https://studleys.com/product-category/flowers/sympathy/,https://studleys.com/product-category/flowers/sympathy/?utm_source=ConstantContact&utm_medium=Email&utm_campaign=Floral&utm_term=Sympathy&utm_content=Explore,,,1,2026-08-24T19:05:40.662Z,2026-08-24T19:05:40.662Z,SFG starter database | Sympathy | ConstantContact | Explore
320,completed_without_short_link,SFG,ConstantContact,email,Floral,Floral,ConstantContact,Email,Floral,Sympathy,,https://studleys.com/product-category/flowers/sympathy/,https://studleys.com/product-category/flowers/sympathy/?utm_source=ConstantContact&utm_medium=Email&utm_campaign=Floral&utm_term=Sympathy,,,1,2026-08-24T19:05:40.662Z,2026-08-24T19:05:40.662Z,SFG starter database | Sympathy | ConstantContact | {null}
321,completed_without_short_link,SFG,Facebook,social,Floral,Floral,Facebook,Social,Floral,WeddingALaCarte,Shop,https://studleys.com/product-category/flowers/wedding-a-la-carte/,https://studleys.com/product-category/flowers/wedding-a-la-carte/?utm_source=Facebook&utm_medium=Social&utm_campaign=Floral&utm_term=WeddingALaCarte&utm_content=Shop,,,1,2026-08-24T19:05:40.662Z,2026-08-24T19:05:40.662Z,SFG starter database | Wedding A La Carte | Facebook | Shop
322,completed_without_short_link,SFG,Facebook,social,Floral,Floral,Facebook,Social,Floral,WeddingALaCarte,Learn,https://studleys.com/product-category/flowers/wedding-a-la-carte/,https://studleys.com/product-category/flowers/wedding-a-la-carte/?utm_source=Facebook&utm_medium=Social&utm_campaign=Floral&utm_term=WeddingALaCarte&utm_content=Learn,,,1,2026-08-24T19:05:40.662Z,2026-08-24T19:05:40.662Z,SFG starter database | Wedding A La Carte | Facebook | Learn
323,completed_without_short_link,SFG,Facebook,social,Floral,Floral,Facebook,Social,Floral,WeddingALaCarte,Explore,https://studleys.com/product-category/flowers/wedding-a-la-carte/,https://studleys.com/product-category/flowers/wedding-a-la-carte/?utm_source=Facebook&utm_medium=Social&utm_campaign=Floral&utm_term=WeddingALaCarte&utm_content=Explore,,,1,2026-08-24T19:05:40.662Z,2026-08-24T19:05:40.662Z,SFG starter database | Wedding A La Carte | Facebook | Explore
324,completed_without_short_link,SFG,Facebook,social,Floral,Floral,Facebook,Social,Floral,WeddingALaCarte,,https://studleys.com/product-category/flowers/wedding-a-la-carte/,https://studleys.com/product-category/flowers/wedding-a-la-carte/?utm_source=Facebook&utm_medium=Social&utm_campaign=Floral&utm_term=WeddingALaCarte,,,1,2026-08-24T19:05:40.662Z,2026-08-24T19:05:40.662Z,SFG starter database | Wedding A La Carte | Facebook | {null}
325,completed_without_short_link,SFG,GMB,social,Floral,Floral,GMB,Social,Floral,WeddingALaCarte,Shop,https://studleys.com/product-category/flowers/wedding-a-la-carte/,https://studleys.com/product-category/flowers/wedding-a-la-carte/?utm_source=GMB&utm_medium=Social&utm_campaign=Floral&utm_term=WeddingALaCarte&utm_content=Shop,,,1,2026-08-24T19:05:40.662Z,2026-08-24T19:05:40.662Z,SFG starter database | Wedding A La Carte | GMB | Shop
326,completed_without_short_link,SFG,GMB,social,Floral,Floral,GMB,Social,Floral,WeddingALaCarte,Learn,https://studleys.com/product-category/flowers/wedding-a-la-carte/,https://studleys.com/product-category/flowers/wedding-a-la-carte/?utm_source=GMB&utm_medium=Social&utm_campaign=Floral&utm_term=WeddingALaCarte&utm_content=Learn,,,1,2026-08-24T19:05:40.662Z,2026-08-24T19:05:40.662Z,SFG starter database | Wedding A La Carte | GMB | Learn
327,completed_without_short_link,SFG,GMB,social,Floral,Floral,GMB,Social,Floral,WeddingALaCarte,Explore,https://studleys.com/product-category/flowers/wedding-a-la-carte/,https://studleys.com/product-category/flowers/wedding-a-la-carte/?utm_source=GMB&utm_medium=Social&utm_campaign=Floral&utm_term=WeddingALaCarte&utm_content=Explore,,,1,2026-08-24T19:05:40.662Z,2026-08-24T19:05:40.662Z,SFG starter database | Wedding A La Carte | GMB | Explore
328,completed_without_short_link,SFG,GMB,social,Floral,Floral,GMB,Social,Floral,WeddingALaCarte,,https://studleys.com/product-category/flowers/wedding-a-la-carte/,https://studleys.com/product-category/flowers/wedding-a-la-carte/?utm_source=GMB&utm_medium=Social&utm_campaign=Floral&utm_term=WeddingALaCarte,,,1,2026-08-24T19:05:40.662Z,2026-08-24T19:05:40.662Z,SFG starter database | Wedding A La Carte | GMB | {null}
329,completed_without_short_link,SFG,Instagram,social,Floral,Floral,Instagram,Social,Floral,WeddingALaCarte,Shop,https://studleys.com/product-category/flowers/wedding-a-la-carte/,https://studleys.com/product-category/flowers/wedding-a-la-carte/?utm_source=Instagram&utm_medium=Social&utm_campaign=Floral&utm_term=WeddingALaCarte&utm_content=Shop,,,1,2026-08-24T19:05:40.662Z,2026-08-24T19:05:40.662Z,SFG starter database | Wedding A La Carte | Instagram | Shop
330,completed_without_short_link,SFG,Instagram,social,Floral,Floral,Instagram,Social,Floral,WeddingALaCarte,Learn,https://studleys.com/product-category/flowers/wedding-a-la-carte/,https://studleys.com/product-category/flowers/wedding-a-la-carte/?utm_source=Instagram&utm_medium=Social&utm_campaign=Floral&utm_term=WeddingALaCarte&utm_content=Learn,,,1,2026-08-24T19:05:40.662Z,2026-08-24T19:05:40.662Z,SFG starter database | Wedding A La Carte | Instagram | Learn
331,completed_without_short_link,SFG,Instagram,social,Floral,Floral,Instagram,Social,Floral,WeddingALaCarte,Explore,https://studleys.com/product-category/flowers/wedding-a-la-carte/,https://studleys.com/product-category/flowers/wedding-a-la-carte/?utm_source=Instagram&utm_medium=Social&utm_campaign=Floral&utm_term=WeddingALaCarte&utm_content=Explore,,,1,2026-08-24T19:05:40.662Z,2026-08-24T19:05:40.662Z,SFG starter database | Wedding A La Carte | Instagram | Explore
332,completed_without_short_link,SFG,Instagram,social,Floral,Floral,Instagram,Social,Floral,WeddingALaCarte,,https://studleys.com/product-category/flowers/wedding-a-la-carte/,https://studleys.com/product-category/flowers/wedding-a-la-carte/?utm_source=Instagram&utm_medium=Social&utm_campaign=Floral&utm_term=WeddingALaCarte,,,1,2026-08-24T19:05:40.662Z,2026-08-24T19:05:40.662Z,SFG starter database | Wedding A La Carte | Instagram | {null}
333,completed_without_short_link,SFG,LinkedIn,social,Floral,Floral,LinkedIn,Social,Floral,WeddingALaCarte,Shop,https://studleys.com/product-category/flowers/wedding-a-la-carte/,https://studleys.com/product-category/flowers/wedding-a-la-carte/?utm_source=LinkedIn&utm_medium=Social&utm_campaign=Floral&utm_term=WeddingALaCarte&utm_content=Shop,,,1,2026-08-24T19:05:40.662Z,2026-08-24T19:05:40.662Z,SFG starter database | Wedding A La Carte | LinkedIn | Shop
334,completed_without_short_link,SFG,LinkedIn,social,Floral,Floral,LinkedIn,Social,Floral,WeddingALaCarte,Learn,https://studleys.com/product-category/flowers/wedding-a-la-carte/,https://studleys.com/product-category/flowers/wedding-a-la-carte/?utm_source=LinkedIn&utm_medium=Social&utm_campaign=Floral&utm_term=WeddingALaCarte&utm_content=Learn,,,1,2026-08-24T19:05:40.662Z,2026-08-24T19:05:40.662Z,SFG starter database | Wedding A La Carte | LinkedIn | Learn
335,completed_without_short_link,SFG,LinkedIn,social,Floral,Floral,LinkedIn,Social,Floral,WeddingALaCarte,Explore,https://studleys.com/product-category/flowers/wedding-a-la-carte/,https://studleys.com/product-category/flowers/wedding-a-la-carte/?utm_source=LinkedIn&utm_medium=Social&utm_campaign=Floral&utm_term=WeddingALaCarte&utm_content=Explore,,,1,2026-08-24T19:05:40.662Z,2026-08-24T19:05:40.662Z,SFG starter database | Wedding A La Carte | LinkedIn | Explore
336,completed_without_short_link,SFG,LinkedIn,social,Floral,Floral,LinkedIn,Social,Floral,WeddingALaCarte,,https://studleys.com/product-category/flowers/wedding-a-la-carte/,https://studleys.com/product-category/flowers/wedding-a-la-carte/?utm_source=LinkedIn&utm_medium=Social&utm_campaign=Floral&utm_term=WeddingALaCarte,,,1,2026-08-24T19:05:40.662Z,2026-08-24T19:05:40.662Z,SFG starter database | Wedding A La Carte | LinkedIn | {null}
337,completed_without_short_link,SFG,ConstantContact,email,Floral,Floral,ConstantContact,Email,Floral,WeddingALaCarte,Shop,https://studleys.com/product-category/flowers/wedding-a-la-carte/,https://studleys.com/product-category/flowers/wedding-a-la-carte/?utm_source=ConstantContact&utm_medium=Email&utm_campaign=Floral&utm_term=WeddingALaCarte&utm_content=Shop,,,1,2026-08-24T19:05:40.662Z,2026-08-24T19:05:40.662Z,SFG starter database | Wedding A La Carte | ConstantContact | Shop
338,completed_without_short_link,SFG,ConstantContact,email,Floral,Floral,ConstantContact,Email,Floral,WeddingALaCarte,Learn,https://studleys.com/product-category/flowers/wedding-a-la-carte/,https://studleys.com/product-category/flowers/wedding-a-la-carte/?utm_source=ConstantContact&utm_medium=Email&utm_campaign=Floral&utm_term=WeddingALaCarte&utm_content=Learn,,,1,2026-08-24T19:05:40.662Z,2026-08-24T19:05:40.662Z,SFG starter database | Wedding A La Carte | ConstantContact | Learn
339,completed_without_short_link,SFG,ConstantContact,email,Floral,Floral,ConstantContact,Email,Floral,WeddingALaCarte,Explore,https://studleys.com/product-category/flowers/wedding-a-la-carte/,https://studleys.com/product-category/flowers/wedding-a-la-carte/?utm_source=ConstantContact&utm_medium=Email&utm_campaign=Floral&utm_term=WeddingALaCarte&utm_content=Explore,,,1,2026-08-24T19:05:40.662Z,2026-08-24T19:05:40.662Z,SFG starter database | Wedding A La Carte | ConstantContact | Explore
340,completed_without_short_link,SFG,ConstantContact,email,Floral,Floral,ConstantContact,Email,Floral,WeddingALaCarte,,https://studleys.com/product-category/flowers/wedding-a-la-carte/,https://studleys.com/product-category/flowers/wedding-a-la-carte/?utm_source=ConstantContact&utm_medium=Email&utm_campaign=Floral&utm_term=WeddingALaCarte,,,1,2026-08-24T19:05:40.662Z,2026-08-24T19:05:40.662Z,SFG starter database | Wedding A La Carte | ConstantContact | {null}
341,completed_without_short_link,SFG,Facebook,social,Floral,Floral,Facebook,Social,Floral,StaffFavorites,Shop,https://studleys.com/product-category/flowers/staff-favorites/,https://studleys.com/product-category/flowers/staff-favorites/?utm_source=Facebook&utm_medium=Social&utm_campaign=Floral&utm_term=StaffFavorites&utm_content=Shop,,,1,2026-08-24T19:05:40.662Z,2026-08-24T19:05:40.662Z,SFG starter database | Staff Favorites | Facebook | Shop
342,completed_without_short_link,SFG,Facebook,social,Floral,Floral,Facebook,Social,Floral,StaffFavorites,Learn,https://studleys.com/product-category/flowers/staff-favorites/,https://studleys.com/product-category/flowers/staff-favorites/?utm_source=Facebook&utm_medium=Social&utm_campaign=Floral&utm_term=StaffFavorites&utm_content=Learn,,,1,2026-08-24T19:05:40.662Z,2026-08-24T19:05:40.662Z,SFG starter database | Staff Favorites | Facebook | Learn
343,completed_without_short_link,SFG,Facebook,social,Floral,Floral,Facebook,Social,Floral,StaffFavorites,Explore,https://studleys.com/product-category/flowers/staff-favorites/,https://studleys.com/product-category/flowers/staff-favorites/?utm_source=Facebook&utm_medium=Social&utm_campaign=Floral&utm_term=StaffFavorites&utm_content=Explore,,,1,2026-08-24T19:05:40.662Z,2026-08-24T19:05:40.662Z,SFG starter database | Staff Favorites | Facebook | Explore
344,completed_without_short_link,SFG,Facebook,social,Floral,Floral,Facebook,Social,Floral,StaffFavorites,,https://studleys.com/product-category/flowers/staff-favorites/,https://studleys.com/product-category/flowers/staff-favorites/?utm_source=Facebook&utm_medium=Social&utm_campaign=Floral&utm_term=StaffFavorites,,,1,2026-08-24T19:05:40.662Z,2026-08-24T19:05:40.662Z,SFG starter database | Staff Favorites | Facebook | {null}
345,completed_without_short_link,SFG,GMB,social,Floral,Floral,GMB,Social,Floral,StaffFavorites,Shop,https://studleys.com/product-category/flowers/staff-favorites/,https://studleys.com/product-category/flowers/staff-favorites/?utm_source=GMB&utm_medium=Social&utm_campaign=Floral&utm_term=StaffFavorites&utm_content=Shop,,,1,2026-08-24T19:05:40.662Z,2026-08-24T19:05:40.662Z,SFG starter database | Staff Favorites | GMB | Shop
346,completed_without_short_link,SFG,GMB,social,Floral,Floral,GMB,Social,Floral,StaffFavorites,Learn,https://studleys.com/product-category/flowers/staff-favorites/,https://studleys.com/product-category/flowers/staff-favorites/?utm_source=GMB&utm_medium=Social&utm_campaign=Floral&utm_term=StaffFavorites&utm_content=Learn,,,1,2026-08-24T19:05:40.662Z,2026-08-24T19:05:40.662Z,SFG starter database | Staff Favorites | GMB | Learn
347,completed_without_short_link,SFG,GMB,social,Floral,Floral,GMB,Social,Floral,StaffFavorites,Explore,https://studleys.com/product-category/flowers/staff-favorites/,https://studleys.com/product-category/flowers/staff-favorites/?utm_source=GMB&utm_medium=Social&utm_campaign=Floral&utm_term=StaffFavorites&utm_content=Explore,,,1,2026-08-24T19:05:40.662Z,2026-08-24T19:05:40.662Z,SFG starter database | Staff Favorites | GMB | Explore
348,completed_without_short_link,SFG,GMB,social,Floral,Floral,GMB,Social,Floral,StaffFavorites,,https://studleys.com/product-category/flowers/staff-favorites/,https://studleys.com/product-category/flowers/staff-favorites/?utm_source=GMB&utm_medium=Social&utm_campaign=Floral&utm_term=StaffFavorites,,,1,2026-08-24T19:05:40.662Z,2026-08-24T19:05:40.662Z,SFG starter database | Staff Favorites | GMB | {null}
349,completed_without_short_link,SFG,Instagram,social,Floral,Floral,Instagram,Social,Floral,StaffFavorites,Shop,https://studleys.com/product-category/flowers/staff-favorites/,https://studleys.com/product-category/flowers/staff-favorites/?utm_source=Instagram&utm_medium=Social&utm_campaign=Floral&utm_term=StaffFavorites&utm_content=Shop,,,1,2026-08-24T19:05:40.662Z,2026-08-24T19:05:40.662Z,SFG starter database | Staff Favorites | Instagram | Shop
350,completed_without_short_link,SFG,Instagram,social,Floral,Floral,Instagram,Social,Floral,StaffFavorites,Learn,https://studleys.com/product-category/flowers/staff-favorites/,https://studleys.com/product-category/flowers/staff-favorites/?utm_source=Instagram&utm_medium=Social&utm_campaign=Floral&utm_term=StaffFavorites&utm_content=Learn,,,1,2026-08-24T19:05:40.662Z,2026-08-24T19:05:40.662Z,SFG starter database | Staff Favorites | Instagram | Learn
351,completed_without_short_link,SFG,Instagram,social,Floral,Floral,Instagram,Social,Floral,StaffFavorites,Explore,https://studleys.com/product-category/flowers/staff-favorites/,https://studleys.com/product-category/flowers/staff-favorites/?utm_source=Instagram&utm_medium=Social&utm_campaign=Floral&utm_term=StaffFavorites&utm_content=Explore,,,1,2026-08-24T19:05:40.662Z,2026-08-24T19:05:40.662Z,SFG starter database | Staff Favorites | Instagram | Explore
352,completed_without_short_link,SFG,Instagram,social,Floral,Floral,Instagram,Social,Floral,StaffFavorites,,https://studleys.com/product-category/flowers/staff-favorites/,https://studleys.com/product-category/flowers/staff-favorites/?utm_source=Instagram&utm_medium=Social&utm_campaign=Floral&utm_term=StaffFavorites,,,1,2026-08-24T19:05:40.662Z,2026-08-24T19:05:40.662Z,SFG starter database | Staff Favorites | Instagram | {null}
353,completed_without_short_link,SFG,LinkedIn,social,Floral,Floral,LinkedIn,Social,Floral,StaffFavorites,Shop,https://studleys.com/product-category/flowers/staff-favorites/,https://studleys.com/product-category/flowers/staff-favorites/?utm_source=LinkedIn&utm_medium=Social&utm_campaign=Floral&utm_term=StaffFavorites&utm_content=Shop,,,1,2026-08-24T19:05:40.662Z,2026-08-24T19:05:40.662Z,SFG starter database | Staff Favorites | LinkedIn | Shop
354,completed_without_short_link,SFG,LinkedIn,social,Floral,Floral,LinkedIn,Social,Floral,StaffFavorites,Learn,https://studleys.com/product-category/flowers/staff-favorites/,https://studleys.com/product-category/flowers/staff-favorites/?utm_source=LinkedIn&utm_medium=Social&utm_campaign=Floral&utm_term=StaffFavorites&utm_content=Learn,,,1,2026-08-24T19:05:40.662Z,2026-08-24T19:05:40.662Z,SFG starter database | Staff Favorites | LinkedIn | Learn
355,completed_without_short_link,SFG,LinkedIn,social,Floral,Floral,LinkedIn,Social,Floral,StaffFavorites,Explore,https://studleys.com/product-category/flowers/staff-favorites/,https://studleys.com/product-category/flowers/staff-favorites/?utm_source=LinkedIn&utm_medium=Social&utm_campaign=Floral&utm_term=StaffFavorites&utm_content=Explore,,,1,2026-08-24T19:05:40.662Z,2026-08-24T19:05:40.662Z,SFG starter database | Staff Favorites | LinkedIn | Explore
356,completed_without_short_link,SFG,LinkedIn,social,Floral,Floral,LinkedIn,Social,Floral,StaffFavorites,,https://studleys.com/product-category/flowers/staff-favorites/,https://studleys.com/product-category/flowers/staff-favorites/?utm_source=LinkedIn&utm_medium=Social&utm_campaign=Floral&utm_term=StaffFavorites,,,1,2026-08-24T19:05:40.662Z,2026-08-24T19:05:40.662Z,SFG starter database | Staff Favorites | LinkedIn | {null}
357,completed_without_short_link,SFG,ConstantContact,email,Floral,Floral,ConstantContact,Email,Floral,StaffFavorites,Shop,https://studleys.com/product-category/flowers/staff-favorites/,https://studleys.com/product-category/flowers/staff-favorites/?utm_source=ConstantContact&utm_medium=Email&utm_campaign=Floral&utm_term=StaffFavorites&utm_content=Shop,,,1,2026-08-24T19:05:40.662Z,2026-08-24T19:05:40.662Z,SFG starter database | Staff Favorites | ConstantContact | Shop
358,completed_without_short_link,SFG,ConstantContact,email,Floral,Floral,ConstantContact,Email,Floral,StaffFavorites,Learn,https://studleys.com/product-category/flowers/staff-favorites/,https://studleys.com/product-category/flowers/staff-favorites/?utm_source=ConstantContact&utm_medium=Email&utm_campaign=Floral&utm_term=StaffFavorites&utm_content=Learn,,,1,2026-08-24T19:05:40.662Z,2026-08-24T19:05:40.662Z,SFG starter database | Staff Favorites | ConstantContact | Learn
359,completed_without_short_link,SFG,ConstantContact,email,Floral,Floral,ConstantContact,Email,Floral,StaffFavorites,Explore,https://studleys.com/product-category/flowers/staff-favorites/,https://studleys.com/product-category/flowers/staff-favorites/?utm_source=ConstantContact&utm_medium=Email&utm_campaign=Floral&utm_term=StaffFavorites&utm_content=Explore,,,1,2026-08-24T19:05:40.662Z,2026-08-24T19:05:40.662Z,SFG starter database | Staff Favorites | ConstantContact | Explore
360,completed_without_short_link,SFG,ConstantContact,email,Floral,Floral,ConstantContact,Email,Floral,StaffFavorites,,https://studleys.com/product-category/flowers/staff-favorites/,https://studleys.com/product-category/flowers/staff-favorites/?utm_source=ConstantContact&utm_medium=Email&utm_campaign=Floral&utm_term=StaffFavorites,,,1,2026-08-24T19:05:40.662Z,2026-08-24T19:05:40.662Z,SFG starter database | Staff Favorites | ConstantContact | {null}
361,completed_without_short_link,SFG,Facebook,social,Floral,Floral,Facebook,Social,Floral,Zodiac,Shop,https://studleys.com/product-category/flowers/zodiac-flowers-collection/,https://studleys.com/product-category/flowers/zodiac-flowers-collection/?utm_source=Facebook&utm_medium=Social&utm_campaign=Floral&utm_term=Zodiac&utm_content=Shop,,,1,2026-08-24T19:05:40.662Z,2026-08-24T19:05:40.662Z,SFG starter database | Zodiac Flowers | Facebook | Shop
362,completed_without_short_link,SFG,Facebook,social,Floral,Floral,Facebook,Social,Floral,Zodiac,Learn,https://studleys.com/product-category/flowers/zodiac-flowers-collection/,https://studleys.com/product-category/flowers/zodiac-flowers-collection/?utm_source=Facebook&utm_medium=Social&utm_campaign=Floral&utm_term=Zodiac&utm_content=Learn,,,1,2026-08-24T19:05:40.662Z,2026-08-24T19:05:40.662Z,SFG starter database | Zodiac Flowers | Facebook | Learn
363,completed_without_short_link,SFG,Facebook,social,Floral,Floral,Facebook,Social,Floral,Zodiac,Explore,https://studleys.com/product-category/flowers/zodiac-flowers-collection/,https://studleys.com/product-category/flowers/zodiac-flowers-collection/?utm_source=Facebook&utm_medium=Social&utm_campaign=Floral&utm_term=Zodiac&utm_content=Explore,,,1,2026-08-24T19:05:40.662Z,2026-08-24T19:05:40.662Z,SFG starter database | Zodiac Flowers | Facebook | Explore
364,completed_without_short_link,SFG,Facebook,social,Floral,Floral,Facebook,Social,Floral,Zodiac,,https://studleys.com/product-category/flowers/zodiac-flowers-collection/,https://studleys.com/product-category/flowers/zodiac-flowers-collection/?utm_source=Facebook&utm_medium=Social&utm_campaign=Floral&utm_term=Zodiac,,,1,2026-08-24T19:05:40.662Z,2026-08-24T19:05:40.662Z,SFG starter database | Zodiac Flowers | Facebook | {null}
365,completed_without_short_link,SFG,GMB,social,Floral,Floral,GMB,Social,Floral,Zodiac,Shop,https://studleys.com/product-category/flowers/zodiac-flowers-collection/,https://studleys.com/product-category/flowers/zodiac-flowers-collection/?utm_source=GMB&utm_medium=Social&utm_campaign=Floral&utm_term=Zodiac&utm_content=Shop,,,1,2026-08-24T19:05:40.662Z,2026-08-24T19:05:40.662Z,SFG starter database | Zodiac Flowers | GMB | Shop
366,completed_without_short_link,SFG,GMB,social,Floral,Floral,GMB,Social,Floral,Zodiac,Learn,https://studleys.com/product-category/flowers/zodiac-flowers-collection/,https://studleys.com/product-category/flowers/zodiac-flowers-collection/?utm_source=GMB&utm_medium=Social&utm_campaign=Floral&utm_term=Zodiac&utm_content=Learn,,,1,2026-08-24T19:05:40.662Z,2026-08-24T19:05:40.662Z,SFG starter database | Zodiac Flowers | GMB | Learn
367,completed_without_short_link,SFG,GMB,social,Floral,Floral,GMB,Social,Floral,Zodiac,Explore,https://studleys.com/product-category/flowers/zodiac-flowers-collection/,https://studleys.com/product-category/flowers/zodiac-flowers-collection/?utm_source=GMB&utm_medium=Social&utm_campaign=Floral&utm_term=Zodiac&utm_content=Explore,,,1,2026-08-24T19:05:40.662Z,2026-08-24T19:05:40.662Z,SFG starter database | Zodiac Flowers | GMB | Explore
368,completed_without_short_link,SFG,GMB,social,Floral,Floral,GMB,Social,Floral,Zodiac,,https://studleys.com/product-category/flowers/zodiac-flowers-collection/,https://studleys.com/product-category/flowers/zodiac-flowers-collection/?utm_source=GMB&utm_medium=Social&utm_campaign=Floral&utm_term=Zodiac,,,1,2026-08-24T19:05:40.662Z,2026-08-24T19:05:40.662Z,SFG starter database | Zodiac Flowers | GMB | {null}
369,completed_without_short_link,SFG,Instagram,social,Floral,Floral,Instagram,Social,Floral,Zodiac,Shop,https://studleys.com/product-category/flowers/zodiac-flowers-collection/,https://studleys.com/product-category/flowers/zodiac-flowers-collection/?utm_source=Instagram&utm_medium=Social&utm_campaign=Floral&utm_term=Zodiac&utm_content=Shop,,,1,2026-08-24T19:05:40.662Z,2026-08-24T19:05:40.662Z,SFG starter database | Zodiac Flowers | Instagram | Shop
370,completed_without_short_link,SFG,Instagram,social,Floral,Floral,Instagram,Social,Floral,Zodiac,Learn,https://studleys.com/product-category/flowers/zodiac-flowers-collection/,https://studleys.com/product-category/flowers/zodiac-flowers-collection/?utm_source=Instagram&utm_medium=Social&utm_campaign=Floral&utm_term=Zodiac&utm_content=Learn,,,1,2026-08-24T19:05:40.662Z,2026-08-24T19:05:40.662Z,SFG starter database | Zodiac Flowers | Instagram | Learn
371,completed_without_short_link,SFG,Instagram,social,Floral,Floral,Instagram,Social,Floral,Zodiac,Explore,https://studleys.com/product-category/flowers/zodiac-flowers-collection/,https://studleys.com/product-category/flowers/zodiac-flowers-collection/?utm_source=Instagram&utm_medium=Social&utm_campaign=Floral&utm_term=Zodiac&utm_content=Explore,,,1,2026-08-24T19:05:40.662Z,2026-08-24T19:05:40.662Z,SFG starter database | Zodiac Flowers | Instagram | Explore
372,completed_without_short_link,SFG,Instagram,social,Floral,Floral,Instagram,Social,Floral,Zodiac,,https://studleys.com/product-category/flowers/zodiac-flowers-collection/,https://studleys.com/product-category/flowers/zodiac-flowers-collection/?utm_source=Instagram&utm_medium=Social&utm_campaign=Floral&utm_term=Zodiac,,,1,2026-08-24T19:05:40.662Z,2026-08-24T19:05:40.662Z,SFG starter database | Zodiac Flowers | Instagram | {null}
373,completed_without_short_link,SFG,LinkedIn,social,Floral,Floral,LinkedIn,Social,Floral,Zodiac,Shop,https://studleys.com/product-category/flowers/zodiac-flowers-collection/,https://studleys.com/product-category/flowers/zodiac-flowers-collection/?utm_source=LinkedIn&utm_medium=Social&utm_campaign=Floral&utm_term=Zodiac&utm_content=Shop,,,1,2026-08-24T19:05:40.662Z,2026-08-24T19:05:40.662Z,SFG starter database | Zodiac Flowers | LinkedIn | Shop
374,completed_without_short_link,SFG,LinkedIn,social,Floral,Floral,LinkedIn,Social,Floral,Zodiac,Learn,https://studleys.com/product-category/flowers/zodiac-flowers-collection/,https://studleys.com/product-category/flowers/zodiac-flowers-collection/?utm_source=LinkedIn&utm_medium=Social&utm_campaign=Floral&utm_term=Zodiac&utm_content=Learn,,,1,2026-08-24T19:05:40.662Z,2026-08-24T19:05:40.662Z,SFG starter database | Zodiac Flowers | LinkedIn | Learn
375,completed_without_short_link,SFG,LinkedIn,social,Floral,Floral,LinkedIn,Social,Floral,Zodiac,Explore,https://studleys.com/product-category/flowers/zodiac-flowers-collection/,https://studleys.com/product-category/flowers/zodiac-flowers-collection/?utm_source=LinkedIn&utm_medium=Social&utm_campaign=Floral&utm_term=Zodiac&utm_content=Explore,,,1,2026-08-24T19:05:40.662Z,2026-08-24T19:05:40.662Z,SFG starter database | Zodiac Flowers | LinkedIn | Explore
376,completed_without_short_link,SFG,LinkedIn,social,Floral,Floral,LinkedIn,Social,Floral,Zodiac,,https://studleys.com/product-category/flowers/zodiac-flowers-collection/,https://studleys.com/product-category/flowers/zodiac-flowers-collection/?utm_source=LinkedIn&utm_medium=Social&utm_campaign=Floral&utm_term=Zodiac,,,1,2026-08-24T19:05:40.662Z,2026-08-24T19:05:40.662Z,SFG starter database | Zodiac Flowers | LinkedIn | {null}
377,completed_without_short_link,SFG,ConstantContact,email,Floral,Floral,ConstantContact,Email,Floral,Zodiac,Shop,https://studleys.com/product-category/flowers/zodiac-flowers-collection/,https://studleys.com/product-category/flowers/zodiac-flowers-collection/?utm_source=ConstantContact&utm_medium=Email&utm_campaign=Floral&utm_term=Zodiac&utm_content=Shop,,,1,2026-08-24T19:05:40.662Z,2026-08-24T19:05:40.662Z,SFG starter database | Zodiac Flowers | ConstantContact | Shop
378,completed_without_short_link,SFG,ConstantContact,email,Floral,Floral,ConstantContact,Email,Floral,Zodiac,Learn,https://studleys.com/product-category/flowers/zodiac-flowers-collection/,https://studleys.com/product-category/flowers/zodiac-flowers-collection/?utm_source=ConstantContact&utm_medium=Email&utm_campaign=Floral&utm_term=Zodiac&utm_content=Learn,,,1,2026-08-24T19:05:40.662Z,2026-08-24T19:05:40.662Z,SFG starter database | Zodiac Flowers | ConstantContact | Learn
379,completed_without_short_link,SFG,ConstantContact,email,Floral,Floral,ConstantContact,Email,Floral,Zodiac,Explore,https://studleys.com/product-category/flowers/zodiac-flowers-collection/,https://studleys.com/product-category/flowers/zodiac-flowers-collection/?utm_source=ConstantContact&utm_medium=Email&utm_campaign=Floral&utm_term=Zodiac&utm_content=Explore,,,1,2026-08-24T19:05:40.662Z,2026-08-24T19:05:40.662Z,SFG starter database | Zodiac Flowers | ConstantContact | Explore
380,completed_without_short_link,SFG,ConstantContact,email,Floral,Floral,ConstantContact,Email,Floral,Zodiac,,https://studleys.com/product-category/flowers/zodiac-flowers-collection/,https://studleys.com/product-category/flowers/zodiac-flowers-collection/?utm_source=ConstantContact&utm_medium=Email&utm_campaign=Floral&utm_term=Zodiac,,,1,2026-08-24T19:05:40.662Z,2026-08-24T19:05:40.662Z,SFG starter database | Zodiac Flowers | ConstantContact | {null}
381,completed_without_short_link,SFG,Facebook,social,Houseplants,Houseplants,Facebook,Social,Houseplants,LandingPage,Shop,https://studleys.com/houseplants/,https://studleys.com/houseplants/?utm_source=Facebook&utm_medium=Social&utm_campaign=Houseplants&utm_term=LandingPage&utm_content=Shop,,,1,2026-08-24T19:05:40.662Z,2026-08-24T19:05:40.662Z,SFG starter database | Houseplants | Facebook | Shop
382,completed_without_short_link,SFG,Facebook,social,Houseplants,Houseplants,Facebook,Social,Houseplants,LandingPage,Learn,https://studleys.com/houseplants/,https://studleys.com/houseplants/?utm_source=Facebook&utm_medium=Social&utm_campaign=Houseplants&utm_term=LandingPage&utm_content=Learn,,,1,2026-08-24T19:05:40.662Z,2026-08-24T19:05:40.662Z,SFG starter database | Houseplants | Facebook | Learn
383,completed_without_short_link,SFG,Facebook,social,Houseplants,Houseplants,Facebook,Social,Houseplants,LandingPage,Explore,https://studleys.com/houseplants/,https://studleys.com/houseplants/?utm_source=Facebook&utm_medium=Social&utm_campaign=Houseplants&utm_term=LandingPage&utm_content=Explore,,,1,2026-08-24T19:05:40.662Z,2026-08-24T19:05:40.662Z,SFG starter database | Houseplants | Facebook | Explore
384,completed_without_short_link,SFG,Facebook,social,Houseplants,Houseplants,Facebook,Social,Houseplants,LandingPage,,https://studleys.com/houseplants/,https://studleys.com/houseplants/?utm_source=Facebook&utm_medium=Social&utm_campaign=Houseplants&utm_term=LandingPage,,,1,2026-08-24T19:05:40.662Z,2026-08-24T19:05:40.662Z,SFG starter database | Houseplants | Facebook | {null}
385,completed_without_short_link,SFG,GMB,social,Houseplants,Houseplants,GMB,Social,Houseplants,LandingPage,Shop,https://studleys.com/houseplants/,https://studleys.com/houseplants/?utm_source=GMB&utm_medium=Social&utm_campaign=Houseplants&utm_term=LandingPage&utm_content=Shop,,,1,2026-08-24T19:05:40.662Z,2026-08-24T19:05:40.662Z,SFG starter database | Houseplants | GMB | Shop
386,completed_without_short_link,SFG,GMB,social,Houseplants,Houseplants,GMB,Social,Houseplants,LandingPage,Learn,https://studleys.com/houseplants/,https://studleys.com/houseplants/?utm_source=GMB&utm_medium=Social&utm_campaign=Houseplants&utm_term=LandingPage&utm_content=Learn,,,1,2026-08-24T19:05:40.662Z,2026-08-24T19:05:40.662Z,SFG starter database | Houseplants | GMB | Learn
387,completed_without_short_link,SFG,GMB,social,Houseplants,Houseplants,GMB,Social,Houseplants,LandingPage,Explore,https://studleys.com/houseplants/,https://studleys.com/houseplants/?utm_source=GMB&utm_medium=Social&utm_campaign=Houseplants&utm_term=LandingPage&utm_content=Explore,,,1,2026-08-24T19:05:40.662Z,2026-08-24T19:05:40.662Z,SFG starter database | Houseplants | GMB | Explore
388,completed_without_short_link,SFG,GMB,social,Houseplants,Houseplants,GMB,Social,Houseplants,LandingPage,,https://studleys.com/houseplants/,https://studleys.com/houseplants/?utm_source=GMB&utm_medium=Social&utm_campaign=Houseplants&utm_term=LandingPage,,,1,2026-08-24T19:05:40.662Z,2026-08-24T19:05:40.662Z,SFG starter database | Houseplants | GMB | {null}
389,completed_without_short_link,SFG,Instagram,social,Houseplants,Houseplants,Instagram,Social,Houseplants,LandingPage,Shop,https://studleys.com/houseplants/,https://studleys.com/houseplants/?utm_source=Instagram&utm_medium=Social&utm_campaign=Houseplants&utm_term=LandingPage&utm_content=Shop,,,1,2026-08-24T19:05:40.662Z,2026-08-24T19:05:40.662Z,SFG starter database | Houseplants | Instagram | Shop
390,completed_without_short_link,SFG,Instagram,social,Houseplants,Houseplants,Instagram,Social,Houseplants,LandingPage,Learn,https://studleys.com/houseplants/,https://studleys.com/houseplants/?utm_source=Instagram&utm_medium=Social&utm_campaign=Houseplants&utm_term=LandingPage&utm_content=Learn,,,1,2026-08-24T19:05:40.662Z,2026-08-24T19:05:40.662Z,SFG starter database | Houseplants | Instagram | Learn
391,completed_without_short_link,SFG,Instagram,social,Houseplants,Houseplants,Instagram,Social,Houseplants,LandingPage,Explore,https://studleys.com/houseplants/,https://studleys.com/houseplants/?utm_source=Instagram&utm_medium=Social&utm_campaign=Houseplants&utm_term=LandingPage&utm_content=Explore,,,1,2026-08-24T19:05:40.662Z,2026-08-24T19:05:40.662Z,SFG starter database | Houseplants | Instagram | Explore
392,completed_without_short_link,SFG,Instagram,social,Houseplants,Houseplants,Instagram,Social,Houseplants,LandingPage,,https://studleys.com/houseplants/,https://studleys.com/houseplants/?utm_source=Instagram&utm_medium=Social&utm_campaign=Houseplants&utm_term=LandingPage,,,1,2026-08-24T19:05:40.662Z,2026-08-24T19:05:40.662Z,SFG starter database | Houseplants | Instagram | {null}
393,completed_without_short_link,SFG,LinkedIn,social,Houseplants,Houseplants,LinkedIn,Social,Houseplants,LandingPage,Shop,https://studleys.com/houseplants/,https://studleys.com/houseplants/?utm_source=LinkedIn&utm_medium=Social&utm_campaign=Houseplants&utm_term=LandingPage&utm_content=Shop,,,1,2026-08-24T19:05:40.662Z,2026-08-24T19:05:40.662Z,SFG starter database | Houseplants | LinkedIn | Shop
394,completed_without_short_link,SFG,LinkedIn,social,Houseplants,Houseplants,LinkedIn,Social,Houseplants,LandingPage,Learn,https://studleys.com/houseplants/,https://studleys.com/houseplants/?utm_source=LinkedIn&utm_medium=Social&utm_campaign=Houseplants&utm_term=LandingPage&utm_content=Learn,,,1,2026-08-24T19:05:40.662Z,2026-08-24T19:05:40.662Z,SFG starter database | Houseplants | LinkedIn | Learn
395,completed_without_short_link,SFG,LinkedIn,social,Houseplants,Houseplants,LinkedIn,Social,Houseplants,LandingPage,Explore,https://studleys.com/houseplants/,https://studleys.com/houseplants/?utm_source=LinkedIn&utm_medium=Social&utm_campaign=Houseplants&utm_term=LandingPage&utm_content=Explore,,,1,2026-08-24T19:05:40.662Z,2026-08-24T19:05:40.662Z,SFG starter database | Houseplants | LinkedIn | Explore
396,completed_without_short_link,SFG,LinkedIn,social,Houseplants,Houseplants,LinkedIn,Social,Houseplants,LandingPage,,https://studleys.com/houseplants/,https://studleys.com/houseplants/?utm_source=LinkedIn&utm_medium=Social&utm_campaign=Houseplants&utm_term=LandingPage,,,1,2026-08-24T19:05:40.662Z,2026-08-24T19:05:40.662Z,SFG starter database | Houseplants | LinkedIn | {null}
397,completed_without_short_link,SFG,ConstantContact,email,Houseplants,Houseplants,ConstantContact,Email,Houseplants,LandingPage,Shop,https://studleys.com/houseplants/,https://studleys.com/houseplants/?utm_source=ConstantContact&utm_medium=Email&utm_campaign=Houseplants&utm_term=LandingPage&utm_content=Shop,,,1,2026-08-24T19:05:40.662Z,2026-08-24T19:05:40.662Z,SFG starter database | Houseplants | ConstantContact | Shop
398,completed_without_short_link,SFG,ConstantContact,email,Houseplants,Houseplants,ConstantContact,Email,Houseplants,LandingPage,Learn,https://studleys.com/houseplants/,https://studleys.com/houseplants/?utm_source=ConstantContact&utm_medium=Email&utm_campaign=Houseplants&utm_term=LandingPage&utm_content=Learn,,,1,2026-08-24T19:05:40.662Z,2026-08-24T19:05:40.662Z,SFG starter database | Houseplants | ConstantContact | Learn
399,completed_without_short_link,SFG,ConstantContact,email,Houseplants,Houseplants,ConstantContact,Email,Houseplants,LandingPage,Explore,https://studleys.com/houseplants/,https://studleys.com/houseplants/?utm_source=ConstantContact&utm_medium=Email&utm_campaign=Houseplants&utm_term=LandingPage&utm_content=Explore,,,1,2026-08-24T19:05:40.662Z,2026-08-24T19:05:40.662Z,SFG starter database | Houseplants | ConstantContact | Explore
400,completed_without_short_link,SFG,ConstantContact,email,Houseplants,Houseplants,ConstantContact,Email,Houseplants,LandingPage,,https://studleys.com/houseplants/,https://studleys.com/houseplants/?utm_source=ConstantContact&utm_medium=Email&utm_campaign=Houseplants&utm_term=LandingPage,,,1,2026-08-24T19:05:40.662Z,2026-08-24T19:05:40.662Z,SFG starter database | Houseplants | ConstantContact | {null}
401,completed_without_short_link,SFG,Facebook,social,Houseplants,Houseplants,Facebook,Social,Houseplants,AllHouseplants,Shop,https://studleys.com/product-category/houseplants/,https://studleys.com/product-category/houseplants/?utm_source=Facebook&utm_medium=Social&utm_campaign=Houseplants&utm_term=AllHouseplants&utm_content=Shop,,,1,2026-08-24T19:05:40.662Z,2026-08-24T19:05:40.662Z,SFG starter database | All Houseplants | Facebook | Shop
402,completed_without_short_link,SFG,Facebook,social,Houseplants,Houseplants,Facebook,Social,Houseplants,AllHouseplants,Learn,https://studleys.com/product-category/houseplants/,https://studleys.com/product-category/houseplants/?utm_source=Facebook&utm_medium=Social&utm_campaign=Houseplants&utm_term=AllHouseplants&utm_content=Learn,,,1,2026-08-24T19:05:40.662Z,2026-08-24T19:05:40.662Z,SFG starter database | All Houseplants | Facebook | Learn
403,completed_without_short_link,SFG,Facebook,social,Houseplants,Houseplants,Facebook,Social,Houseplants,AllHouseplants,Explore,https://studleys.com/product-category/houseplants/,https://studleys.com/product-category/houseplants/?utm_source=Facebook&utm_medium=Social&utm_campaign=Houseplants&utm_term=AllHouseplants&utm_content=Explore,,,1,2026-08-24T19:05:40.662Z,2026-08-24T19:05:40.662Z,SFG starter database | All Houseplants | Facebook | Explore
404,completed_without_short_link,SFG,Facebook,social,Houseplants,Houseplants,Facebook,Social,Houseplants,AllHouseplants,,https://studleys.com/product-category/houseplants/,https://studleys.com/product-category/houseplants/?utm_source=Facebook&utm_medium=Social&utm_campaign=Houseplants&utm_term=AllHouseplants,,,1,2026-08-24T19:05:40.662Z,2026-08-24T19:05:40.662Z,SFG starter database | All Houseplants | Facebook | {null}
405,completed_without_short_link,SFG,GMB,social,Houseplants,Houseplants,GMB,Social,Houseplants,AllHouseplants,Shop,https://studleys.com/product-category/houseplants/,https://studleys.com/product-category/houseplants/?utm_source=GMB&utm_medium=Social&utm_campaign=Houseplants&utm_term=AllHouseplants&utm_content=Shop,,,1,2026-08-24T19:05:40.662Z,2026-08-24T19:05:40.662Z,SFG starter database | All Houseplants | GMB | Shop
406,completed_without_short_link,SFG,GMB,social,Houseplants,Houseplants,GMB,Social,Houseplants,AllHouseplants,Learn,https://studleys.com/product-category/houseplants/,https://studleys.com/product-category/houseplants/?utm_source=GMB&utm_medium=Social&utm_campaign=Houseplants&utm_term=AllHouseplants&utm_content=Learn,,,1,2026-08-24T19:05:40.662Z,2026-08-24T19:05:40.662Z,SFG starter database | All Houseplants | GMB | Learn
407,completed_without_short_link,SFG,GMB,social,Houseplants,Houseplants,GMB,Social,Houseplants,AllHouseplants,Explore,https://studleys.com/product-category/houseplants/,https://studleys.com/product-category/houseplants/?utm_source=GMB&utm_medium=Social&utm_campaign=Houseplants&utm_term=AllHouseplants&utm_content=Explore,,,1,2026-08-24T19:05:40.662Z,2026-08-24T19:05:40.662Z,SFG starter database | All Houseplants | GMB | Explore
408,completed_without_short_link,SFG,GMB,social,Houseplants,Houseplants,GMB,Social,Houseplants,AllHouseplants,,https://studleys.com/product-category/houseplants/,https://studleys.com/product-category/houseplants/?utm_source=GMB&utm_medium=Social&utm_campaign=Houseplants&utm_term=AllHouseplants,,,1,2026-08-24T19:05:40.662Z,2026-08-24T19:05:40.662Z,SFG starter database | All Houseplants | GMB | {null}
409,completed_without_short_link,SFG,Instagram,social,Houseplants,Houseplants,Instagram,Social,Houseplants,AllHouseplants,Shop,https://studleys.com/product-category/houseplants/,https://studleys.com/product-category/houseplants/?utm_source=Instagram&utm_medium=Social&utm_campaign=Houseplants&utm_term=AllHouseplants&utm_content=Shop,,,1,2026-08-24T19:05:40.662Z,2026-08-24T19:05:40.662Z,SFG starter database | All Houseplants | Instagram | Shop
410,completed_without_short_link,SFG,Instagram,social,Houseplants,Houseplants,Instagram,Social,Houseplants,AllHouseplants,Learn,https://studleys.com/product-category/houseplants/,https://studleys.com/product-category/houseplants/?utm_source=Instagram&utm_medium=Social&utm_campaign=Houseplants&utm_term=AllHouseplants&utm_content=Learn,,,1,2026-08-24T19:05:40.662Z,2026-08-24T19:05:40.662Z,SFG starter database | All Houseplants | Instagram | Learn
411,completed_without_short_link,SFG,Instagram,social,Houseplants,Houseplants,Instagram,Social,Houseplants,AllHouseplants,Explore,https://studleys.com/product-category/houseplants/,https://studleys.com/product-category/houseplants/?utm_source=Instagram&utm_medium=Social&utm_campaign=Houseplants&utm_term=AllHouseplants&utm_content=Explore,,,1,2026-08-24T19:05:40.662Z,2026-08-24T19:05:40.662Z,SFG starter database | All Houseplants | Instagram | Explore
412,completed_without_short_link,SFG,Instagram,social,Houseplants,Houseplants,Instagram,Social,Houseplants,AllHouseplants,,https://studleys.com/product-category/houseplants/,https://studleys.com/product-category/houseplants/?utm_source=Instagram&utm_medium=Social&utm_campaign=Houseplants&utm_term=AllHouseplants,,,1,2026-08-24T19:05:40.662Z,2026-08-24T19:05:40.662Z,SFG starter database | All Houseplants | Instagram | {null}
413,completed_without_short_link,SFG,LinkedIn,social,Houseplants,Houseplants,LinkedIn,Social,Houseplants,AllHouseplants,Shop,https://studleys.com/product-category/houseplants/,https://studleys.com/product-category/houseplants/?utm_source=LinkedIn&utm_medium=Social&utm_campaign=Houseplants&utm_term=AllHouseplants&utm_content=Shop,,,1,2026-08-24T19:05:40.662Z,2026-08-24T19:05:40.662Z,SFG starter database | All Houseplants | LinkedIn | Shop
414,completed_without_short_link,SFG,LinkedIn,social,Houseplants,Houseplants,LinkedIn,Social,Houseplants,AllHouseplants,Learn,https://studleys.com/product-category/houseplants/,https://studleys.com/product-category/houseplants/?utm_source=LinkedIn&utm_medium=Social&utm_campaign=Houseplants&utm_term=AllHouseplants&utm_content=Learn,,,1,2026-08-24T19:05:40.662Z,2026-08-24T19:05:40.662Z,SFG starter database | All Houseplants | LinkedIn | Learn
415,completed_without_short_link,SFG,LinkedIn,social,Houseplants,Houseplants,LinkedIn,Social,Houseplants,AllHouseplants,Explore,https://studleys.com/product-category/houseplants/,https://studleys.com/product-category/houseplants/?utm_source=LinkedIn&utm_medium=Social&utm_campaign=Houseplants&utm_term=AllHouseplants&utm_content=Explore,,,1,2026-08-24T19:05:40.662Z,2026-08-24T19:05:40.662Z,SFG starter database | All Houseplants | LinkedIn | Explore
416,completed_without_short_link,SFG,LinkedIn,social,Houseplants,Houseplants,LinkedIn,Social,Houseplants,AllHouseplants,,https://studleys.com/product-category/houseplants/,https://studleys.com/product-category/houseplants/?utm_source=LinkedIn&utm_medium=Social&utm_campaign=Houseplants&utm_term=AllHouseplants,,,1,2026-08-24T19:05:40.662Z,2026-08-24T19:05:40.662Z,SFG starter database | All Houseplants | LinkedIn | {null}
417,completed_without_short_link,SFG,ConstantContact,email,Houseplants,Houseplants,ConstantContact,Email,Houseplants,AllHouseplants,Shop,https://studleys.com/product-category/houseplants/,https://studleys.com/product-category/houseplants/?utm_source=ConstantContact&utm_medium=Email&utm_campaign=Houseplants&utm_term=AllHouseplants&utm_content=Shop,,,1,2026-08-24T19:05:40.662Z,2026-08-24T19:05:40.662Z,SFG starter database | All Houseplants | ConstantContact | Shop
418,completed_without_short_link,SFG,ConstantContact,email,Houseplants,Houseplants,ConstantContact,Email,Houseplants,AllHouseplants,Learn,https://studleys.com/product-category/houseplants/,https://studleys.com/product-category/houseplants/?utm_source=ConstantContact&utm_medium=Email&utm_campaign=Houseplants&utm_term=AllHouseplants&utm_content=Learn,,,1,2026-08-24T19:05:40.662Z,2026-08-24T19:05:40.662Z,SFG starter database | All Houseplants | ConstantContact | Learn
419,completed_without_short_link,SFG,ConstantContact,email,Houseplants,Houseplants,ConstantContact,Email,Houseplants,AllHouseplants,Explore,https://studleys.com/product-category/houseplants/,https://studleys.com/product-category/houseplants/?utm_source=ConstantContact&utm_medium=Email&utm_campaign=Houseplants&utm_term=AllHouseplants&utm_content=Explore,,,1,2026-08-24T19:05:40.662Z,2026-08-24T19:05:40.662Z,SFG starter database | All Houseplants | ConstantContact | Explore
420,completed_without_short_link,SFG,ConstantContact,email,Houseplants,Houseplants,ConstantContact,Email,Houseplants,AllHouseplants,,https://studleys.com/product-category/houseplants/,https://studleys.com/product-category/houseplants/?utm_source=ConstantContact&utm_medium=Email&utm_campaign=Houseplants&utm_term=AllHouseplants,,,1,2026-08-24T19:05:40.662Z,2026-08-24T19:05:40.662Z,SFG starter database | All Houseplants | ConstantContact | {null}
421,completed_without_short_link,SFG,Facebook,social,Houseplants,Houseplants,Facebook,Social,Houseplants,Collections,Shop,https://studleys.com/product-category/houseplants/collections/,https://studleys.com/product-category/houseplants/collections/?utm_source=Facebook&utm_medium=Social&utm_campaign=Houseplants&utm_term=Collections&utm_content=Shop,,,1,2026-08-24T19:05:40.662Z,2026-08-24T19:05:40.662Z,SFG starter database | Collections | Facebook | Shop
422,completed_without_short_link,SFG,Facebook,social,Houseplants,Houseplants,Facebook,Social,Houseplants,Collections,Learn,https://studleys.com/product-category/houseplants/collections/,https://studleys.com/product-category/houseplants/collections/?utm_source=Facebook&utm_medium=Social&utm_campaign=Houseplants&utm_term=Collections&utm_content=Learn,,,1,2026-08-24T19:05:40.662Z,2026-08-24T19:05:40.662Z,SFG starter database | Collections | Facebook | Learn
423,completed_without_short_link,SFG,Facebook,social,Houseplants,Houseplants,Facebook,Social,Houseplants,Collections,Explore,https://studleys.com/product-category/houseplants/collections/,https://studleys.com/product-category/houseplants/collections/?utm_source=Facebook&utm_medium=Social&utm_campaign=Houseplants&utm_term=Collections&utm_content=Explore,,,1,2026-08-24T19:05:40.662Z,2026-08-24T19:05:40.662Z,SFG starter database | Collections | Facebook | Explore
424,completed_without_short_link,SFG,Facebook,social,Houseplants,Houseplants,Facebook,Social,Houseplants,Collections,,https://studleys.com/product-category/houseplants/collections/,https://studleys.com/product-category/houseplants/collections/?utm_source=Facebook&utm_medium=Social&utm_campaign=Houseplants&utm_term=Collections,,,1,2026-08-24T19:05:40.662Z,2026-08-24T19:05:40.662Z,SFG starter database | Collections | Facebook | {null}
425,completed_without_short_link,SFG,GMB,social,Houseplants,Houseplants,GMB,Social,Houseplants,Collections,Shop,https://studleys.com/product-category/houseplants/collections/,https://studleys.com/product-category/houseplants/collections/?utm_source=GMB&utm_medium=Social&utm_campaign=Houseplants&utm_term=Collections&utm_content=Shop,,,1,2026-08-24T19:05:40.662Z,2026-08-24T19:05:40.662Z,SFG starter database | Collections | GMB | Shop
426,completed_without_short_link,SFG,GMB,social,Houseplants,Houseplants,GMB,Social,Houseplants,Collections,Learn,https://studleys.com/product-category/houseplants/collections/,https://studleys.com/product-category/houseplants/collections/?utm_source=GMB&utm_medium=Social&utm_campaign=Houseplants&utm_term=Collections&utm_content=Learn,,,1,2026-08-24T19:05:40.662Z,2026-08-24T19:05:40.662Z,SFG starter database | Collections | GMB | Learn
427,completed_without_short_link,SFG,GMB,social,Houseplants,Houseplants,GMB,Social,Houseplants,Collections,Explore,https://studleys.com/product-category/houseplants/collections/,https://studleys.com/product-category/houseplants/collections/?utm_source=GMB&utm_medium=Social&utm_campaign=Houseplants&utm_term=Collections&utm_content=Explore,,,1,2026-08-24T19:05:40.662Z,2026-08-24T19:05:40.662Z,SFG starter database | Collections | GMB | Explore
428,completed_without_short_link,SFG,GMB,social,Houseplants,Houseplants,GMB,Social,Houseplants,Collections,,https://studleys.com/product-category/houseplants/collections/,https://studleys.com/product-category/houseplants/collections/?utm_source=GMB&utm_medium=Social&utm_campaign=Houseplants&utm_term=Collections,,,1,2026-08-24T19:05:40.662Z,2026-08-24T19:05:40.662Z,SFG starter database | Collections | GMB | {null}
429,completed_without_short_link,SFG,Instagram,social,Houseplants,Houseplants,Instagram,Social,Houseplants,Collections,Shop,https://studleys.com/product-category/houseplants/collections/,https://studleys.com/product-category/houseplants/collections/?utm_source=Instagram&utm_medium=Social&utm_campaign=Houseplants&utm_term=Collections&utm_content=Shop,,,1,2026-08-24T19:05:40.662Z,2026-08-24T19:05:40.662Z,SFG starter database | Collections | Instagram | Shop
430,completed_without_short_link,SFG,Instagram,social,Houseplants,Houseplants,Instagram,Social,Houseplants,Collections,Learn,https://studleys.com/product-category/houseplants/collections/,https://studleys.com/product-category/houseplants/collections/?utm_source=Instagram&utm_medium=Social&utm_campaign=Houseplants&utm_term=Collections&utm_content=Learn,,,1,2026-08-24T19:05:40.662Z,2026-08-24T19:05:40.662Z,SFG starter database | Collections | Instagram | Learn
431,completed_without_short_link,SFG,Instagram,social,Houseplants,Houseplants,Instagram,Social,Houseplants,Collections,Explore,https://studleys.com/product-category/houseplants/collections/,https://studleys.com/product-category/houseplants/collections/?utm_source=Instagram&utm_medium=Social&utm_campaign=Houseplants&utm_term=Collections&utm_content=Explore,,,1,2026-08-24T19:05:40.662Z,2026-08-24T19:05:40.662Z,SFG starter database | Collections | Instagram | Explore
432,completed_without_short_link,SFG,Instagram,social,Houseplants,Houseplants,Instagram,Social,Houseplants,Collections,,https://studleys.com/product-category/houseplants/collections/,https://studleys.com/product-category/houseplants/collections/?utm_source=Instagram&utm_medium=Social&utm_campaign=Houseplants&utm_term=Collections,,,1,2026-08-24T19:05:40.662Z,2026-08-24T19:05:40.662Z,SFG starter database | Collections | Instagram | {null}
433,completed_without_short_link,SFG,LinkedIn,social,Houseplants,Houseplants,LinkedIn,Social,Houseplants,Collections,Shop,https://studleys.com/product-category/houseplants/collections/,https://studleys.com/product-category/houseplants/collections/?utm_source=LinkedIn&utm_medium=Social&utm_campaign=Houseplants&utm_term=Collections&utm_content=Shop,,,1,2026-08-24T19:05:40.662Z,2026-08-24T19:05:40.662Z,SFG starter database | Collections | LinkedIn | Shop
434,completed_without_short_link,SFG,LinkedIn,social,Houseplants,Houseplants,LinkedIn,Social,Houseplants,Collections,Learn,https://studleys.com/product-category/houseplants/collections/,https://studleys.com/product-category/houseplants/collections/?utm_source=LinkedIn&utm_medium=Social&utm_campaign=Houseplants&utm_term=Collections&utm_content=Learn,,,1,2026-08-24T19:05:40.662Z,2026-08-24T19:05:40.662Z,SFG starter database | Collections | LinkedIn | Learn
435,completed_without_short_link,SFG,LinkedIn,social,Houseplants,Houseplants,LinkedIn,Social,Houseplants,Collections,Explore,https://studleys.com/product-category/houseplants/collections/,https://studleys.com/product-category/houseplants/collections/?utm_source=LinkedIn&utm_medium=Social&utm_campaign=Houseplants&utm_term=Collections&utm_content=Explore,,,1,2026-08-24T19:05:40.662Z,2026-08-24T19:05:40.662Z,SFG starter database | Collections | LinkedIn | Explore
436,completed_without_short_link,SFG,LinkedIn,social,Houseplants,Houseplants,LinkedIn,Social,Houseplants,Collections,,https://studleys.com/product-category/houseplants/collections/,https://studleys.com/product-category/houseplants/collections/?utm_source=LinkedIn&utm_medium=Social&utm_campaign=Houseplants&utm_term=Collections,,,1,2026-08-24T19:05:40.662Z,2026-08-24T19:05:40.662Z,SFG starter database | Collections | LinkedIn | {null}
437,completed_without_short_link,SFG,ConstantContact,email,Houseplants,Houseplants,ConstantContact,Email,Houseplants,Collections,Shop,https://studleys.com/product-category/houseplants/collections/,https://studleys.com/product-category/houseplants/collections/?utm_source=ConstantContact&utm_medium=Email&utm_campaign=Houseplants&utm_term=Collections&utm_content=Shop,,,1,2026-08-24T19:05:40.662Z,2026-08-24T19:05:40.662Z,SFG starter database | Collections | ConstantContact | Shop
438,completed_without_short_link,SFG,ConstantContact,email,Houseplants,Houseplants,ConstantContact,Email,Houseplants,Collections,Learn,https://studleys.com/product-category/houseplants/collections/,https://studleys.com/product-category/houseplants/collections/?utm_source=ConstantContact&utm_medium=Email&utm_campaign=Houseplants&utm_term=Collections&utm_content=Learn,,,1,2026-08-24T19:05:40.662Z,2026-08-24T19:05:40.662Z,SFG starter database | Collections | ConstantContact | Learn
439,completed_without_short_link,SFG,ConstantContact,email,Houseplants,Houseplants,ConstantContact,Email,Houseplants,Collections,Explore,https://studleys.com/product-category/houseplants/collections/,https://studleys.com/product-category/houseplants/collections/?utm_source=ConstantContact&utm_medium=Email&utm_campaign=Houseplants&utm_term=Collections&utm_content=Explore,,,1,2026-08-24T19:05:40.662Z,2026-08-24T19:05:40.662Z,SFG starter database | Collections | ConstantContact | Explore
440,completed_without_short_link,SFG,ConstantContact,email,Houseplants,Houseplants,ConstantContact,Email,Houseplants,Collections,,https://studleys.com/product-category/houseplants/collections/,https://studleys.com/product-category/houseplants/collections/?utm_source=ConstantContact&utm_medium=Email&utm_campaign=Houseplants&utm_term=Collections,,,1,2026-08-24T19:05:40.662Z,2026-08-24T19:05:40.662Z,SFG starter database | Collections | ConstantContact | {null}
441,completed_without_short_link,SFG,Facebook,social,Houseplants,Houseplants,Facebook,Social,Houseplants,Peperomia,Shop,https://studleys.com/product-category/houseplants/peperomia/,https://studleys.com/product-category/houseplants/peperomia/?utm_source=Facebook&utm_medium=Social&utm_campaign=Houseplants&utm_term=Peperomia&utm_content=Shop,,,1,2026-08-24T19:05:40.662Z,2026-08-24T19:05:40.662Z,SFG starter database | Peperomia | Facebook | Shop
442,completed_without_short_link,SFG,Facebook,social,Houseplants,Houseplants,Facebook,Social,Houseplants,Peperomia,Learn,https://studleys.com/product-category/houseplants/peperomia/,https://studleys.com/product-category/houseplants/peperomia/?utm_source=Facebook&utm_medium=Social&utm_campaign=Houseplants&utm_term=Peperomia&utm_content=Learn,,,1,2026-08-24T19:05:40.662Z,2026-08-24T19:05:40.662Z,SFG starter database | Peperomia | Facebook | Learn
443,completed_without_short_link,SFG,Facebook,social,Houseplants,Houseplants,Facebook,Social,Houseplants,Peperomia,Explore,https://studleys.com/product-category/houseplants/peperomia/,https://studleys.com/product-category/houseplants/peperomia/?utm_source=Facebook&utm_medium=Social&utm_campaign=Houseplants&utm_term=Peperomia&utm_content=Explore,,,1,2026-08-24T19:05:40.662Z,2026-08-24T19:05:40.662Z,SFG starter database | Peperomia | Facebook | Explore
444,completed_without_short_link,SFG,Facebook,social,Houseplants,Houseplants,Facebook,Social,Houseplants,Peperomia,,https://studleys.com/product-category/houseplants/peperomia/,https://studleys.com/product-category/houseplants/peperomia/?utm_source=Facebook&utm_medium=Social&utm_campaign=Houseplants&utm_term=Peperomia,,,1,2026-08-24T19:05:40.662Z,2026-08-24T19:05:40.662Z,SFG starter database | Peperomia | Facebook | {null}
445,completed_without_short_link,SFG,GMB,social,Houseplants,Houseplants,GMB,Social,Houseplants,Peperomia,Shop,https://studleys.com/product-category/houseplants/peperomia/,https://studleys.com/product-category/houseplants/peperomia/?utm_source=GMB&utm_medium=Social&utm_campaign=Houseplants&utm_term=Peperomia&utm_content=Shop,,,1,2026-08-24T19:05:40.662Z,2026-08-24T19:05:40.662Z,SFG starter database | Peperomia | GMB | Shop
446,completed_without_short_link,SFG,GMB,social,Houseplants,Houseplants,GMB,Social,Houseplants,Peperomia,Learn,https://studleys.com/product-category/houseplants/peperomia/,https://studleys.com/product-category/houseplants/peperomia/?utm_source=GMB&utm_medium=Social&utm_campaign=Houseplants&utm_term=Peperomia&utm_content=Learn,,,1,2026-08-24T19:05:40.662Z,2026-08-24T19:05:40.662Z,SFG starter database | Peperomia | GMB | Learn
447,completed_without_short_link,SFG,GMB,social,Houseplants,Houseplants,GMB,Social,Houseplants,Peperomia,Explore,https://studleys.com/product-category/houseplants/peperomia/,https://studleys.com/product-category/houseplants/peperomia/?utm_source=GMB&utm_medium=Social&utm_campaign=Houseplants&utm_term=Peperomia&utm_content=Explore,,,1,2026-08-24T19:05:40.662Z,2026-08-24T19:05:40.662Z,SFG starter database | Peperomia | GMB | Explore
448,completed_without_short_link,SFG,GMB,social,Houseplants,Houseplants,GMB,Social,Houseplants,Peperomia,,https://studleys.com/product-category/houseplants/peperomia/,https://studleys.com/product-category/houseplants/peperomia/?utm_source=GMB&utm_medium=Social&utm_campaign=Houseplants&utm_term=Peperomia,,,1,2026-08-24T19:05:40.662Z,2026-08-24T19:05:40.662Z,SFG starter database | Peperomia | GMB | {null}
449,completed_without_short_link,SFG,Instagram,social,Houseplants,Houseplants,Instagram,Social,Houseplants,Peperomia,Shop,https://studleys.com/product-category/houseplants/peperomia/,https://studleys.com/product-category/houseplants/peperomia/?utm_source=Instagram&utm_medium=Social&utm_campaign=Houseplants&utm_term=Peperomia&utm_content=Shop,,,1,2026-08-24T19:05:40.662Z,2026-08-24T19:05:40.662Z,SFG starter database | Peperomia | Instagram | Shop
450,completed_without_short_link,SFG,Instagram,social,Houseplants,Houseplants,Instagram,Social,Houseplants,Peperomia,Learn,https://studleys.com/product-category/houseplants/peperomia/,https://studleys.com/product-category/houseplants/peperomia/?utm_source=Instagram&utm_medium=Social&utm_campaign=Houseplants&utm_term=Peperomia&utm_content=Learn,,,1,2026-08-24T19:05:40.662Z,2026-08-24T19:05:40.662Z,SFG starter database | Peperomia | Instagram | Learn
451,completed_without_short_link,SFG,Instagram,social,Houseplants,Houseplants,Instagram,Social,Houseplants,Peperomia,Explore,https://studleys.com/product-category/houseplants/peperomia/,https://studleys.com/product-category/houseplants/peperomia/?utm_source=Instagram&utm_medium=Social&utm_campaign=Houseplants&utm_term=Peperomia&utm_content=Explore,,,1,2026-08-24T19:05:40.662Z,2026-08-24T19:05:40.662Z,SFG starter database | Peperomia | Instagram | Explore
452,completed_without_short_link,SFG,Instagram,social,Houseplants,Houseplants,Instagram,Social,Houseplants,Peperomia,,https://studleys.com/product-category/houseplants/peperomia/,https://studleys.com/product-category/houseplants/peperomia/?utm_source=Instagram&utm_medium=Social&utm_campaign=Houseplants&utm_term=Peperomia,,,1,2026-08-24T19:05:40.662Z,2026-08-24T19:05:40.662Z,SFG starter database | Peperomia | Instagram | {null}
453,completed_without_short_link,SFG,LinkedIn,social,Houseplants,Houseplants,LinkedIn,Social,Houseplants,Peperomia,Shop,https://studleys.com/product-category/houseplants/peperomia/,https://studleys.com/product-category/houseplants/peperomia/?utm_source=LinkedIn&utm_medium=Social&utm_campaign=Houseplants&utm_term=Peperomia&utm_content=Shop,,,1,2026-08-24T19:05:40.662Z,2026-08-24T19:05:40.662Z,SFG starter database | Peperomia | LinkedIn | Shop
454,completed_without_short_link,SFG,LinkedIn,social,Houseplants,Houseplants,LinkedIn,Social,Houseplants,Peperomia,Learn,https://studleys.com/product-category/houseplants/peperomia/,https://studleys.com/product-category/houseplants/peperomia/?utm_source=LinkedIn&utm_medium=Social&utm_campaign=Houseplants&utm_term=Peperomia&utm_content=Learn,,,1,2026-08-24T19:05:40.662Z,2026-08-24T19:05:40.662Z,SFG starter database | Peperomia | LinkedIn | Learn
455,completed_without_short_link,SFG,LinkedIn,social,Houseplants,Houseplants,LinkedIn,Social,Houseplants,Peperomia,Explore,https://studleys.com/product-category/houseplants/peperomia/,https://studleys.com/product-category/houseplants/peperomia/?utm_source=LinkedIn&utm_medium=Social&utm_campaign=Houseplants&utm_term=Peperomia&utm_content=Explore,,,1,2026-08-24T19:05:40.662Z,2026-08-24T19:05:40.662Z,SFG starter database | Peperomia | LinkedIn | Explore
456,completed_without_short_link,SFG,LinkedIn,social,Houseplants,Houseplants,LinkedIn,Social,Houseplants,Peperomia,,https://studleys.com/product-category/houseplants/peperomia/,https://studleys.com/product-category/houseplants/peperomia/?utm_source=LinkedIn&utm_medium=Social&utm_campaign=Houseplants&utm_term=Peperomia,,,1,2026-08-24T19:05:40.662Z,2026-08-24T19:05:40.662Z,SFG starter database | Peperomia | LinkedIn | {null}
457,completed_without_short_link,SFG,ConstantContact,email,Houseplants,Houseplants,ConstantContact,Email,Houseplants,Peperomia,Shop,https://studleys.com/product-category/houseplants/peperomia/,https://studleys.com/product-category/houseplants/peperomia/?utm_source=ConstantContact&utm_medium=Email&utm_campaign=Houseplants&utm_term=Peperomia&utm_content=Shop,,,1,2026-08-24T19:05:40.662Z,2026-08-24T19:05:40.662Z,SFG starter database | Peperomia | ConstantContact | Shop
458,completed_without_short_link,SFG,ConstantContact,email,Houseplants,Houseplants,ConstantContact,Email,Houseplants,Peperomia,Learn,https://studleys.com/product-category/houseplants/peperomia/,https://studleys.com/product-category/houseplants/peperomia/?utm_source=ConstantContact&utm_medium=Email&utm_campaign=Houseplants&utm_term=Peperomia&utm_content=Learn,,,1,2026-08-24T19:05:40.662Z,2026-08-24T19:05:40.662Z,SFG starter database | Peperomia | ConstantContact | Learn
459,completed_without_short_link,SFG,ConstantContact,email,Houseplants,Houseplants,ConstantContact,Email,Houseplants,Peperomia,Explore,https://studleys.com/product-category/houseplants/peperomia/,https://studleys.com/product-category/houseplants/peperomia/?utm_source=ConstantContact&utm_medium=Email&utm_campaign=Houseplants&utm_term=Peperomia&utm_content=Explore,,,1,2026-08-24T19:05:40.662Z,2026-08-24T19:05:40.662Z,SFG starter database | Peperomia | ConstantContact | Explore
460,completed_without_short_link,SFG,ConstantContact,email,Houseplants,Houseplants,ConstantContact,Email,Houseplants,Peperomia,,https://studleys.com/product-category/houseplants/peperomia/,https://studleys.com/product-category/houseplants/peperomia/?utm_source=ConstantContact&utm_medium=Email&utm_campaign=Houseplants&utm_term=Peperomia,,,1,2026-08-24T19:05:40.662Z,2026-08-24T19:05:40.662Z,SFG starter database | Peperomia | ConstantContact | {null}
461,completed_without_short_link,SFG,Facebook,social,Houseplants,Houseplants,Facebook,Social,Houseplants,Patio,Shop,https://studleys.com/product-category/houseplants/patio/,https://studleys.com/product-category/houseplants/patio/?utm_source=Facebook&utm_medium=Social&utm_campaign=Houseplants&utm_term=Patio&utm_content=Shop,,,1,2026-08-24T19:05:40.662Z,2026-08-24T19:05:40.662Z,SFG starter database | Patio | Facebook | Shop
462,completed_without_short_link,SFG,Facebook,social,Houseplants,Houseplants,Facebook,Social,Houseplants,Patio,Learn,https://studleys.com/product-category/houseplants/patio/,https://studleys.com/product-category/houseplants/patio/?utm_source=Facebook&utm_medium=Social&utm_campaign=Houseplants&utm_term=Patio&utm_content=Learn,,,1,2026-08-24T19:05:40.662Z,2026-08-24T19:05:40.662Z,SFG starter database | Patio | Facebook | Learn
463,completed_without_short_link,SFG,Facebook,social,Houseplants,Houseplants,Facebook,Social,Houseplants,Patio,Explore,https://studleys.com/product-category/houseplants/patio/,https://studleys.com/product-category/houseplants/patio/?utm_source=Facebook&utm_medium=Social&utm_campaign=Houseplants&utm_term=Patio&utm_content=Explore,,,1,2026-08-24T19:05:40.662Z,2026-08-24T19:05:40.662Z,SFG starter database | Patio | Facebook | Explore
464,completed_without_short_link,SFG,Facebook,social,Houseplants,Houseplants,Facebook,Social,Houseplants,Patio,,https://studleys.com/product-category/houseplants/patio/,https://studleys.com/product-category/houseplants/patio/?utm_source=Facebook&utm_medium=Social&utm_campaign=Houseplants&utm_term=Patio,,,1,2026-08-24T19:05:40.662Z,2026-08-24T19:05:40.662Z,SFG starter database | Patio | Facebook | {null}
465,completed_without_short_link,SFG,GMB,social,Houseplants,Houseplants,GMB,Social,Houseplants,Patio,Shop,https://studleys.com/product-category/houseplants/patio/,https://studleys.com/product-category/houseplants/patio/?utm_source=GMB&utm_medium=Social&utm_campaign=Houseplants&utm_term=Patio&utm_content=Shop,,,1,2026-08-24T19:05:40.662Z,2026-08-24T19:05:40.662Z,SFG starter database | Patio | GMB | Shop
466,completed_without_short_link,SFG,GMB,social,Houseplants,Houseplants,GMB,Social,Houseplants,Patio,Learn,https://studleys.com/product-category/houseplants/patio/,https://studleys.com/product-category/houseplants/patio/?utm_source=GMB&utm_medium=Social&utm_campaign=Houseplants&utm_term=Patio&utm_content=Learn,,,1,2026-08-24T19:05:40.662Z,2026-08-24T19:05:40.662Z,SFG starter database | Patio | GMB | Learn
467,completed_without_short_link,SFG,GMB,social,Houseplants,Houseplants,GMB,Social,Houseplants,Patio,Explore,https://studleys.com/product-category/houseplants/patio/,https://studleys.com/product-category/houseplants/patio/?utm_source=GMB&utm_medium=Social&utm_campaign=Houseplants&utm_term=Patio&utm_content=Explore,,,1,2026-08-24T19:05:40.662Z,2026-08-24T19:05:40.662Z,SFG starter database | Patio | GMB | Explore
468,completed_without_short_link,SFG,GMB,social,Houseplants,Houseplants,GMB,Social,Houseplants,Patio,,https://studleys.com/product-category/houseplants/patio/,https://studleys.com/product-category/houseplants/patio/?utm_source=GMB&utm_medium=Social&utm_campaign=Houseplants&utm_term=Patio,,,1,2026-08-24T19:05:40.662Z,2026-08-24T19:05:40.662Z,SFG starter database | Patio | GMB | {null}
469,completed_without_short_link,SFG,Instagram,social,Houseplants,Houseplants,Instagram,Social,Houseplants,Patio,Shop,https://studleys.com/product-category/houseplants/patio/,https://studleys.com/product-category/houseplants/patio/?utm_source=Instagram&utm_medium=Social&utm_campaign=Houseplants&utm_term=Patio&utm_content=Shop,,,1,2026-08-24T19:05:40.662Z,2026-08-24T19:05:40.662Z,SFG starter database | Patio | Instagram | Shop
470,completed_without_short_link,SFG,Instagram,social,Houseplants,Houseplants,Instagram,Social,Houseplants,Patio,Learn,https://studleys.com/product-category/houseplants/patio/,https://studleys.com/product-category/houseplants/patio/?utm_source=Instagram&utm_medium=Social&utm_campaign=Houseplants&utm_term=Patio&utm_content=Learn,,,1,2026-08-24T19:05:40.662Z,2026-08-24T19:05:40.662Z,SFG starter database | Patio | Instagram | Learn
471,completed_without_short_link,SFG,Instagram,social,Houseplants,Houseplants,Instagram,Social,Houseplants,Patio,Explore,https://studleys.com/product-category/houseplants/patio/,https://studleys.com/product-category/houseplants/patio/?utm_source=Instagram&utm_medium=Social&utm_campaign=Houseplants&utm_term=Patio&utm_content=Explore,,,1,2026-08-24T19:05:40.662Z,2026-08-24T19:05:40.662Z,SFG starter database | Patio | Instagram | Explore
472,completed_without_short_link,SFG,Instagram,social,Houseplants,Houseplants,Instagram,Social,Houseplants,Patio,,https://studleys.com/product-category/houseplants/patio/,https://studleys.com/product-category/houseplants/patio/?utm_source=Instagram&utm_medium=Social&utm_campaign=Houseplants&utm_term=Patio,,,1,2026-08-24T19:05:40.662Z,2026-08-24T19:05:40.662Z,SFG starter database | Patio | Instagram | {null}
473,completed_without_short_link,SFG,LinkedIn,social,Houseplants,Houseplants,LinkedIn,Social,Houseplants,Patio,Shop,https://studleys.com/product-category/houseplants/patio/,https://studleys.com/product-category/houseplants/patio/?utm_source=LinkedIn&utm_medium=Social&utm_campaign=Houseplants&utm_term=Patio&utm_content=Shop,,,1,2026-08-24T19:05:40.662Z,2026-08-24T19:05:40.662Z,SFG starter database | Patio | LinkedIn | Shop
474,completed_without_short_link,SFG,LinkedIn,social,Houseplants,Houseplants,LinkedIn,Social,Houseplants,Patio,Learn,https://studleys.com/product-category/houseplants/patio/,https://studleys.com/product-category/houseplants/patio/?utm_source=LinkedIn&utm_medium=Social&utm_campaign=Houseplants&utm_term=Patio&utm_content=Learn,,,1,2026-08-24T19:05:40.662Z,2026-08-24T19:05:40.662Z,SFG starter database | Patio | LinkedIn | Learn
475,completed_without_short_link,SFG,LinkedIn,social,Houseplants,Houseplants,LinkedIn,Social,Houseplants,Patio,Explore,https://studleys.com/product-category/houseplants/patio/,https://studleys.com/product-category/houseplants/patio/?utm_source=LinkedIn&utm_medium=Social&utm_campaign=Houseplants&utm_term=Patio&utm_content=Explore,,,1,2026-08-24T19:05:40.662Z,2026-08-24T19:05:40.662Z,SFG starter database | Patio | LinkedIn | Explore
476,completed_without_short_link,SFG,LinkedIn,social,Houseplants,Houseplants,LinkedIn,Social,Houseplants,Patio,,https://studleys.com/product-category/houseplants/patio/,https://studleys.com/product-category/houseplants/patio/?utm_source=LinkedIn&utm_medium=Social&utm_campaign=Houseplants&utm_term=Patio,,,1,2026-08-24T19:05:40.662Z,2026-08-24T19:05:40.662Z,SFG starter database | Patio | LinkedIn | {null}
477,completed_without_short_link,SFG,ConstantContact,email,Houseplants,Houseplants,ConstantContact,Email,Houseplants,Patio,Shop,https://studleys.com/product-category/houseplants/patio/,https://studleys.com/product-category/houseplants/patio/?utm_source=ConstantContact&utm_medium=Email&utm_campaign=Houseplants&utm_term=Patio&utm_content=Shop,,,1,2026-08-24T19:05:40.662Z,2026-08-24T19:05:40.662Z,SFG starter database | Patio | ConstantContact | Shop
478,completed_without_short_link,SFG,ConstantContact,email,Houseplants,Houseplants,ConstantContact,Email,Houseplants,Patio,Learn,https://studleys.com/product-category/houseplants/patio/,https://studleys.com/product-category/houseplants/patio/?utm_source=ConstantContact&utm_medium=Email&utm_campaign=Houseplants&utm_term=Patio&utm_content=Learn,,,1,2026-08-24T19:05:40.662Z,2026-08-24T19:05:40.662Z,SFG starter database | Patio | ConstantContact | Learn
479,completed_without_short_link,SFG,ConstantContact,email,Houseplants,Houseplants,ConstantContact,Email,Houseplants,Patio,Explore,https://studleys.com/product-category/houseplants/patio/,https://studleys.com/product-category/houseplants/patio/?utm_source=ConstantContact&utm_medium=Email&utm_campaign=Houseplants&utm_term=Patio&utm_content=Explore,,,1,2026-08-24T19:05:40.662Z,2026-08-24T19:05:40.662Z,SFG starter database | Patio | ConstantContact | Explore
480,completed_without_short_link,SFG,ConstantContact,email,Houseplants,Houseplants,ConstantContact,Email,Houseplants,Patio,,https://studleys.com/product-category/houseplants/patio/,https://studleys.com/product-category/houseplants/patio/?utm_source=ConstantContact&utm_medium=Email&utm_campaign=Houseplants&utm_term=Patio,,,1,2026-08-24T19:05:40.662Z,2026-08-24T19:05:40.662Z,SFG starter database | Patio | ConstantContact | {null}
481,completed_without_short_link,SFG,Facebook,social,Houseplants,Houseplants,Facebook,Social,Houseplants,ScentedGeranium,Shop,https://studleys.com/product-category/houseplants/scented-geranium/,https://studleys.com/product-category/houseplants/scented-geranium/?utm_source=Facebook&utm_medium=Social&utm_campaign=Houseplants&utm_term=ScentedGeranium&utm_content=Shop,,,1,2026-08-24T19:05:40.662Z,2026-08-24T19:05:40.662Z,SFG starter database | Scented Geranium | Facebook | Shop
482,completed_without_short_link,SFG,Facebook,social,Houseplants,Houseplants,Facebook,Social,Houseplants,ScentedGeranium,Learn,https://studleys.com/product-category/houseplants/scented-geranium/,https://studleys.com/product-category/houseplants/scented-geranium/?utm_source=Facebook&utm_medium=Social&utm_campaign=Houseplants&utm_term=ScentedGeranium&utm_content=Learn,,,1,2026-08-24T19:05:40.662Z,2026-08-24T19:05:40.662Z,SFG starter database | Scented Geranium | Facebook | Learn
483,completed_without_short_link,SFG,Facebook,social,Houseplants,Houseplants,Facebook,Social,Houseplants,ScentedGeranium,Explore,https://studleys.com/product-category/houseplants/scented-geranium/,https://studleys.com/product-category/houseplants/scented-geranium/?utm_source=Facebook&utm_medium=Social&utm_campaign=Houseplants&utm_term=ScentedGeranium&utm_content=Explore,,,1,2026-08-24T19:05:40.662Z,2026-08-24T19:05:40.662Z,SFG starter database | Scented Geranium | Facebook | Explore
484,completed_without_short_link,SFG,Facebook,social,Houseplants,Houseplants,Facebook,Social,Houseplants,ScentedGeranium,,https://studleys.com/product-category/houseplants/scented-geranium/,https://studleys.com/product-category/houseplants/scented-geranium/?utm_source=Facebook&utm_medium=Social&utm_campaign=Houseplants&utm_term=ScentedGeranium,,,1,2026-08-24T19:05:40.662Z,2026-08-24T19:05:40.662Z,SFG starter database | Scented Geranium | Facebook | {null}
485,completed_without_short_link,SFG,GMB,social,Houseplants,Houseplants,GMB,Social,Houseplants,ScentedGeranium,Shop,https://studleys.com/product-category/houseplants/scented-geranium/,https://studleys.com/product-category/houseplants/scented-geranium/?utm_source=GMB&utm_medium=Social&utm_campaign=Houseplants&utm_term=ScentedGeranium&utm_content=Shop,,,1,2026-08-24T19:05:40.662Z,2026-08-24T19:05:40.662Z,SFG starter database | Scented Geranium | GMB | Shop
486,completed_without_short_link,SFG,GMB,social,Houseplants,Houseplants,GMB,Social,Houseplants,ScentedGeranium,Learn,https://studleys.com/product-category/houseplants/scented-geranium/,https://studleys.com/product-category/houseplants/scented-geranium/?utm_source=GMB&utm_medium=Social&utm_campaign=Houseplants&utm_term=ScentedGeranium&utm_content=Learn,,,1,2026-08-24T19:05:40.662Z,2026-08-24T19:05:40.662Z,SFG starter database | Scented Geranium | GMB | Learn
487,completed_without_short_link,SFG,GMB,social,Houseplants,Houseplants,GMB,Social,Houseplants,ScentedGeranium,Explore,https://studleys.com/product-category/houseplants/scented-geranium/,https://studleys.com/product-category/houseplants/scented-geranium/?utm_source=GMB&utm_medium=Social&utm_campaign=Houseplants&utm_term=ScentedGeranium&utm_content=Explore,,,1,2026-08-24T19:05:40.662Z,2026-08-24T19:05:40.662Z,SFG starter database | Scented Geranium | GMB | Explore
488,completed_without_short_link,SFG,GMB,social,Houseplants,Houseplants,GMB,Social,Houseplants,ScentedGeranium,,https://studleys.com/product-category/houseplants/scented-geranium/,https://studleys.com/product-category/houseplants/scented-geranium/?utm_source=GMB&utm_medium=Social&utm_campaign=Houseplants&utm_term=ScentedGeranium,,,1,2026-08-24T19:05:40.662Z,2026-08-24T19:05:40.662Z,SFG starter database | Scented Geranium | GMB | {null}
489,completed_without_short_link,SFG,Instagram,social,Houseplants,Houseplants,Instagram,Social,Houseplants,ScentedGeranium,Shop,https://studleys.com/product-category/houseplants/scented-geranium/,https://studleys.com/product-category/houseplants/scented-geranium/?utm_source=Instagram&utm_medium=Social&utm_campaign=Houseplants&utm_term=ScentedGeranium&utm_content=Shop,,,1,2026-08-24T19:05:40.662Z,2026-08-24T19:05:40.662Z,SFG starter database | Scented Geranium | Instagram | Shop
490,completed_without_short_link,SFG,Instagram,social,Houseplants,Houseplants,Instagram,Social,Houseplants,ScentedGeranium,Learn,https://studleys.com/product-category/houseplants/scented-geranium/,https://studleys.com/product-category/houseplants/scented-geranium/?utm_source=Instagram&utm_medium=Social&utm_campaign=Houseplants&utm_term=ScentedGeranium&utm_content=Learn,,,1,2026-08-24T19:05:40.662Z,2026-08-24T19:05:40.662Z,SFG starter database | Scented Geranium | Instagram | Learn
491,completed_without_short_link,SFG,Instagram,social,Houseplants,Houseplants,Instagram,Social,Houseplants,ScentedGeranium,Explore,https://studleys.com/product-category/houseplants/scented-geranium/,https://studleys.com/product-category/houseplants/scented-geranium/?utm_source=Instagram&utm_medium=Social&utm_campaign=Houseplants&utm_term=ScentedGeranium&utm_content=Explore,,,1,2026-08-24T19:05:40.662Z,2026-08-24T19:05:40.662Z,SFG starter database | Scented Geranium | Instagram | Explore
492,completed_without_short_link,SFG,Instagram,social,Houseplants,Houseplants,Instagram,Social,Houseplants,ScentedGeranium,,https://studleys.com/product-category/houseplants/scented-geranium/,https://studleys.com/product-category/houseplants/scented-geranium/?utm_source=Instagram&utm_medium=Social&utm_campaign=Houseplants&utm_term=ScentedGeranium,,,1,2026-08-24T19:05:40.662Z,2026-08-24T19:05:40.662Z,SFG starter database | Scented Geranium | Instagram | {null}
493,completed_without_short_link,SFG,LinkedIn,social,Houseplants,Houseplants,LinkedIn,Social,Houseplants,ScentedGeranium,Shop,https://studleys.com/product-category/houseplants/scented-geranium/,https://studleys.com/product-category/houseplants/scented-geranium/?utm_source=LinkedIn&utm_medium=Social&utm_campaign=Houseplants&utm_term=ScentedGeranium&utm_content=Shop,,,1,2026-08-24T19:05:40.662Z,2026-08-24T19:05:40.662Z,SFG starter database | Scented Geranium | LinkedIn | Shop
494,completed_without_short_link,SFG,LinkedIn,social,Houseplants,Houseplants,LinkedIn,Social,Houseplants,ScentedGeranium,Learn,https://studleys.com/product-category/houseplants/scented-geranium/,https://studleys.com/product-category/houseplants/scented-geranium/?utm_source=LinkedIn&utm_medium=Social&utm_campaign=Houseplants&utm_term=ScentedGeranium&utm_content=Learn,,,1,2026-08-24T19:05:40.662Z,2026-08-24T19:05:40.662Z,SFG starter database | Scented Geranium | LinkedIn | Learn
495,completed_without_short_link,SFG,LinkedIn,social,Houseplants,Houseplants,LinkedIn,Social,Houseplants,ScentedGeranium,Explore,https://studleys.com/product-category/houseplants/scented-geranium/,https://studleys.com/product-category/houseplants/scented-geranium/?utm_source=LinkedIn&utm_medium=Social&utm_campaign=Houseplants&utm_term=ScentedGeranium&utm_content=Explore,,,1,2026-08-24T19:05:40.662Z,2026-08-24T19:05:40.662Z,SFG starter database | Scented Geranium | LinkedIn | Explore
496,completed_without_short_link,SFG,LinkedIn,social,Houseplants,Houseplants,LinkedIn,Social,Houseplants,ScentedGeranium,,https://studleys.com/product-category/houseplants/scented-geranium/,https://studleys.com/product-category/houseplants/scented-geranium/?utm_source=LinkedIn&utm_medium=Social&utm_campaign=Houseplants&utm_term=ScentedGeranium,,,1,2026-08-24T19:05:40.662Z,2026-08-24T19:05:40.662Z,SFG starter database | Scented Geranium | LinkedIn | {null}
497,completed_without_short_link,SFG,ConstantContact,email,Houseplants,Houseplants,ConstantContact,Email,Houseplants,ScentedGeranium,Shop,https://studleys.com/product-category/houseplants/scented-geranium/,https://studleys.com/product-category/houseplants/scented-geranium/?utm_source=ConstantContact&utm_medium=Email&utm_campaign=Houseplants&utm_term=ScentedGeranium&utm_content=Shop,,,1,2026-08-24T19:05:40.662Z,2026-08-24T19:05:40.662Z,SFG starter database | Scented Geranium | ConstantContact | Shop
498,completed_without_short_link,SFG,ConstantContact,email,Houseplants,Houseplants,ConstantContact,Email,Houseplants,ScentedGeranium,Learn,https://studleys.com/product-category/houseplants/scented-geranium/,https://studleys.com/product-category/houseplants/scented-geranium/?utm_source=ConstantContact&utm_medium=Email&utm_campaign=Houseplants&utm_term=ScentedGeranium&utm_content=Learn,,,1,2026-08-24T19:05:40.662Z,2026-08-24T19:05:40.662Z,SFG starter database | Scented Geranium | ConstantContact | Learn
499,completed_without_short_link,SFG,ConstantContact,email,Houseplants,Houseplants,ConstantContact,Email,Houseplants,ScentedGeranium,Explore,https://studleys.com/product-category/houseplants/scented-geranium/,https://studleys.com/product-category/houseplants/scented-geranium/?utm_source=ConstantContact&utm_medium=Email&utm_campaign=Houseplants&utm_term=ScentedGeranium&utm_content=Explore,,,1,2026-08-24T19:05:40.662Z,2026-08-24T19:05:40.662Z,SFG starter database | Scented Geranium | ConstantContact | Explore
500,completed_without_short_link,SFG,ConstantContact,email,Houseplants,Houseplants,ConstantContact,Email,Houseplants,ScentedGeranium,,https://studleys.com/product-category/houseplants/scented-geranium/,https://studleys.com/product-category/houseplants/scented-geranium/?utm_source=ConstantContact&utm_medium=Email&utm_campaign=Houseplants&utm_term=ScentedGeranium,,,1,2026-08-24T19:05:40.662Z,2026-08-24T19:05:40.662Z,SFG starter database | Scented Geranium | ConstantContact | {null}
501,completed_without_short_link,SFG,Facebook,social,Houseplants,Houseplants,Facebook,Social,Houseplants,Succulent,Shop,https://studleys.com/product-category/houseplants/succulent/,https://studleys.com/product-category/houseplants/succulent/?utm_source=Facebook&utm_medium=Social&utm_campaign=Houseplants&utm_term=Succulent&utm_content=Shop,,,1,2026-08-24T19:05:40.662Z,2026-08-24T19:05:40.662Z,SFG starter database | Succulent | Facebook | Shop
502,completed_without_short_link,SFG,Facebook,social,Houseplants,Houseplants,Facebook,Social,Houseplants,Succulent,Learn,https://studleys.com/product-category/houseplants/succulent/,https://studleys.com/product-category/houseplants/succulent/?utm_source=Facebook&utm_medium=Social&utm_campaign=Houseplants&utm_term=Succulent&utm_content=Learn,,,1,2026-08-24T19:05:40.662Z,2026-08-24T19:05:40.662Z,SFG starter database | Succulent | Facebook | Learn
503,completed_without_short_link,SFG,Facebook,social,Houseplants,Houseplants,Facebook,Social,Houseplants,Succulent,Explore,https://studleys.com/product-category/houseplants/succulent/,https://studleys.com/product-category/houseplants/succulent/?utm_source=Facebook&utm_medium=Social&utm_campaign=Houseplants&utm_term=Succulent&utm_content=Explore,,,1,2026-08-24T19:05:40.662Z,2026-08-24T19:05:40.662Z,SFG starter database | Succulent | Facebook | Explore
504,completed_without_short_link,SFG,Facebook,social,Houseplants,Houseplants,Facebook,Social,Houseplants,Succulent,,https://studleys.com/product-category/houseplants/succulent/,https://studleys.com/product-category/houseplants/succulent/?utm_source=Facebook&utm_medium=Social&utm_campaign=Houseplants&utm_term=Succulent,,,1,2026-08-24T19:05:40.662Z,2026-08-24T19:05:40.662Z,SFG starter database | Succulent | Facebook | {null}
505,completed_without_short_link,SFG,GMB,social,Houseplants,Houseplants,GMB,Social,Houseplants,Succulent,Shop,https://studleys.com/product-category/houseplants/succulent/,https://studleys.com/product-category/houseplants/succulent/?utm_source=GMB&utm_medium=Social&utm_campaign=Houseplants&utm_term=Succulent&utm_content=Shop,,,1,2026-08-24T19:05:40.662Z,2026-08-24T19:05:40.662Z,SFG starter database | Succulent | GMB | Shop
506,completed_without_short_link,SFG,GMB,social,Houseplants,Houseplants,GMB,Social,Houseplants,Succulent,Learn,https://studleys.com/product-category/houseplants/succulent/,https://studleys.com/product-category/houseplants/succulent/?utm_source=GMB&utm_medium=Social&utm_campaign=Houseplants&utm_term=Succulent&utm_content=Learn,,,1,2026-08-24T19:05:40.662Z,2026-08-24T19:05:40.662Z,SFG starter database | Succulent | GMB | Learn
507,completed_without_short_link,SFG,GMB,social,Houseplants,Houseplants,GMB,Social,Houseplants,Succulent,Explore,https://studleys.com/product-category/houseplants/succulent/,https://studleys.com/product-category/houseplants/succulent/?utm_source=GMB&utm_medium=Social&utm_campaign=Houseplants&utm_term=Succulent&utm_content=Explore,,,1,2026-08-24T19:05:40.662Z,2026-08-24T19:05:40.662Z,SFG starter database | Succulent | GMB | Explore
508,completed_without_short_link,SFG,GMB,social,Houseplants,Houseplants,GMB,Social,Houseplants,Succulent,,https://studleys.com/product-category/houseplants/succulent/,https://studleys.com/product-category/houseplants/succulent/?utm_source=GMB&utm_medium=Social&utm_campaign=Houseplants&utm_term=Succulent,,,1,2026-08-24T19:05:40.662Z,2026-08-24T19:05:40.662Z,SFG starter database | Succulent | GMB | {null}
509,completed_without_short_link,SFG,Instagram,social,Houseplants,Houseplants,Instagram,Social,Houseplants,Succulent,Shop,https://studleys.com/product-category/houseplants/succulent/,https://studleys.com/product-category/houseplants/succulent/?utm_source=Instagram&utm_medium=Social&utm_campaign=Houseplants&utm_term=Succulent&utm_content=Shop,,,1,2026-08-24T19:05:40.662Z,2026-08-24T19:05:40.662Z,SFG starter database | Succulent | Instagram | Shop
510,completed_without_short_link,SFG,Instagram,social,Houseplants,Houseplants,Instagram,Social,Houseplants,Succulent,Learn,https://studleys.com/product-category/houseplants/succulent/,https://studleys.com/product-category/houseplants/succulent/?utm_source=Instagram&utm_medium=Social&utm_campaign=Houseplants&utm_term=Succulent&utm_content=Learn,,,1,2026-08-24T19:05:40.662Z,2026-08-24T19:05:40.662Z,SFG starter database | Succulent | Instagram | Learn
511,completed_without_short_link,SFG,Instagram,social,Houseplants,Houseplants,Instagram,Social,Houseplants,Succulent,Explore,https://studleys.com/product-category/houseplants/succulent/,https://studleys.com/product-category/houseplants/succulent/?utm_source=Instagram&utm_medium=Social&utm_campaign=Houseplants&utm_term=Succulent&utm_content=Explore,,,1,2026-08-24T19:05:40.662Z,2026-08-24T19:05:40.662Z,SFG starter database | Succulent | Instagram | Explore
512,completed_without_short_link,SFG,Instagram,social,Houseplants,Houseplants,Instagram,Social,Houseplants,Succulent,,https://studleys.com/product-category/houseplants/succulent/,https://studleys.com/product-category/houseplants/succulent/?utm_source=Instagram&utm_medium=Social&utm_campaign=Houseplants&utm_term=Succulent,,,1,2026-08-24T19:05:40.662Z,2026-08-24T19:05:40.662Z,SFG starter database | Succulent | Instagram | {null}
513,completed_without_short_link,SFG,LinkedIn,social,Houseplants,Houseplants,LinkedIn,Social,Houseplants,Succulent,Shop,https://studleys.com/product-category/houseplants/succulent/,https://studleys.com/product-category/houseplants/succulent/?utm_source=LinkedIn&utm_medium=Social&utm_campaign=Houseplants&utm_term=Succulent&utm_content=Shop,,,1,2026-08-24T19:05:40.662Z,2026-08-24T19:05:40.662Z,SFG starter database | Succulent | LinkedIn | Shop
514,completed_without_short_link,SFG,LinkedIn,social,Houseplants,Houseplants,LinkedIn,Social,Houseplants,Succulent,Learn,https://studleys.com/product-category/houseplants/succulent/,https://studleys.com/product-category/houseplants/succulent/?utm_source=LinkedIn&utm_medium=Social&utm_campaign=Houseplants&utm_term=Succulent&utm_content=Learn,,,1,2026-08-24T19:05:40.662Z,2026-08-24T19:05:40.662Z,SFG starter database | Succulent | LinkedIn | Learn
515,completed_without_short_link,SFG,LinkedIn,social,Houseplants,Houseplants,LinkedIn,Social,Houseplants,Succulent,Explore,https://studleys.com/product-category/houseplants/succulent/,https://studleys.com/product-category/houseplants/succulent/?utm_source=LinkedIn&utm_medium=Social&utm_campaign=Houseplants&utm_term=Succulent&utm_content=Explore,,,1,2026-08-24T19:05:40.662Z,2026-08-24T19:05:40.662Z,SFG starter database | Succulent | LinkedIn | Explore
516,completed_without_short_link,SFG,LinkedIn,social,Houseplants,Houseplants,LinkedIn,Social,Houseplants,Succulent,,https://studleys.com/product-category/houseplants/succulent/,https://studleys.com/product-category/houseplants/succulent/?utm_source=LinkedIn&utm_medium=Social&utm_campaign=Houseplants&utm_term=Succulent,,,1,2026-08-24T19:05:40.662Z,2026-08-24T19:05:40.662Z,SFG starter database | Succulent | LinkedIn | {null}
517,completed_without_short_link,SFG,ConstantContact,email,Houseplants,Houseplants,ConstantContact,Email,Houseplants,Succulent,Shop,https://studleys.com/product-category/houseplants/succulent/,https://studleys.com/product-category/houseplants/succulent/?utm_source=ConstantContact&utm_medium=Email&utm_campaign=Houseplants&utm_term=Succulent&utm_content=Shop,,,1,2026-08-24T19:05:40.662Z,2026-08-24T19:05:40.662Z,SFG starter database | Succulent | ConstantContact | Shop
518,completed_without_short_link,SFG,ConstantContact,email,Houseplants,Houseplants,ConstantContact,Email,Houseplants,Succulent,Learn,https://studleys.com/product-category/houseplants/succulent/,https://studleys.com/product-category/houseplants/succulent/?utm_source=ConstantContact&utm_medium=Email&utm_campaign=Houseplants&utm_term=Succulent&utm_content=Learn,,,1,2026-08-24T19:05:40.662Z,2026-08-24T19:05:40.662Z,SFG starter database | Succulent | ConstantContact | Learn
519,completed_without_short_link,SFG,ConstantContact,email,Houseplants,Houseplants,ConstantContact,Email,Houseplants,Succulent,Explore,https://studleys.com/product-category/houseplants/succulent/,https://studleys.com/product-category/houseplants/succulent/?utm_source=ConstantContact&utm_medium=Email&utm_campaign=Houseplants&utm_term=Succulent&utm_content=Explore,,,1,2026-08-24T19:05:40.662Z,2026-08-24T19:05:40.662Z,SFG starter database | Succulent | ConstantContact | Explore
520,completed_without_short_link,SFG,ConstantContact,email,Houseplants,Houseplants,ConstantContact,Email,Houseplants,Succulent,,https://studleys.com/product-category/houseplants/succulent/,https://studleys.com/product-category/houseplants/succulent/?utm_source=ConstantContact&utm_medium=Email&utm_campaign=Houseplants&utm_term=Succulent,,,1,2026-08-24T19:05:40.662Z,2026-08-24T19:05:40.662Z,SFG starter database | Succulent | ConstantContact | {null}
521,completed_without_short_link,SFG,Facebook,social,Houseplants,Houseplants,Facebook,Social,Houseplants,Terrarium,Shop,https://studleys.com/product-category/houseplants/terrarium/,https://studleys.com/product-category/houseplants/terrarium/?utm_source=Facebook&utm_medium=Social&utm_campaign=Houseplants&utm_term=Terrarium&utm_content=Shop,,,1,2026-08-24T19:05:40.662Z,2026-08-24T19:05:40.662Z,SFG starter database | Terrarium | Facebook | Shop
522,completed_without_short_link,SFG,Facebook,social,Houseplants,Houseplants,Facebook,Social,Houseplants,Terrarium,Learn,https://studleys.com/product-category/houseplants/terrarium/,https://studleys.com/product-category/houseplants/terrarium/?utm_source=Facebook&utm_medium=Social&utm_campaign=Houseplants&utm_term=Terrarium&utm_content=Learn,,,1,2026-08-24T19:05:40.662Z,2026-08-24T19:05:40.662Z,SFG starter database | Terrarium | Facebook | Learn
523,completed_without_short_link,SFG,Facebook,social,Houseplants,Houseplants,Facebook,Social,Houseplants,Terrarium,Explore,https://studleys.com/product-category/houseplants/terrarium/,https://studleys.com/product-category/houseplants/terrarium/?utm_source=Facebook&utm_medium=Social&utm_campaign=Houseplants&utm_term=Terrarium&utm_content=Explore,,,1,2026-08-24T19:05:40.662Z,2026-08-24T19:05:40.662Z,SFG starter database | Terrarium | Facebook | Explore
524,completed_without_short_link,SFG,Facebook,social,Houseplants,Houseplants,Facebook,Social,Houseplants,Terrarium,,https://studleys.com/product-category/houseplants/terrarium/,https://studleys.com/product-category/houseplants/terrarium/?utm_source=Facebook&utm_medium=Social&utm_campaign=Houseplants&utm_term=Terrarium,,,1,2026-08-24T19:05:40.662Z,2026-08-24T19:05:40.662Z,SFG starter database | Terrarium | Facebook | {null}
525,completed_without_short_link,SFG,GMB,social,Houseplants,Houseplants,GMB,Social,Houseplants,Terrarium,Shop,https://studleys.com/product-category/houseplants/terrarium/,https://studleys.com/product-category/houseplants/terrarium/?utm_source=GMB&utm_medium=Social&utm_campaign=Houseplants&utm_term=Terrarium&utm_content=Shop,,,1,2026-08-24T19:05:40.662Z,2026-08-24T19:05:40.662Z,SFG starter database | Terrarium | GMB | Shop
526,completed_without_short_link,SFG,GMB,social,Houseplants,Houseplants,GMB,Social,Houseplants,Terrarium,Learn,https://studleys.com/product-category/houseplants/terrarium/,https://studleys.com/product-category/houseplants/terrarium/?utm_source=GMB&utm_medium=Social&utm_campaign=Houseplants&utm_term=Terrarium&utm_content=Learn,,,1,2026-08-24T19:05:40.662Z,2026-08-24T19:05:40.662Z,SFG starter database | Terrarium | GMB | Learn
527,completed_without_short_link,SFG,GMB,social,Houseplants,Houseplants,GMB,Social,Houseplants,Terrarium,Explore,https://studleys.com/product-category/houseplants/terrarium/,https://studleys.com/product-category/houseplants/terrarium/?utm_source=GMB&utm_medium=Social&utm_campaign=Houseplants&utm_term=Terrarium&utm_content=Explore,,,1,2026-08-24T19:05:40.662Z,2026-08-24T19:05:40.662Z,SFG starter database | Terrarium | GMB | Explore
528,completed_without_short_link,SFG,GMB,social,Houseplants,Houseplants,GMB,Social,Houseplants,Terrarium,,https://studleys.com/product-category/houseplants/terrarium/,https://studleys.com/product-category/houseplants/terrarium/?utm_source=GMB&utm_medium=Social&utm_campaign=Houseplants&utm_term=Terrarium,,,1,2026-08-24T19:05:40.662Z,2026-08-24T19:05:40.662Z,SFG starter database | Terrarium | GMB | {null}
529,completed_without_short_link,SFG,Instagram,social,Houseplants,Houseplants,Instagram,Social,Houseplants,Terrarium,Shop,https://studleys.com/product-category/houseplants/terrarium/,https://studleys.com/product-category/houseplants/terrarium/?utm_source=Instagram&utm_medium=Social&utm_campaign=Houseplants&utm_term=Terrarium&utm_content=Shop,,,1,2026-08-24T19:05:40.662Z,2026-08-24T19:05:40.662Z,SFG starter database | Terrarium | Instagram | Shop
530,completed_without_short_link,SFG,Instagram,social,Houseplants,Houseplants,Instagram,Social,Houseplants,Terrarium,Learn,https://studleys.com/product-category/houseplants/terrarium/,https://studleys.com/product-category/houseplants/terrarium/?utm_source=Instagram&utm_medium=Social&utm_campaign=Houseplants&utm_term=Terrarium&utm_content=Learn,,,1,2026-08-24T19:05:40.662Z,2026-08-24T19:05:40.662Z,SFG starter database | Terrarium | Instagram | Learn
531,completed_without_short_link,SFG,Instagram,social,Houseplants,Houseplants,Instagram,Social,Houseplants,Terrarium,Explore,https://studleys.com/product-category/houseplants/terrarium/,https://studleys.com/product-category/houseplants/terrarium/?utm_source=Instagram&utm_medium=Social&utm_campaign=Houseplants&utm_term=Terrarium&utm_content=Explore,,,1,2026-08-24T19:05:40.662Z,2026-08-24T19:05:40.662Z,SFG starter database | Terrarium | Instagram | Explore
532,completed_without_short_link,SFG,Instagram,social,Houseplants,Houseplants,Instagram,Social,Houseplants,Terrarium,,https://studleys.com/product-category/houseplants/terrarium/,https://studleys.com/product-category/houseplants/terrarium/?utm_source=Instagram&utm_medium=Social&utm_campaign=Houseplants&utm_term=Terrarium,,,1,2026-08-24T19:05:40.662Z,2026-08-24T19:05:40.662Z,SFG starter database | Terrarium | Instagram | {null}
533,completed_without_short_link,SFG,LinkedIn,social,Houseplants,Houseplants,LinkedIn,Social,Houseplants,Terrarium,Shop,https://studleys.com/product-category/houseplants/terrarium/,https://studleys.com/product-category/houseplants/terrarium/?utm_source=LinkedIn&utm_medium=Social&utm_campaign=Houseplants&utm_term=Terrarium&utm_content=Shop,,,1,2026-08-24T19:05:40.662Z,2026-08-24T19:05:40.662Z,SFG starter database | Terrarium | LinkedIn | Shop
534,completed_without_short_link,SFG,LinkedIn,social,Houseplants,Houseplants,LinkedIn,Social,Houseplants,Terrarium,Learn,https://studleys.com/product-category/houseplants/terrarium/,https://studleys.com/product-category/houseplants/terrarium/?utm_source=LinkedIn&utm_medium=Social&utm_campaign=Houseplants&utm_term=Terrarium&utm_content=Learn,,,1,2026-08-24T19:05:40.662Z,2026-08-24T19:05:40.662Z,SFG starter database | Terrarium | LinkedIn | Learn
535,completed_without_short_link,SFG,LinkedIn,social,Houseplants,Houseplants,LinkedIn,Social,Houseplants,Terrarium,Explore,https://studleys.com/product-category/houseplants/terrarium/,https://studleys.com/product-category/houseplants/terrarium/?utm_source=LinkedIn&utm_medium=Social&utm_campaign=Houseplants&utm_term=Terrarium&utm_content=Explore,,,1,2026-08-24T19:05:40.662Z,2026-08-24T19:05:40.662Z,SFG starter database | Terrarium | LinkedIn | Explore
536,completed_without_short_link,SFG,LinkedIn,social,Houseplants,Houseplants,LinkedIn,Social,Houseplants,Terrarium,,https://studleys.com/product-category/houseplants/terrarium/,https://studleys.com/product-category/houseplants/terrarium/?utm_source=LinkedIn&utm_medium=Social&utm_campaign=Houseplants&utm_term=Terrarium,,,1,2026-08-24T19:05:40.662Z,2026-08-24T19:05:40.662Z,SFG starter database | Terrarium | LinkedIn | {null}
537,completed_without_short_link,SFG,ConstantContact,email,Houseplants,Houseplants,ConstantContact,Email,Houseplants,Terrarium,Shop,https://studleys.com/product-category/houseplants/terrarium/,https://studleys.com/product-category/houseplants/terrarium/?utm_source=ConstantContact&utm_medium=Email&utm_campaign=Houseplants&utm_term=Terrarium&utm_content=Shop,,,1,2026-08-24T19:05:40.662Z,2026-08-24T19:05:40.662Z,SFG starter database | Terrarium | ConstantContact | Shop
538,completed_without_short_link,SFG,ConstantContact,email,Houseplants,Houseplants,ConstantContact,Email,Houseplants,Terrarium,Learn,https://studleys.com/product-category/houseplants/terrarium/,https://studleys.com/product-category/houseplants/terrarium/?utm_source=ConstantContact&utm_medium=Email&utm_campaign=Houseplants&utm_term=Terrarium&utm_content=Learn,,,1,2026-08-24T19:05:40.662Z,2026-08-24T19:05:40.662Z,SFG starter database | Terrarium | ConstantContact | Learn
539,completed_without_short_link,SFG,ConstantContact,email,Houseplants,Houseplants,ConstantContact,Email,Houseplants,Terrarium,Explore,https://studleys.com/product-category/houseplants/terrarium/,https://studleys.com/product-category/houseplants/terrarium/?utm_source=ConstantContact&utm_medium=Email&utm_campaign=Houseplants&utm_term=Terrarium&utm_content=Explore,,,1,2026-08-24T19:05:40.662Z,2026-08-24T19:05:40.662Z,SFG starter database | Terrarium | ConstantContact | Explore
540,completed_without_short_link,SFG,ConstantContact,email,Houseplants,Houseplants,ConstantContact,Email,Houseplants,Terrarium,,https://studleys.com/product-category/houseplants/terrarium/,https://studleys.com/product-category/houseplants/terrarium/?utm_source=ConstantContact&utm_medium=Email&utm_campaign=Houseplants&utm_term=Terrarium,,,1,2026-08-24T19:05:40.662Z,2026-08-24T19:05:40.662Z,SFG starter database | Terrarium | ConstantContact | {null}
541,completed_without_short_link,SFG,Facebook,social,Houseplants,Houseplants,Facebook,Social,Houseplants,Trailing,Shop,https://studleys.com/product-category/houseplants/trailing/,https://studleys.com/product-category/houseplants/trailing/?utm_source=Facebook&utm_medium=Social&utm_campaign=Houseplants&utm_term=Trailing&utm_content=Shop,,,1,2026-08-24T19:05:40.662Z,2026-08-24T19:05:40.662Z,SFG starter database | Trailing | Facebook | Shop
542,completed_without_short_link,SFG,Facebook,social,Houseplants,Houseplants,Facebook,Social,Houseplants,Trailing,Learn,https://studleys.com/product-category/houseplants/trailing/,https://studleys.com/product-category/houseplants/trailing/?utm_source=Facebook&utm_medium=Social&utm_campaign=Houseplants&utm_term=Trailing&utm_content=Learn,,,1,2026-08-24T19:05:40.662Z,2026-08-24T19:05:40.662Z,SFG starter database | Trailing | Facebook | Learn
543,completed_without_short_link,SFG,Facebook,social,Houseplants,Houseplants,Facebook,Social,Houseplants,Trailing,Explore,https://studleys.com/product-category/houseplants/trailing/,https://studleys.com/product-category/houseplants/trailing/?utm_source=Facebook&utm_medium=Social&utm_campaign=Houseplants&utm_term=Trailing&utm_content=Explore,,,1,2026-08-24T19:05:40.662Z,2026-08-24T19:05:40.662Z,SFG starter database | Trailing | Facebook | Explore
544,completed_without_short_link,SFG,Facebook,social,Houseplants,Houseplants,Facebook,Social,Houseplants,Trailing,,https://studleys.com/product-category/houseplants/trailing/,https://studleys.com/product-category/houseplants/trailing/?utm_source=Facebook&utm_medium=Social&utm_campaign=Houseplants&utm_term=Trailing,,,1,2026-08-24T19:05:40.662Z,2026-08-24T19:05:40.662Z,SFG starter database | Trailing | Facebook | {null}
545,completed_without_short_link,SFG,GMB,social,Houseplants,Houseplants,GMB,Social,Houseplants,Trailing,Shop,https://studleys.com/product-category/houseplants/trailing/,https://studleys.com/product-category/houseplants/trailing/?utm_source=GMB&utm_medium=Social&utm_campaign=Houseplants&utm_term=Trailing&utm_content=Shop,,,1,2026-08-24T19:05:40.662Z,2026-08-24T19:05:40.662Z,SFG starter database | Trailing | GMB | Shop
546,completed_without_short_link,SFG,GMB,social,Houseplants,Houseplants,GMB,Social,Houseplants,Trailing,Learn,https://studleys.com/product-category/houseplants/trailing/,https://studleys.com/product-category/houseplants/trailing/?utm_source=GMB&utm_medium=Social&utm_campaign=Houseplants&utm_term=Trailing&utm_content=Learn,,,1,2026-08-24T19:05:40.662Z,2026-08-24T19:05:40.662Z,SFG starter database | Trailing | GMB | Learn
547,completed_without_short_link,SFG,GMB,social,Houseplants,Houseplants,GMB,Social,Houseplants,Trailing,Explore,https://studleys.com/product-category/houseplants/trailing/,https://studleys.com/product-category/houseplants/trailing/?utm_source=GMB&utm_medium=Social&utm_campaign=Houseplants&utm_term=Trailing&utm_content=Explore,,,1,2026-08-24T19:05:40.662Z,2026-08-24T19:05:40.662Z,SFG starter database | Trailing | GMB | Explore
548,completed_without_short_link,SFG,GMB,social,Houseplants,Houseplants,GMB,Social,Houseplants,Trailing,,https://studleys.com/product-category/houseplants/trailing/,https://studleys.com/product-category/houseplants/trailing/?utm_source=GMB&utm_medium=Social&utm_campaign=Houseplants&utm_term=Trailing,,,1,2026-08-24T19:05:40.662Z,2026-08-24T19:05:40.662Z,SFG starter database | Trailing | GMB | {null}
549,completed_without_short_link,SFG,Instagram,social,Houseplants,Houseplants,Instagram,Social,Houseplants,Trailing,Shop,https://studleys.com/product-category/houseplants/trailing/,https://studleys.com/product-category/houseplants/trailing/?utm_source=Instagram&utm_medium=Social&utm_campaign=Houseplants&utm_term=Trailing&utm_content=Shop,,,1,2026-08-24T19:05:40.662Z,2026-08-24T19:05:40.662Z,SFG starter database | Trailing | Instagram | Shop
550,completed_without_short_link,SFG,Instagram,social,Houseplants,Houseplants,Instagram,Social,Houseplants,Trailing,Learn,https://studleys.com/product-category/houseplants/trailing/,https://studleys.com/product-category/houseplants/trailing/?utm_source=Instagram&utm_medium=Social&utm_campaign=Houseplants&utm_term=Trailing&utm_content=Learn,,,1,2026-08-24T19:05:40.662Z,2026-08-24T19:05:40.662Z,SFG starter database | Trailing | Instagram | Learn
551,completed_without_short_link,SFG,Instagram,social,Houseplants,Houseplants,Instagram,Social,Houseplants,Trailing,Explore,https://studleys.com/product-category/houseplants/trailing/,https://studleys.com/product-category/houseplants/trailing/?utm_source=Instagram&utm_medium=Social&utm_campaign=Houseplants&utm_term=Trailing&utm_content=Explore,,,1,2026-08-24T19:05:40.662Z,2026-08-24T19:05:40.662Z,SFG starter database | Trailing | Instagram | Explore
552,completed_without_short_link,SFG,Instagram,social,Houseplants,Houseplants,Instagram,Social,Houseplants,Trailing,,https://studleys.com/product-category/houseplants/trailing/,https://studleys.com/product-category/houseplants/trailing/?utm_source=Instagram&utm_medium=Social&utm_campaign=Houseplants&utm_term=Trailing,,,1,2026-08-24T19:05:40.662Z,2026-08-24T19:05:40.662Z,SFG starter database | Trailing | Instagram | {null}
553,completed_without_short_link,SFG,LinkedIn,social,Houseplants,Houseplants,LinkedIn,Social,Houseplants,Trailing,Shop,https://studleys.com/product-category/houseplants/trailing/,https://studleys.com/product-category/houseplants/trailing/?utm_source=LinkedIn&utm_medium=Social&utm_campaign=Houseplants&utm_term=Trailing&utm_content=Shop,,,1,2026-08-24T19:05:40.662Z,2026-08-24T19:05:40.662Z,SFG starter database | Trailing | LinkedIn | Shop
554,completed_without_short_link,SFG,LinkedIn,social,Houseplants,Houseplants,LinkedIn,Social,Houseplants,Trailing,Learn,https://studleys.com/product-category/houseplants/trailing/,https://studleys.com/product-category/houseplants/trailing/?utm_source=LinkedIn&utm_medium=Social&utm_campaign=Houseplants&utm_term=Trailing&utm_content=Learn,,,1,2026-08-24T19:05:40.662Z,2026-08-24T19:05:40.662Z,SFG starter database | Trailing | LinkedIn | Learn
555,completed_without_short_link,SFG,LinkedIn,social,Houseplants,Houseplants,LinkedIn,Social,Houseplants,Trailing,Explore,https://studleys.com/product-category/houseplants/trailing/,https://studleys.com/product-category/houseplants/trailing/?utm_source=LinkedIn&utm_medium=Social&utm_campaign=Houseplants&utm_term=Trailing&utm_content=Explore,,,1,2026-08-24T19:05:40.662Z,2026-08-24T19:05:40.662Z,SFG starter database | Trailing | LinkedIn | Explore
556,completed_without_short_link,SFG,LinkedIn,social,Houseplants,Houseplants,LinkedIn,Social,Houseplants,Trailing,,https://studleys.com/product-category/houseplants/trailing/,https://studleys.com/product-category/houseplants/trailing/?utm_source=LinkedIn&utm_medium=Social&utm_campaign=Houseplants&utm_term=Trailing,,,1,2026-08-24T19:05:40.662Z,2026-08-24T19:05:40.662Z,SFG starter database | Trailing | LinkedIn | {null}
557,completed_without_short_link,SFG,ConstantContact,email,Houseplants,Houseplants,ConstantContact,Email,Houseplants,Trailing,Shop,https://studleys.com/product-category/houseplants/trailing/,https://studleys.com/product-category/houseplants/trailing/?utm_source=ConstantContact&utm_medium=Email&utm_campaign=Houseplants&utm_term=Trailing&utm_content=Shop,,,1,2026-08-24T19:05:40.662Z,2026-08-24T19:05:40.662Z,SFG starter database | Trailing | ConstantContact | Shop
558,completed_without_short_link,SFG,ConstantContact,email,Houseplants,Houseplants,ConstantContact,Email,Houseplants,Trailing,Learn,https://studleys.com/product-category/houseplants/trailing/,https://studleys.com/product-category/houseplants/trailing/?utm_source=ConstantContact&utm_medium=Email&utm_campaign=Houseplants&utm_term=Trailing&utm_content=Learn,,,1,2026-08-24T19:05:40.662Z,2026-08-24T19:05:40.662Z,SFG starter database | Trailing | ConstantContact | Learn
559,completed_without_short_link,SFG,ConstantContact,email,Houseplants,Houseplants,ConstantContact,Email,Houseplants,Trailing,Explore,https://studleys.com/product-category/houseplants/trailing/,https://studleys.com/product-category/houseplants/trailing/?utm_source=ConstantContact&utm_medium=Email&utm_campaign=Houseplants&utm_term=Trailing&utm_content=Explore,,,1,2026-08-24T19:05:40.662Z,2026-08-24T19:05:40.662Z,SFG starter database | Trailing | ConstantContact | Explore
560,completed_without_short_link,SFG,ConstantContact,email,Houseplants,Houseplants,ConstantContact,Email,Houseplants,Trailing,,https://studleys.com/product-category/houseplants/trailing/,https://studleys.com/product-category/houseplants/trailing/?utm_source=ConstantContact&utm_medium=Email&utm_campaign=Houseplants&utm_term=Trailing,,,1,2026-08-24T19:05:40.662Z,2026-08-24T19:05:40.662Z,SFG starter database | Trailing | ConstantContact | {null}
561,completed_without_short_link,SFG,Facebook,social,Houseplants,Houseplants,Facebook,Social,Houseplants,Windowsill,Shop,https://studleys.com/product-category/houseplants/windowsill/,https://studleys.com/product-category/houseplants/windowsill/?utm_source=Facebook&utm_medium=Social&utm_campaign=Houseplants&utm_term=Windowsill&utm_content=Shop,,,1,2026-08-24T19:05:40.662Z,2026-08-24T19:05:40.662Z,SFG starter database | Windowsill | Facebook | Shop
562,completed_without_short_link,SFG,Facebook,social,Houseplants,Houseplants,Facebook,Social,Houseplants,Windowsill,Learn,https://studleys.com/product-category/houseplants/windowsill/,https://studleys.com/product-category/houseplants/windowsill/?utm_source=Facebook&utm_medium=Social&utm_campaign=Houseplants&utm_term=Windowsill&utm_content=Learn,,,1,2026-08-24T19:05:40.662Z,2026-08-24T19:05:40.662Z,SFG starter database | Windowsill | Facebook | Learn
563,completed_without_short_link,SFG,Facebook,social,Houseplants,Houseplants,Facebook,Social,Houseplants,Windowsill,Explore,https://studleys.com/product-category/houseplants/windowsill/,https://studleys.com/product-category/houseplants/windowsill/?utm_source=Facebook&utm_medium=Social&utm_campaign=Houseplants&utm_term=Windowsill&utm_content=Explore,,,1,2026-08-24T19:05:40.662Z,2026-08-24T19:05:40.662Z,SFG starter database | Windowsill | Facebook | Explore
564,completed_without_short_link,SFG,Facebook,social,Houseplants,Houseplants,Facebook,Social,Houseplants,Windowsill,,https://studleys.com/product-category/houseplants/windowsill/,https://studleys.com/product-category/houseplants/windowsill/?utm_source=Facebook&utm_medium=Social&utm_campaign=Houseplants&utm_term=Windowsill,,,1,2026-08-24T19:05:40.662Z,2026-08-24T19:05:40.662Z,SFG starter database | Windowsill | Facebook | {null}
565,completed_without_short_link,SFG,GMB,social,Houseplants,Houseplants,GMB,Social,Houseplants,Windowsill,Shop,https://studleys.com/product-category/houseplants/windowsill/,https://studleys.com/product-category/houseplants/windowsill/?utm_source=GMB&utm_medium=Social&utm_campaign=Houseplants&utm_term=Windowsill&utm_content=Shop,,,1,2026-08-24T19:05:40.662Z,2026-08-24T19:05:40.662Z,SFG starter database | Windowsill | GMB | Shop
566,completed_without_short_link,SFG,GMB,social,Houseplants,Houseplants,GMB,Social,Houseplants,Windowsill,Learn,https://studleys.com/product-category/houseplants/windowsill/,https://studleys.com/product-category/houseplants/windowsill/?utm_source=GMB&utm_medium=Social&utm_campaign=Houseplants&utm_term=Windowsill&utm_content=Learn,,,1,2026-08-24T19:05:40.662Z,2026-08-24T19:05:40.662Z,SFG starter database | Windowsill | GMB | Learn
567,completed_without_short_link,SFG,GMB,social,Houseplants,Houseplants,GMB,Social,Houseplants,Windowsill,Explore,https://studleys.com/product-category/houseplants/windowsill/,https://studleys.com/product-category/houseplants/windowsill/?utm_source=GMB&utm_medium=Social&utm_campaign=Houseplants&utm_term=Windowsill&utm_content=Explore,,,1,2026-08-24T19:05:40.662Z,2026-08-24T19:05:40.662Z,SFG starter database | Windowsill | GMB | Explore
568,completed_without_short_link,SFG,GMB,social,Houseplants,Houseplants,GMB,Social,Houseplants,Windowsill,,https://studleys.com/product-category/houseplants/windowsill/,https://studleys.com/product-category/houseplants/windowsill/?utm_source=GMB&utm_medium=Social&utm_campaign=Houseplants&utm_term=Windowsill,,,1,2026-08-24T19:05:40.662Z,2026-08-24T19:05:40.662Z,SFG starter database | Windowsill | GMB | {null}
569,completed_without_short_link,SFG,Instagram,social,Houseplants,Houseplants,Instagram,Social,Houseplants,Windowsill,Shop,https://studleys.com/product-category/houseplants/windowsill/,https://studleys.com/product-category/houseplants/windowsill/?utm_source=Instagram&utm_medium=Social&utm_campaign=Houseplants&utm_term=Windowsill&utm_content=Shop,,,1,2026-08-24T19:05:40.662Z,2026-08-24T19:05:40.662Z,SFG starter database | Windowsill | Instagram | Shop
570,completed_without_short_link,SFG,Instagram,social,Houseplants,Houseplants,Instagram,Social,Houseplants,Windowsill,Learn,https://studleys.com/product-category/houseplants/windowsill/,https://studleys.com/product-category/houseplants/windowsill/?utm_source=Instagram&utm_medium=Social&utm_campaign=Houseplants&utm_term=Windowsill&utm_content=Learn,,,1,2026-08-24T19:05:40.662Z,2026-08-24T19:05:40.662Z,SFG starter database | Windowsill | Instagram | Learn
571,completed_without_short_link,SFG,Instagram,social,Houseplants,Houseplants,Instagram,Social,Houseplants,Windowsill,Explore,https://studleys.com/product-category/houseplants/windowsill/,https://studleys.com/product-category/houseplants/windowsill/?utm_source=Instagram&utm_medium=Social&utm_campaign=Houseplants&utm_term=Windowsill&utm_content=Explore,,,1,2026-08-24T19:05:40.662Z,2026-08-24T19:05:40.662Z,SFG starter database | Windowsill | Instagram | Explore
572,completed_without_short_link,SFG,Instagram,social,Houseplants,Houseplants,Instagram,Social,Houseplants,Windowsill,,https://studleys.com/product-category/houseplants/windowsill/,https://studleys.com/product-category/houseplants/windowsill/?utm_source=Instagram&utm_medium=Social&utm_campaign=Houseplants&utm_term=Windowsill,,,1,2026-08-24T19:05:40.662Z,2026-08-24T19:05:40.662Z,SFG starter database | Windowsill | Instagram | {null}
573,completed_without_short_link,SFG,LinkedIn,social,Houseplants,Houseplants,LinkedIn,Social,Houseplants,Windowsill,Shop,https://studleys.com/product-category/houseplants/windowsill/,https://studleys.com/product-category/houseplants/windowsill/?utm_source=LinkedIn&utm_medium=Social&utm_campaign=Houseplants&utm_term=Windowsill&utm_content=Shop,,,1,2026-08-24T19:05:40.662Z,2026-08-24T19:05:40.662Z,SFG starter database | Windowsill | LinkedIn | Shop
574,completed_without_short_link,SFG,LinkedIn,social,Houseplants,Houseplants,LinkedIn,Social,Houseplants,Windowsill,Learn,https://studleys.com/product-category/houseplants/windowsill/,https://studleys.com/product-category/houseplants/windowsill/?utm_source=LinkedIn&utm_medium=Social&utm_campaign=Houseplants&utm_term=Windowsill&utm_content=Learn,,,1,2026-08-24T19:05:40.662Z,2026-08-24T19:05:40.662Z,SFG starter database | Windowsill | LinkedIn | Learn
575,completed_without_short_link,SFG,LinkedIn,social,Houseplants,Houseplants,LinkedIn,Social,Houseplants,Windowsill,Explore,https://studleys.com/product-category/houseplants/windowsill/,https://studleys.com/product-category/houseplants/windowsill/?utm_source=LinkedIn&utm_medium=Social&utm_campaign=Houseplants&utm_term=Windowsill&utm_content=Explore,,,1,2026-08-24T19:05:40.662Z,2026-08-24T19:05:40.662Z,SFG starter database | Windowsill | LinkedIn | Explore
576,completed_without_short_link,SFG,LinkedIn,social,Houseplants,Houseplants,LinkedIn,Social,Houseplants,Windowsill,,https://studleys.com/product-category/houseplants/windowsill/,https://studleys.com/product-category/houseplants/windowsill/?utm_source=LinkedIn&utm_medium=Social&utm_campaign=Houseplants&utm_term=Windowsill,,,1,2026-08-24T19:05:40.662Z,2026-08-24T19:05:40.662Z,SFG starter database | Windowsill | LinkedIn | {null}
577,completed_without_short_link,SFG,ConstantContact,email,Houseplants,Houseplants,ConstantContact,Email,Houseplants,Windowsill,Shop,https://studleys.com/product-category/houseplants/windowsill/,https://studleys.com/product-category/houseplants/windowsill/?utm_source=ConstantContact&utm_medium=Email&utm_campaign=Houseplants&utm_term=Windowsill&utm_content=Shop,,,1,2026-08-24T19:05:40.662Z,2026-08-24T19:05:40.662Z,SFG starter database | Windowsill | ConstantContact | Shop
578,completed_without_short_link,SFG,ConstantContact,email,Houseplants,Houseplants,ConstantContact,Email,Houseplants,Windowsill,Learn,https://studleys.com/product-category/houseplants/windowsill/,https://studleys.com/product-category/houseplants/windowsill/?utm_source=ConstantContact&utm_medium=Email&utm_campaign=Houseplants&utm_term=Windowsill&utm_content=Learn,,,1,2026-08-24T19:05:40.662Z,2026-08-24T19:05:40.662Z,SFG starter database | Windowsill | ConstantContact | Learn
579,completed_without_short_link,SFG,ConstantContact,email,Houseplants,Houseplants,ConstantContact,Email,Houseplants,Windowsill,Explore,https://studleys.com/product-category/houseplants/windowsill/,https://studleys.com/product-category/houseplants/windowsill/?utm_source=ConstantContact&utm_medium=Email&utm_campaign=Houseplants&utm_term=Windowsill&utm_content=Explore,,,1,2026-08-24T19:05:40.662Z,2026-08-24T19:05:40.662Z,SFG starter database | Windowsill | ConstantContact | Explore
580,completed_without_short_link,SFG,ConstantContact,email,Houseplants,Houseplants,ConstantContact,Email,Houseplants,Windowsill,,https://studleys.com/product-category/houseplants/windowsill/,https://studleys.com/product-category/houseplants/windowsill/?utm_source=ConstantContact&utm_medium=Email&utm_campaign=Houseplants&utm_term=Windowsill,,,1,2026-08-24T19:05:40.662Z,2026-08-24T19:05:40.662Z,SFG starter database | Windowsill | ConstantContact | {null}
581,completed_without_short_link,SFG,Facebook,social,Houseplants,Houseplants,Facebook,Social,Houseplants,Blooming,Shop,https://studleys.com/product-category/houseplants/blooming/,https://studleys.com/product-category/houseplants/blooming/?utm_source=Facebook&utm_medium=Social&utm_campaign=Houseplants&utm_term=Blooming&utm_content=Shop,,,1,2026-08-24T19:05:40.662Z,2026-08-24T19:05:40.662Z,SFG starter database | Blooming | Facebook | Shop
582,completed_without_short_link,SFG,Facebook,social,Houseplants,Houseplants,Facebook,Social,Houseplants,Blooming,Learn,https://studleys.com/product-category/houseplants/blooming/,https://studleys.com/product-category/houseplants/blooming/?utm_source=Facebook&utm_medium=Social&utm_campaign=Houseplants&utm_term=Blooming&utm_content=Learn,,,1,2026-08-24T19:05:40.662Z,2026-08-24T19:05:40.662Z,SFG starter database | Blooming | Facebook | Learn
583,completed_without_short_link,SFG,Facebook,social,Houseplants,Houseplants,Facebook,Social,Houseplants,Blooming,Explore,https://studleys.com/product-category/houseplants/blooming/,https://studleys.com/product-category/houseplants/blooming/?utm_source=Facebook&utm_medium=Social&utm_campaign=Houseplants&utm_term=Blooming&utm_content=Explore,,,1,2026-08-24T19:05:40.662Z,2026-08-24T19:05:40.662Z,SFG starter database | Blooming | Facebook | Explore
584,completed_without_short_link,SFG,Facebook,social,Houseplants,Houseplants,Facebook,Social,Houseplants,Blooming,,https://studleys.com/product-category/houseplants/blooming/,https://studleys.com/product-category/houseplants/blooming/?utm_source=Facebook&utm_medium=Social&utm_campaign=Houseplants&utm_term=Blooming,,,1,2026-08-24T19:05:40.662Z,2026-08-24T19:05:40.662Z,SFG starter database | Blooming | Facebook | {null}
585,completed_without_short_link,SFG,GMB,social,Houseplants,Houseplants,GMB,Social,Houseplants,Blooming,Shop,https://studleys.com/product-category/houseplants/blooming/,https://studleys.com/product-category/houseplants/blooming/?utm_source=GMB&utm_medium=Social&utm_campaign=Houseplants&utm_term=Blooming&utm_content=Shop,,,1,2026-08-24T19:05:40.662Z,2026-08-24T19:05:40.662Z,SFG starter database | Blooming | GMB | Shop
586,completed_without_short_link,SFG,GMB,social,Houseplants,Houseplants,GMB,Social,Houseplants,Blooming,Learn,https://studleys.com/product-category/houseplants/blooming/,https://studleys.com/product-category/houseplants/blooming/?utm_source=GMB&utm_medium=Social&utm_campaign=Houseplants&utm_term=Blooming&utm_content=Learn,,,1,2026-08-24T19:05:40.662Z,2026-08-24T19:05:40.662Z,SFG starter database | Blooming | GMB | Learn
587,completed_without_short_link,SFG,GMB,social,Houseplants,Houseplants,GMB,Social,Houseplants,Blooming,Explore,https://studleys.com/product-category/houseplants/blooming/,https://studleys.com/product-category/houseplants/blooming/?utm_source=GMB&utm_medium=Social&utm_campaign=Houseplants&utm_term=Blooming&utm_content=Explore,,,1,2026-08-24T19:05:40.662Z,2026-08-24T19:05:40.662Z,SFG starter database | Blooming | GMB | Explore
588,completed_without_short_link,SFG,GMB,social,Houseplants,Houseplants,GMB,Social,Houseplants,Blooming,,https://studleys.com/product-category/houseplants/blooming/,https://studleys.com/product-category/houseplants/blooming/?utm_source=GMB&utm_medium=Social&utm_campaign=Houseplants&utm_term=Blooming,,,1,2026-08-24T19:05:40.662Z,2026-08-24T19:05:40.662Z,SFG starter database | Blooming | GMB | {null}
589,completed_without_short_link,SFG,Instagram,social,Houseplants,Houseplants,Instagram,Social,Houseplants,Blooming,Shop,https://studleys.com/product-category/houseplants/blooming/,https://studleys.com/product-category/houseplants/blooming/?utm_source=Instagram&utm_medium=Social&utm_campaign=Houseplants&utm_term=Blooming&utm_content=Shop,,,1,2026-08-24T19:05:40.662Z,2026-08-24T19:05:40.662Z,SFG starter database | Blooming | Instagram | Shop
590,completed_without_short_link,SFG,Instagram,social,Houseplants,Houseplants,Instagram,Social,Houseplants,Blooming,Learn,https://studleys.com/product-category/houseplants/blooming/,https://studleys.com/product-category/houseplants/blooming/?utm_source=Instagram&utm_medium=Social&utm_campaign=Houseplants&utm_term=Blooming&utm_content=Learn,,,1,2026-08-24T19:05:40.662Z,2026-08-24T19:05:40.662Z,SFG starter database | Blooming | Instagram | Learn
591,completed_without_short_link,SFG,Instagram,social,Houseplants,Houseplants,Instagram,Social,Houseplants,Blooming,Explore,https://studleys.com/product-category/houseplants/blooming/,https://studleys.com/product-category/houseplants/blooming/?utm_source=Instagram&utm_medium=Social&utm_campaign=Houseplants&utm_term=Blooming&utm_content=Explore,,,1,2026-08-24T19:05:40.662Z,2026-08-24T19:05:40.662Z,SFG starter database | Blooming | Instagram | Explore
592,completed_without_short_link,SFG,Instagram,social,Houseplants,Houseplants,Instagram,Social,Houseplants,Blooming,,https://studleys.com/product-category/houseplants/blooming/,https://studleys.com/product-category/houseplants/blooming/?utm_source=Instagram&utm_medium=Social&utm_campaign=Houseplants&utm_term=Blooming,,,1,2026-08-24T19:05:40.662Z,2026-08-24T19:05:40.662Z,SFG starter database | Blooming | Instagram | {null}
593,completed_without_short_link,SFG,LinkedIn,social,Houseplants,Houseplants,LinkedIn,Social,Houseplants,Blooming,Shop,https://studleys.com/product-category/houseplants/blooming/,https://studleys.com/product-category/houseplants/blooming/?utm_source=LinkedIn&utm_medium=Social&utm_campaign=Houseplants&utm_term=Blooming&utm_content=Shop,,,1,2026-08-24T19:05:40.662Z,2026-08-24T19:05:40.662Z,SFG starter database | Blooming | LinkedIn | Shop
594,completed_without_short_link,SFG,LinkedIn,social,Houseplants,Houseplants,LinkedIn,Social,Houseplants,Blooming,Learn,https://studleys.com/product-category/houseplants/blooming/,https://studleys.com/product-category/houseplants/blooming/?utm_source=LinkedIn&utm_medium=Social&utm_campaign=Houseplants&utm_term=Blooming&utm_content=Learn,,,1,2026-08-24T19:05:40.662Z,2026-08-24T19:05:40.662Z,SFG starter database | Blooming | LinkedIn | Learn
595,completed_without_short_link,SFG,LinkedIn,social,Houseplants,Houseplants,LinkedIn,Social,Houseplants,Blooming,Explore,https://studleys.com/product-category/houseplants/blooming/,https://studleys.com/product-category/houseplants/blooming/?utm_source=LinkedIn&utm_medium=Social&utm_campaign=Houseplants&utm_term=Blooming&utm_content=Explore,,,1,2026-08-24T19:05:40.662Z,2026-08-24T19:05:40.662Z,SFG starter database | Blooming | LinkedIn | Explore
596,completed_without_short_link,SFG,LinkedIn,social,Houseplants,Houseplants,LinkedIn,Social,Houseplants,Blooming,,https://studleys.com/product-category/houseplants/blooming/,https://studleys.com/product-category/houseplants/blooming/?utm_source=LinkedIn&utm_medium=Social&utm_campaign=Houseplants&utm_term=Blooming,,,1,2026-08-24T19:05:40.662Z,2026-08-24T19:05:40.662Z,SFG starter database | Blooming | LinkedIn | {null}
597,completed_without_short_link,SFG,ConstantContact,email,Houseplants,Houseplants,ConstantContact,Email,Houseplants,Blooming,Shop,https://studleys.com/product-category/houseplants/blooming/,https://studleys.com/product-category/houseplants/blooming/?utm_source=ConstantContact&utm_medium=Email&utm_campaign=Houseplants&utm_term=Blooming&utm_content=Shop,,,1,2026-08-24T19:05:40.662Z,2026-08-24T19:05:40.662Z,SFG starter database | Blooming | ConstantContact | Shop
598,completed_without_short_link,SFG,ConstantContact,email,Houseplants,Houseplants,ConstantContact,Email,Houseplants,Blooming,Learn,https://studleys.com/product-category/houseplants/blooming/,https://studleys.com/product-category/houseplants/blooming/?utm_source=ConstantContact&utm_medium=Email&utm_campaign=Houseplants&utm_term=Blooming&utm_content=Learn,,,1,2026-08-24T19:05:40.662Z,2026-08-24T19:05:40.662Z,SFG starter database | Blooming | ConstantContact | Learn
599,completed_without_short_link,SFG,ConstantContact,email,Houseplants,Houseplants,ConstantContact,Email,Houseplants,Blooming,Explore,https://studleys.com/product-category/houseplants/blooming/,https://studleys.com/product-category/houseplants/blooming/?utm_source=ConstantContact&utm_medium=Email&utm_campaign=Houseplants&utm_term=Blooming&utm_content=Explore,,,1,2026-08-24T19:05:40.662Z,2026-08-24T19:05:40.662Z,SFG starter database | Blooming | ConstantContact | Explore
600,completed_without_short_link,SFG,ConstantContact,email,Houseplants,Houseplants,ConstantContact,Email,Houseplants,Blooming,,https://studleys.com/product-category/houseplants/blooming/,https://studleys.com/product-category/houseplants/blooming/?utm_source=ConstantContact&utm_medium=Email&utm_campaign=Houseplants&utm_term=Blooming,,,1,2026-08-24T19:05:40.662Z,2026-08-24T19:05:40.662Z,SFG starter database | Blooming | ConstantContact | {null}
601,completed_without_short_link,SFG,Facebook,social,Houseplants,Houseplants,Facebook,Social,Houseplants,AirPurifying,Shop,https://studleys.com/product-category/houseplants/air-purifying/,https://studleys.com/product-category/houseplants/air-purifying/?utm_source=Facebook&utm_medium=Social&utm_campaign=Houseplants&utm_term=AirPurifying&utm_content=Shop,,,1,2026-08-24T19:05:40.662Z,2026-08-24T19:05:40.662Z,SFG starter database | Air Purifying | Facebook | Shop
602,completed_without_short_link,SFG,Facebook,social,Houseplants,Houseplants,Facebook,Social,Houseplants,AirPurifying,Learn,https://studleys.com/product-category/houseplants/air-purifying/,https://studleys.com/product-category/houseplants/air-purifying/?utm_source=Facebook&utm_medium=Social&utm_campaign=Houseplants&utm_term=AirPurifying&utm_content=Learn,,,1,2026-08-24T19:05:40.662Z,2026-08-24T19:05:40.662Z,SFG starter database | Air Purifying | Facebook | Learn
603,completed_without_short_link,SFG,Facebook,social,Houseplants,Houseplants,Facebook,Social,Houseplants,AirPurifying,Explore,https://studleys.com/product-category/houseplants/air-purifying/,https://studleys.com/product-category/houseplants/air-purifying/?utm_source=Facebook&utm_medium=Social&utm_campaign=Houseplants&utm_term=AirPurifying&utm_content=Explore,,,1,2026-08-24T19:05:40.662Z,2026-08-24T19:05:40.662Z,SFG starter database | Air Purifying | Facebook | Explore
604,completed_without_short_link,SFG,Facebook,social,Houseplants,Houseplants,Facebook,Social,Houseplants,AirPurifying,,https://studleys.com/product-category/houseplants/air-purifying/,https://studleys.com/product-category/houseplants/air-purifying/?utm_source=Facebook&utm_medium=Social&utm_campaign=Houseplants&utm_term=AirPurifying,,,1,2026-08-24T19:05:40.662Z,2026-08-24T19:05:40.662Z,SFG starter database | Air Purifying | Facebook | {null}
605,completed_without_short_link,SFG,GMB,social,Houseplants,Houseplants,GMB,Social,Houseplants,AirPurifying,Shop,https://studleys.com/product-category/houseplants/air-purifying/,https://studleys.com/product-category/houseplants/air-purifying/?utm_source=GMB&utm_medium=Social&utm_campaign=Houseplants&utm_term=AirPurifying&utm_content=Shop,,,1,2026-08-24T19:05:40.662Z,2026-08-24T19:05:40.662Z,SFG starter database | Air Purifying | GMB | Shop
606,completed_without_short_link,SFG,GMB,social,Houseplants,Houseplants,GMB,Social,Houseplants,AirPurifying,Learn,https://studleys.com/product-category/houseplants/air-purifying/,https://studleys.com/product-category/houseplants/air-purifying/?utm_source=GMB&utm_medium=Social&utm_campaign=Houseplants&utm_term=AirPurifying&utm_content=Learn,,,1,2026-08-24T19:05:40.662Z,2026-08-24T19:05:40.662Z,SFG starter database | Air Purifying | GMB | Learn
607,completed_without_short_link,SFG,GMB,social,Houseplants,Houseplants,GMB,Social,Houseplants,AirPurifying,Explore,https://studleys.com/product-category/houseplants/air-purifying/,https://studleys.com/product-category/houseplants/air-purifying/?utm_source=GMB&utm_medium=Social&utm_campaign=Houseplants&utm_term=AirPurifying&utm_content=Explore,,,1,2026-08-24T19:05:40.662Z,2026-08-24T19:05:40.662Z,SFG starter database | Air Purifying | GMB | Explore
608,completed_without_short_link,SFG,GMB,social,Houseplants,Houseplants,GMB,Social,Houseplants,AirPurifying,,https://studleys.com/product-category/houseplants/air-purifying/,https://studleys.com/product-category/houseplants/air-purifying/?utm_source=GMB&utm_medium=Social&utm_campaign=Houseplants&utm_term=AirPurifying,,,1,2026-08-24T19:05:40.662Z,2026-08-24T19:05:40.662Z,SFG starter database | Air Purifying | GMB | {null}
609,completed_without_short_link,SFG,Instagram,social,Houseplants,Houseplants,Instagram,Social,Houseplants,AirPurifying,Shop,https://studleys.com/product-category/houseplants/air-purifying/,https://studleys.com/product-category/houseplants/air-purifying/?utm_source=Instagram&utm_medium=Social&utm_campaign=Houseplants&utm_term=AirPurifying&utm_content=Shop,,,1,2026-08-24T19:05:40.662Z,2026-08-24T19:05:40.662Z,SFG starter database | Air Purifying | Instagram | Shop
610,completed_without_short_link,SFG,Instagram,social,Houseplants,Houseplants,Instagram,Social,Houseplants,AirPurifying,Learn,https://studleys.com/product-category/houseplants/air-purifying/,https://studleys.com/product-category/houseplants/air-purifying/?utm_source=Instagram&utm_medium=Social&utm_campaign=Houseplants&utm_term=AirPurifying&utm_content=Learn,,,1,2026-08-24T19:05:40.662Z,2026-08-24T19:05:40.662Z,SFG starter database | Air Purifying | Instagram | Learn
611,completed_without_short_link,SFG,Instagram,social,Houseplants,Houseplants,Instagram,Social,Houseplants,AirPurifying,Explore,https://studleys.com/product-category/houseplants/air-purifying/,https://studleys.com/product-category/houseplants/air-purifying/?utm_source=Instagram&utm_medium=Social&utm_campaign=Houseplants&utm_term=AirPurifying&utm_content=Explore,,,1,2026-08-24T19:05:40.662Z,2026-08-24T19:05:40.662Z,SFG starter database | Air Purifying | Instagram | Explore
612,completed_without_short_link,SFG,Instagram,social,Houseplants,Houseplants,Instagram,Social,Houseplants,AirPurifying,,https://studleys.com/product-category/houseplants/air-purifying/,https://studleys.com/product-category/houseplants/air-purifying/?utm_source=Instagram&utm_medium=Social&utm_campaign=Houseplants&utm_term=AirPurifying,,,1,2026-08-24T19:05:40.662Z,2026-08-24T19:05:40.662Z,SFG starter database | Air Purifying | Instagram | {null}
613,completed_without_short_link,SFG,LinkedIn,social,Houseplants,Houseplants,LinkedIn,Social,Houseplants,AirPurifying,Shop,https://studleys.com/product-category/houseplants/air-purifying/,https://studleys.com/product-category/houseplants/air-purifying/?utm_source=LinkedIn&utm_medium=Social&utm_campaign=Houseplants&utm_term=AirPurifying&utm_content=Shop,,,1,2026-08-24T19:05:40.662Z,2026-08-24T19:05:40.662Z,SFG starter database | Air Purifying | LinkedIn | Shop
614,completed_without_short_link,SFG,LinkedIn,social,Houseplants,Houseplants,LinkedIn,Social,Houseplants,AirPurifying,Learn,https://studleys.com/product-category/houseplants/air-purifying/,https://studleys.com/product-category/houseplants/air-purifying/?utm_source=LinkedIn&utm_medium=Social&utm_campaign=Houseplants&utm_term=AirPurifying&utm_content=Learn,,,1,2026-08-24T19:05:40.662Z,2026-08-24T19:05:40.662Z,SFG starter database | Air Purifying | LinkedIn | Learn
615,completed_without_short_link,SFG,LinkedIn,social,Houseplants,Houseplants,LinkedIn,Social,Houseplants,AirPurifying,Explore,https://studleys.com/product-category/houseplants/air-purifying/,https://studleys.com/product-category/houseplants/air-purifying/?utm_source=LinkedIn&utm_medium=Social&utm_campaign=Houseplants&utm_term=AirPurifying&utm_content=Explore,,,1,2026-08-24T19:05:40.662Z,2026-08-24T19:05:40.662Z,SFG starter database | Air Purifying | LinkedIn | Explore
616,completed_without_short_link,SFG,LinkedIn,social,Houseplants,Houseplants,LinkedIn,Social,Houseplants,AirPurifying,,https://studleys.com/product-category/houseplants/air-purifying/,https://studleys.com/product-category/houseplants/air-purifying/?utm_source=LinkedIn&utm_medium=Social&utm_campaign=Houseplants&utm_term=AirPurifying,,,1,2026-08-24T19:05:40.662Z,2026-08-24T19:05:40.662Z,SFG starter database | Air Purifying | LinkedIn | {null}
617,completed_without_short_link,SFG,ConstantContact,email,Houseplants,Houseplants,ConstantContact,Email,Houseplants,AirPurifying,Shop,https://studleys.com/product-category/houseplants/air-purifying/,https://studleys.com/product-category/houseplants/air-purifying/?utm_source=ConstantContact&utm_medium=Email&utm_campaign=Houseplants&utm_term=AirPurifying&utm_content=Shop,,,1,2026-08-24T19:05:40.662Z,2026-08-24T19:05:40.662Z,SFG starter database | Air Purifying | ConstantContact | Shop
618,completed_without_short_link,SFG,ConstantContact,email,Houseplants,Houseplants,ConstantContact,Email,Houseplants,AirPurifying,Learn,https://studleys.com/product-category/houseplants/air-purifying/,https://studleys.com/product-category/houseplants/air-purifying/?utm_source=ConstantContact&utm_medium=Email&utm_campaign=Houseplants&utm_term=AirPurifying&utm_content=Learn,,,1,2026-08-24T19:05:40.662Z,2026-08-24T19:05:40.662Z,SFG starter database | Air Purifying | ConstantContact | Learn
619,completed_without_short_link,SFG,ConstantContact,email,Houseplants,Houseplants,ConstantContact,Email,Houseplants,AirPurifying,Explore,https://studleys.com/product-category/houseplants/air-purifying/,https://studleys.com/product-category/houseplants/air-purifying/?utm_source=ConstantContact&utm_medium=Email&utm_campaign=Houseplants&utm_term=AirPurifying&utm_content=Explore,,,1,2026-08-24T19:05:40.662Z,2026-08-24T19:05:40.662Z,SFG starter database | Air Purifying | ConstantContact | Explore
620,completed_without_short_link,SFG,ConstantContact,email,Houseplants,Houseplants,ConstantContact,Email,Houseplants,AirPurifying,,https://studleys.com/product-category/houseplants/air-purifying/,https://studleys.com/product-category/houseplants/air-purifying/?utm_source=ConstantContact&utm_medium=Email&utm_campaign=Houseplants&utm_term=AirPurifying,,,1,2026-08-24T19:05:40.662Z,2026-08-24T19:05:40.662Z,SFG starter database | Air Purifying | ConstantContact | {null}
621,completed_without_short_link,SFG,Facebook,social,Houseplants,Houseplants,Facebook,Social,Houseplants,Bonsai,Shop,https://studleys.com/product-category/houseplants/bonsai/,https://studleys.com/product-category/houseplants/bonsai/?utm_source=Facebook&utm_medium=Social&utm_campaign=Houseplants&utm_term=Bonsai&utm_content=Shop,,,1,2026-08-24T19:05:40.662Z,2026-08-24T19:05:40.662Z,SFG starter database | Bonsai | Facebook | Shop
622,completed_without_short_link,SFG,Facebook,social,Houseplants,Houseplants,Facebook,Social,Houseplants,Bonsai,Learn,https://studleys.com/product-category/houseplants/bonsai/,https://studleys.com/product-category/houseplants/bonsai/?utm_source=Facebook&utm_medium=Social&utm_campaign=Houseplants&utm_term=Bonsai&utm_content=Learn,,,1,2026-08-24T19:05:40.662Z,2026-08-24T19:05:40.662Z,SFG starter database | Bonsai | Facebook | Learn
623,completed_without_short_link,SFG,Facebook,social,Houseplants,Houseplants,Facebook,Social,Houseplants,Bonsai,Explore,https://studleys.com/product-category/houseplants/bonsai/,https://studleys.com/product-category/houseplants/bonsai/?utm_source=Facebook&utm_medium=Social&utm_campaign=Houseplants&utm_term=Bonsai&utm_content=Explore,,,1,2026-08-24T19:05:40.662Z,2026-08-24T19:05:40.662Z,SFG starter database | Bonsai | Facebook | Explore
624,completed_without_short_link,SFG,Facebook,social,Houseplants,Houseplants,Facebook,Social,Houseplants,Bonsai,,https://studleys.com/product-category/houseplants/bonsai/,https://studleys.com/product-category/houseplants/bonsai/?utm_source=Facebook&utm_medium=Social&utm_campaign=Houseplants&utm_term=Bonsai,,,1,2026-08-24T19:05:40.662Z,2026-08-24T19:05:40.662Z,SFG starter database | Bonsai | Facebook | {null}
625,completed_without_short_link,SFG,GMB,social,Houseplants,Houseplants,GMB,Social,Houseplants,Bonsai,Shop,https://studleys.com/product-category/houseplants/bonsai/,https://studleys.com/product-category/houseplants/bonsai/?utm_source=GMB&utm_medium=Social&utm_campaign=Houseplants&utm_term=Bonsai&utm_content=Shop,,,1,2026-08-24T19:05:40.662Z,2026-08-24T19:05:40.662Z,SFG starter database | Bonsai | GMB | Shop
626,completed_without_short_link,SFG,GMB,social,Houseplants,Houseplants,GMB,Social,Houseplants,Bonsai,Learn,https://studleys.com/product-category/houseplants/bonsai/,https://studleys.com/product-category/houseplants/bonsai/?utm_source=GMB&utm_medium=Social&utm_campaign=Houseplants&utm_term=Bonsai&utm_content=Learn,,,1,2026-08-24T19:05:40.662Z,2026-08-24T19:05:40.662Z,SFG starter database | Bonsai | GMB | Learn
627,completed_without_short_link,SFG,GMB,social,Houseplants,Houseplants,GMB,Social,Houseplants,Bonsai,Explore,https://studleys.com/product-category/houseplants/bonsai/,https://studleys.com/product-category/houseplants/bonsai/?utm_source=GMB&utm_medium=Social&utm_campaign=Houseplants&utm_term=Bonsai&utm_content=Explore,,,1,2026-08-24T19:05:40.662Z,2026-08-24T19:05:40.662Z,SFG starter database | Bonsai | GMB | Explore
628,completed_without_short_link,SFG,GMB,social,Houseplants,Houseplants,GMB,Social,Houseplants,Bonsai,,https://studleys.com/product-category/houseplants/bonsai/,https://studleys.com/product-category/houseplants/bonsai/?utm_source=GMB&utm_medium=Social&utm_campaign=Houseplants&utm_term=Bonsai,,,1,2026-08-24T19:05:40.662Z,2026-08-24T19:05:40.662Z,SFG starter database | Bonsai | GMB | {null}
629,completed_without_short_link,SFG,Instagram,social,Houseplants,Houseplants,Instagram,Social,Houseplants,Bonsai,Shop,https://studleys.com/product-category/houseplants/bonsai/,https://studleys.com/product-category/houseplants/bonsai/?utm_source=Instagram&utm_medium=Social&utm_campaign=Houseplants&utm_term=Bonsai&utm_content=Shop,,,1,2026-08-24T19:05:40.662Z,2026-08-24T19:05:40.662Z,SFG starter database | Bonsai | Instagram | Shop
630,completed_without_short_link,SFG,Instagram,social,Houseplants,Houseplants,Instagram,Social,Houseplants,Bonsai,Learn,https://studleys.com/product-category/houseplants/bonsai/,https://studleys.com/product-category/houseplants/bonsai/?utm_source=Instagram&utm_medium=Social&utm_campaign=Houseplants&utm_term=Bonsai&utm_content=Learn,,,1,2026-08-24T19:05:40.662Z,2026-08-24T19:05:40.662Z,SFG starter database | Bonsai | Instagram | Learn
631,completed_without_short_link,SFG,Instagram,social,Houseplants,Houseplants,Instagram,Social,Houseplants,Bonsai,Explore,https://studleys.com/product-category/houseplants/bonsai/,https://studleys.com/product-category/houseplants/bonsai/?utm_source=Instagram&utm_medium=Social&utm_campaign=Houseplants&utm_term=Bonsai&utm_content=Explore,,,1,2026-08-24T19:05:40.662Z,2026-08-24T19:05:40.662Z,SFG starter database | Bonsai | Instagram | Explore
632,completed_without_short_link,SFG,Instagram,social,Houseplants,Houseplants,Instagram,Social,Houseplants,Bonsai,,https://studleys.com/product-category/houseplants/bonsai/,https://studleys.com/product-category/houseplants/bonsai/?utm_source=Instagram&utm_medium=Social&utm_campaign=Houseplants&utm_term=Bonsai,,,1,2026-08-24T19:05:40.662Z,2026-08-24T19:05:40.662Z,SFG starter database | Bonsai | Instagram | {null}
633,completed_without_short_link,SFG,LinkedIn,social,Houseplants,Houseplants,LinkedIn,Social,Houseplants,Bonsai,Shop,https://studleys.com/product-category/houseplants/bonsai/,https://studleys.com/product-category/houseplants/bonsai/?utm_source=LinkedIn&utm_medium=Social&utm_campaign=Houseplants&utm_term=Bonsai&utm_content=Shop,,,1,2026-08-24T19:05:40.662Z,2026-08-24T19:05:40.662Z,SFG starter database | Bonsai | LinkedIn | Shop
634,completed_without_short_link,SFG,LinkedIn,social,Houseplants,Houseplants,LinkedIn,Social,Houseplants,Bonsai,Learn,https://studleys.com/product-category/houseplants/bonsai/,https://studleys.com/product-category/houseplants/bonsai/?utm_source=LinkedIn&utm_medium=Social&utm_campaign=Houseplants&utm_term=Bonsai&utm_content=Learn,,,1,2026-08-24T19:05:40.662Z,2026-08-24T19:05:40.662Z,SFG starter database | Bonsai | LinkedIn | Learn
635,completed_without_short_link,SFG,LinkedIn,social,Houseplants,Houseplants,LinkedIn,Social,Houseplants,Bonsai,Explore,https://studleys.com/product-category/houseplants/bonsai/,https://studleys.com/product-category/houseplants/bonsai/?utm_source=LinkedIn&utm_medium=Social&utm_campaign=Houseplants&utm_term=Bonsai&utm_content=Explore,,,1,2026-08-24T19:05:40.662Z,2026-08-24T19:05:40.662Z,SFG starter database | Bonsai | LinkedIn | Explore
636,completed_without_short_link,SFG,LinkedIn,social,Houseplants,Houseplants,LinkedIn,Social,Houseplants,Bonsai,,https://studleys.com/product-category/houseplants/bonsai/,https://studleys.com/product-category/houseplants/bonsai/?utm_source=LinkedIn&utm_medium=Social&utm_campaign=Houseplants&utm_term=Bonsai,,,1,2026-08-24T19:05:40.662Z,2026-08-24T19:05:40.662Z,SFG starter database | Bonsai | LinkedIn | {null}
637,completed_without_short_link,SFG,ConstantContact,email,Houseplants,Houseplants,ConstantContact,Email,Houseplants,Bonsai,Shop,https://studleys.com/product-category/houseplants/bonsai/,https://studleys.com/product-category/houseplants/bonsai/?utm_source=ConstantContact&utm_medium=Email&utm_campaign=Houseplants&utm_term=Bonsai&utm_content=Shop,,,1,2026-08-24T19:05:40.662Z,2026-08-24T19:05:40.662Z,SFG starter database | Bonsai | ConstantContact | Shop
638,completed_without_short_link,SFG,ConstantContact,email,Houseplants,Houseplants,ConstantContact,Email,Houseplants,Bonsai,Learn,https://studleys.com/product-category/houseplants/bonsai/,https://studleys.com/product-category/houseplants/bonsai/?utm_source=ConstantContact&utm_medium=Email&utm_campaign=Houseplants&utm_term=Bonsai&utm_content=Learn,,,1,2026-08-24T19:05:40.662Z,2026-08-24T19:05:40.662Z,SFG starter database | Bonsai | ConstantContact | Learn
639,completed_without_short_link,SFG,ConstantContact,email,Houseplants,Houseplants,ConstantContact,Email,Houseplants,Bonsai,Explore,https://studleys.com/product-category/houseplants/bonsai/,https://studleys.com/product-category/houseplants/bonsai/?utm_source=ConstantContact&utm_medium=Email&utm_campaign=Houseplants&utm_term=Bonsai&utm_content=Explore,,,1,2026-08-24T19:05:40.662Z,2026-08-24T19:05:40.662Z,SFG starter database | Bonsai | ConstantContact | Explore
640,completed_without_short_link,SFG,ConstantContact,email,Houseplants,Houseplants,ConstantContact,Email,Houseplants,Bonsai,,https://studleys.com/product-category/houseplants/bonsai/,https://studleys.com/product-category/houseplants/bonsai/?utm_source=ConstantContact&utm_medium=Email&utm_campaign=Houseplants&utm_term=Bonsai,,,1,2026-08-24T19:05:40.662Z,2026-08-24T19:05:40.662Z,SFG starter database | Bonsai | ConstantContact | {null}
641,completed_without_short_link,SFG,Facebook,social,GardenCenter,GardenCenter,Facebook,Social,GardenCenter,LandingPage,Read,https://studleys.com/garden-plants/,https://studleys.com/garden-plants/?utm_source=Facebook&utm_medium=Social&utm_campaign=GardenCenter&utm_term=LandingPage&utm_content=Read,,,1,2026-08-24T19:05:40.662Z,2026-08-24T19:05:40.662Z,SFG starter database | Garden Center | Facebook | Read
642,completed_without_short_link,SFG,Facebook,social,GardenCenter,GardenCenter,Facebook,Social,GardenCenter,LandingPage,Learn,https://studleys.com/garden-plants/,https://studleys.com/garden-plants/?utm_source=Facebook&utm_medium=Social&utm_campaign=GardenCenter&utm_term=LandingPage&utm_content=Learn,,,1,2026-08-24T19:05:40.662Z,2026-08-24T19:05:40.662Z,SFG starter database | Garden Center | Facebook | Learn
643,completed_without_short_link,SFG,Facebook,social,GardenCenter,GardenCenter,Facebook,Social,GardenCenter,LandingPage,Explore,https://studleys.com/garden-plants/,https://studleys.com/garden-plants/?utm_source=Facebook&utm_medium=Social&utm_campaign=GardenCenter&utm_term=LandingPage&utm_content=Explore,,,1,2026-08-24T19:05:40.662Z,2026-08-24T19:05:40.662Z,SFG starter database | Garden Center | Facebook | Explore
644,completed_without_short_link,SFG,Facebook,social,GardenCenter,GardenCenter,Facebook,Social,GardenCenter,LandingPage,,https://studleys.com/garden-plants/,https://studleys.com/garden-plants/?utm_source=Facebook&utm_medium=Social&utm_campaign=GardenCenter&utm_term=LandingPage,,,1,2026-08-24T19:05:40.662Z,2026-08-24T19:05:40.662Z,SFG starter database | Garden Center | Facebook | {null}
645,completed_without_short_link,SFG,GMB,social,GardenCenter,GardenCenter,GMB,Social,GardenCenter,LandingPage,Read,https://studleys.com/garden-plants/,https://studleys.com/garden-plants/?utm_source=GMB&utm_medium=Social&utm_campaign=GardenCenter&utm_term=LandingPage&utm_content=Read,,,1,2026-08-24T19:05:40.662Z,2026-08-24T19:05:40.662Z,SFG starter database | Garden Center | GMB | Read
646,completed_without_short_link,SFG,GMB,social,GardenCenter,GardenCenter,GMB,Social,GardenCenter,LandingPage,Learn,https://studleys.com/garden-plants/,https://studleys.com/garden-plants/?utm_source=GMB&utm_medium=Social&utm_campaign=GardenCenter&utm_term=LandingPage&utm_content=Learn,,,1,2026-08-24T19:05:40.662Z,2026-08-24T19:05:40.662Z,SFG starter database | Garden Center | GMB | Learn
647,completed_without_short_link,SFG,GMB,social,GardenCenter,GardenCenter,GMB,Social,GardenCenter,LandingPage,Explore,https://studleys.com/garden-plants/,https://studleys.com/garden-plants/?utm_source=GMB&utm_medium=Social&utm_campaign=GardenCenter&utm_term=LandingPage&utm_content=Explore,,,1,2026-08-24T19:05:40.662Z,2026-08-24T19:05:40.662Z,SFG starter database | Garden Center | GMB | Explore
648,completed_without_short_link,SFG,GMB,social,GardenCenter,GardenCenter,GMB,Social,GardenCenter,LandingPage,,https://studleys.com/garden-plants/,https://studleys.com/garden-plants/?utm_source=GMB&utm_medium=Social&utm_campaign=GardenCenter&utm_term=LandingPage,,,1,2026-08-24T19:05:40.662Z,2026-08-24T19:05:40.662Z,SFG starter database | Garden Center | GMB | {null}
649,completed_without_short_link,SFG,Instagram,social,GardenCenter,GardenCenter,Instagram,Social,GardenCenter,LandingPage,Read,https://studleys.com/garden-plants/,https://studleys.com/garden-plants/?utm_source=Instagram&utm_medium=Social&utm_campaign=GardenCenter&utm_term=LandingPage&utm_content=Read,,,1,2026-08-24T19:05:40.662Z,2026-08-24T19:05:40.662Z,SFG starter database | Garden Center | Instagram | Read
650,completed_without_short_link,SFG,Instagram,social,GardenCenter,GardenCenter,Instagram,Social,GardenCenter,LandingPage,Learn,https://studleys.com/garden-plants/,https://studleys.com/garden-plants/?utm_source=Instagram&utm_medium=Social&utm_campaign=GardenCenter&utm_term=LandingPage&utm_content=Learn,,,1,2026-08-24T19:05:40.662Z,2026-08-24T19:05:40.662Z,SFG starter database | Garden Center | Instagram | Learn
651,completed_without_short_link,SFG,Instagram,social,GardenCenter,GardenCenter,Instagram,Social,GardenCenter,LandingPage,Explore,https://studleys.com/garden-plants/,https://studleys.com/garden-plants/?utm_source=Instagram&utm_medium=Social&utm_campaign=GardenCenter&utm_term=LandingPage&utm_content=Explore,,,1,2026-08-24T19:05:40.662Z,2026-08-24T19:05:40.662Z,SFG starter database | Garden Center | Instagram | Explore
652,completed_without_short_link,SFG,Instagram,social,GardenCenter,GardenCenter,Instagram,Social,GardenCenter,LandingPage,,https://studleys.com/garden-plants/,https://studleys.com/garden-plants/?utm_source=Instagram&utm_medium=Social&utm_campaign=GardenCenter&utm_term=LandingPage,,,1,2026-08-24T19:05:40.662Z,2026-08-24T19:05:40.662Z,SFG starter database | Garden Center | Instagram | {null}
653,completed_without_short_link,SFG,LinkedIn,social,GardenCenter,GardenCenter,LinkedIn,Social,GardenCenter,LandingPage,Read,https://studleys.com/garden-plants/,https://studleys.com/garden-plants/?utm_source=LinkedIn&utm_medium=Social&utm_campaign=GardenCenter&utm_term=LandingPage&utm_content=Read,,,1,2026-08-24T19:05:40.662Z,2026-08-24T19:05:40.662Z,SFG starter database | Garden Center | LinkedIn | Read
654,completed_without_short_link,SFG,LinkedIn,social,GardenCenter,GardenCenter,LinkedIn,Social,GardenCenter,LandingPage,Learn,https://studleys.com/garden-plants/,https://studleys.com/garden-plants/?utm_source=LinkedIn&utm_medium=Social&utm_campaign=GardenCenter&utm_term=LandingPage&utm_content=Learn,,,1,2026-08-24T19:05:40.662Z,2026-08-24T19:05:40.662Z,SFG starter database | Garden Center | LinkedIn | Learn
655,completed_without_short_link,SFG,LinkedIn,social,GardenCenter,GardenCenter,LinkedIn,Social,GardenCenter,LandingPage,Explore,https://studleys.com/garden-plants/,https://studleys.com/garden-plants/?utm_source=LinkedIn&utm_medium=Social&utm_campaign=GardenCenter&utm_term=LandingPage&utm_content=Explore,,,1,2026-08-24T19:05:40.662Z,2026-08-24T19:05:40.662Z,SFG starter database | Garden Center | LinkedIn | Explore
656,completed_without_short_link,SFG,LinkedIn,social,GardenCenter,GardenCenter,LinkedIn,Social,GardenCenter,LandingPage,,https://studleys.com/garden-plants/,https://studleys.com/garden-plants/?utm_source=LinkedIn&utm_medium=Social&utm_campaign=GardenCenter&utm_term=LandingPage,,,1,2026-08-24T19:05:40.662Z,2026-08-24T19:05:40.662Z,SFG starter database | Garden Center | LinkedIn | {null}
657,completed_without_short_link,SFG,ConstantContact,email,GardenCenter,GardenCenter,ConstantContact,Email,GardenCenter,LandingPage,Read,https://studleys.com/garden-plants/,https://studleys.com/garden-plants/?utm_source=ConstantContact&utm_medium=Email&utm_campaign=GardenCenter&utm_term=LandingPage&utm_content=Read,,,1,2026-08-24T19:05:40.662Z,2026-08-24T19:05:40.662Z,SFG starter database | Garden Center | ConstantContact | Read
658,completed_without_short_link,SFG,ConstantContact,email,GardenCenter,GardenCenter,ConstantContact,Email,GardenCenter,LandingPage,Learn,https://studleys.com/garden-plants/,https://studleys.com/garden-plants/?utm_source=ConstantContact&utm_medium=Email&utm_campaign=GardenCenter&utm_term=LandingPage&utm_content=Learn,,,1,2026-08-24T19:05:40.662Z,2026-08-24T19:05:40.662Z,SFG starter database | Garden Center | ConstantContact | Learn
659,completed_without_short_link,SFG,ConstantContact,email,GardenCenter,GardenCenter,ConstantContact,Email,GardenCenter,LandingPage,Explore,https://studleys.com/garden-plants/,https://studleys.com/garden-plants/?utm_source=ConstantContact&utm_medium=Email&utm_campaign=GardenCenter&utm_term=LandingPage&utm_content=Explore,,,1,2026-08-24T19:05:40.662Z,2026-08-24T19:05:40.662Z,SFG starter database | Garden Center | ConstantContact | Explore
660,completed_without_short_link,SFG,ConstantContact,email,GardenCenter,GardenCenter,ConstantContact,Email,GardenCenter,LandingPage,,https://studleys.com/garden-plants/,https://studleys.com/garden-plants/?utm_source=ConstantContact&utm_medium=Email&utm_campaign=GardenCenter&utm_term=LandingPage,,,1,2026-08-24T19:05:40.662Z,2026-08-24T19:05:40.662Z,SFG starter database | Garden Center | ConstantContact | {null}
661,completed_without_short_link,SFG,Facebook,social,Wedding,Wedding,Facebook,Social,Wedding,LandingPage,Read,https://studleys.com/wedding-flowers/,https://studleys.com/wedding-flowers/?utm_source=Facebook&utm_medium=Social&utm_campaign=Wedding&utm_term=LandingPage&utm_content=Read,,,1,2026-08-24T19:05:40.662Z,2026-08-24T19:05:40.662Z,SFG starter database | Wedding Services | Facebook | Read
662,completed_without_short_link,SFG,Facebook,social,Wedding,Wedding,Facebook,Social,Wedding,LandingPage,Learn,https://studleys.com/wedding-flowers/,https://studleys.com/wedding-flowers/?utm_source=Facebook&utm_medium=Social&utm_campaign=Wedding&utm_term=LandingPage&utm_content=Learn,,,1,2026-08-24T19:05:40.662Z,2026-08-24T19:05:40.662Z,SFG starter database | Wedding Services | Facebook | Learn
663,completed_without_short_link,SFG,Facebook,social,Wedding,Wedding,Facebook,Social,Wedding,LandingPage,Explore,https://studleys.com/wedding-flowers/,https://studleys.com/wedding-flowers/?utm_source=Facebook&utm_medium=Social&utm_campaign=Wedding&utm_term=LandingPage&utm_content=Explore,,,1,2026-08-24T19:05:40.662Z,2026-08-24T19:05:40.662Z,SFG starter database | Wedding Services | Facebook | Explore
664,completed_without_short_link,SFG,Facebook,social,Wedding,Wedding,Facebook,Social,Wedding,LandingPage,,https://studleys.com/wedding-flowers/,https://studleys.com/wedding-flowers/?utm_source=Facebook&utm_medium=Social&utm_campaign=Wedding&utm_term=LandingPage,,,1,2026-08-24T19:05:40.662Z,2026-08-24T19:05:40.662Z,SFG starter database | Wedding Services | Facebook | {null}
665,completed_without_short_link,SFG,GMB,social,Wedding,Wedding,GMB,Social,Wedding,LandingPage,Read,https://studleys.com/wedding-flowers/,https://studleys.com/wedding-flowers/?utm_source=GMB&utm_medium=Social&utm_campaign=Wedding&utm_term=LandingPage&utm_content=Read,,,1,2026-08-24T19:05:40.662Z,2026-08-24T19:05:40.662Z,SFG starter database | Wedding Services | GMB | Read
666,completed_without_short_link,SFG,GMB,social,Wedding,Wedding,GMB,Social,Wedding,LandingPage,Learn,https://studleys.com/wedding-flowers/,https://studleys.com/wedding-flowers/?utm_source=GMB&utm_medium=Social&utm_campaign=Wedding&utm_term=LandingPage&utm_content=Learn,,,1,2026-08-24T19:05:40.662Z,2026-08-24T19:05:40.662Z,SFG starter database | Wedding Services | GMB | Learn
667,completed_without_short_link,SFG,GMB,social,Wedding,Wedding,GMB,Social,Wedding,LandingPage,Explore,https://studleys.com/wedding-flowers/,https://studleys.com/wedding-flowers/?utm_source=GMB&utm_medium=Social&utm_campaign=Wedding&utm_term=LandingPage&utm_content=Explore,,,1,2026-08-24T19:05:40.662Z,2026-08-24T19:05:40.662Z,SFG starter database | Wedding Services | GMB | Explore
668,completed_without_short_link,SFG,GMB,social,Wedding,Wedding,GMB,Social,Wedding,LandingPage,,https://studleys.com/wedding-flowers/,https://studleys.com/wedding-flowers/?utm_source=GMB&utm_medium=Social&utm_campaign=Wedding&utm_term=LandingPage,,,1,2026-08-24T19:05:40.662Z,2026-08-24T19:05:40.662Z,SFG starter database | Wedding Services | GMB | {null}
669,completed_without_short_link,SFG,Instagram,social,Wedding,Wedding,Instagram,Social,Wedding,LandingPage,Read,https://studleys.com/wedding-flowers/,https://studleys.com/wedding-flowers/?utm_source=Instagram&utm_medium=Social&utm_campaign=Wedding&utm_term=LandingPage&utm_content=Read,,,1,2026-08-24T19:05:40.662Z,2026-08-24T19:05:40.662Z,SFG starter database | Wedding Services | Instagram | Read
670,completed_without_short_link,SFG,Instagram,social,Wedding,Wedding,Instagram,Social,Wedding,LandingPage,Learn,https://studleys.com/wedding-flowers/,https://studleys.com/wedding-flowers/?utm_source=Instagram&utm_medium=Social&utm_campaign=Wedding&utm_term=LandingPage&utm_content=Learn,,,1,2026-08-24T19:05:40.662Z,2026-08-24T19:05:40.662Z,SFG starter database | Wedding Services | Instagram | Learn
671,completed_without_short_link,SFG,Instagram,social,Wedding,Wedding,Instagram,Social,Wedding,LandingPage,Explore,https://studleys.com/wedding-flowers/,https://studleys.com/wedding-flowers/?utm_source=Instagram&utm_medium=Social&utm_campaign=Wedding&utm_term=LandingPage&utm_content=Explore,,,1,2026-08-24T19:05:40.662Z,2026-08-24T19:05:40.662Z,SFG starter database | Wedding Services | Instagram | Explore
672,completed_without_short_link,SFG,Instagram,social,Wedding,Wedding,Instagram,Social,Wedding,LandingPage,,https://studleys.com/wedding-flowers/,https://studleys.com/wedding-flowers/?utm_source=Instagram&utm_medium=Social&utm_campaign=Wedding&utm_term=LandingPage,,,1,2026-08-24T19:05:40.662Z,2026-08-24T19:05:40.662Z,SFG starter database | Wedding Services | Instagram | {null}
673,completed_without_short_link,SFG,LinkedIn,social,Wedding,Wedding,LinkedIn,Social,Wedding,LandingPage,Read,https://studleys.com/wedding-flowers/,https://studleys.com/wedding-flowers/?utm_source=LinkedIn&utm_medium=Social&utm_campaign=Wedding&utm_term=LandingPage&utm_content=Read,,,1,2026-08-24T19:05:40.662Z,2026-08-24T19:05:40.662Z,SFG starter database | Wedding Services | LinkedIn | Read
674,completed_without_short_link,SFG,LinkedIn,social,Wedding,Wedding,LinkedIn,Social,Wedding,LandingPage,Learn,https://studleys.com/wedding-flowers/,https://studleys.com/wedding-flowers/?utm_source=LinkedIn&utm_medium=Social&utm_campaign=Wedding&utm_term=LandingPage&utm_content=Learn,,,1,2026-08-24T19:05:40.662Z,2026-08-24T19:05:40.662Z,SFG starter database | Wedding Services | LinkedIn | Learn
675,completed_without_short_link,SFG,LinkedIn,social,Wedding,Wedding,LinkedIn,Social,Wedding,LandingPage,Explore,https://studleys.com/wedding-flowers/,https://studleys.com/wedding-flowers/?utm_source=LinkedIn&utm_medium=Social&utm_campaign=Wedding&utm_term=LandingPage&utm_content=Explore,,,1,2026-08-24T19:05:40.662Z,2026-08-24T19:05:40.662Z,SFG starter database | Wedding Services | LinkedIn | Explore
676,completed_without_short_link,SFG,LinkedIn,social,Wedding,Wedding,LinkedIn,Social,Wedding,LandingPage,,https://studleys.com/wedding-flowers/,https://studleys.com/wedding-flowers/?utm_source=LinkedIn&utm_medium=Social&utm_campaign=Wedding&utm_term=LandingPage,,,1,2026-08-24T19:05:40.662Z,2026-08-24T19:05:40.662Z,SFG starter database | Wedding Services | LinkedIn | {null}
677,completed_without_short_link,SFG,ConstantContact,email,Wedding,Wedding,ConstantContact,Email,Wedding,LandingPage,Read,https://studleys.com/wedding-flowers/,https://studleys.com/wedding-flowers/?utm_source=ConstantContact&utm_medium=Email&utm_campaign=Wedding&utm_term=LandingPage&utm_content=Read,,,1,2026-08-24T19:05:40.662Z,2026-08-24T19:05:40.662Z,SFG starter database | Wedding Services | ConstantContact | Read
678,completed_without_short_link,SFG,ConstantContact,email,Wedding,Wedding,ConstantContact,Email,Wedding,LandingPage,Learn,https://studleys.com/wedding-flowers/,https://studleys.com/wedding-flowers/?utm_source=ConstantContact&utm_medium=Email&utm_campaign=Wedding&utm_term=LandingPage&utm_content=Learn,,,1,2026-08-24T19:05:40.662Z,2026-08-24T19:05:40.662Z,SFG starter database | Wedding Services | ConstantContact | Learn
679,completed_without_short_link,SFG,ConstantContact,email,Wedding,Wedding,ConstantContact,Email,Wedding,LandingPage,Explore,https://studleys.com/wedding-flowers/,https://studleys.com/wedding-flowers/?utm_source=ConstantContact&utm_medium=Email&utm_campaign=Wedding&utm_term=LandingPage&utm_content=Explore,,,1,2026-08-24T19:05:40.662Z,2026-08-24T19:05:40.662Z,SFG starter database | Wedding Services | ConstantContact | Explore
680,completed_without_short_link,SFG,ConstantContact,email,Wedding,Wedding,ConstantContact,Email,Wedding,LandingPage,,https://studleys.com/wedding-flowers/,https://studleys.com/wedding-flowers/?utm_source=ConstantContact&utm_medium=Email&utm_campaign=Wedding&utm_term=LandingPage,,,1,2026-08-24T19:05:40.662Z,2026-08-24T19:05:40.662Z,SFG starter database | Wedding Services | ConstantContact | {null}
681,completed_without_short_link,SFG,Facebook,social,Wedding,Wedding,Facebook,Social,Wedding,DIYWedding,Read,https://studleys.com/diy-wedding-flowers/,https://studleys.com/diy-wedding-flowers/?utm_source=Facebook&utm_medium=Social&utm_campaign=Wedding&utm_term=DIYWedding&utm_content=Read,,,1,2026-08-24T19:05:40.662Z,2026-08-24T19:05:40.662Z,SFG starter database | DIY Wedding Flowers | Facebook | Read
682,completed_without_short_link,SFG,Facebook,social,Wedding,Wedding,Facebook,Social,Wedding,DIYWedding,Learn,https://studleys.com/diy-wedding-flowers/,https://studleys.com/diy-wedding-flowers/?utm_source=Facebook&utm_medium=Social&utm_campaign=Wedding&utm_term=DIYWedding&utm_content=Learn,,,1,2026-08-24T19:05:40.662Z,2026-08-24T19:05:40.662Z,SFG starter database | DIY Wedding Flowers | Facebook | Learn
683,completed_without_short_link,SFG,Facebook,social,Wedding,Wedding,Facebook,Social,Wedding,DIYWedding,Explore,https://studleys.com/diy-wedding-flowers/,https://studleys.com/diy-wedding-flowers/?utm_source=Facebook&utm_medium=Social&utm_campaign=Wedding&utm_term=DIYWedding&utm_content=Explore,,,1,2026-08-24T19:05:40.662Z,2026-08-24T19:05:40.662Z,SFG starter database | DIY Wedding Flowers | Facebook | Explore
684,completed_without_short_link,SFG,Facebook,social,Wedding,Wedding,Facebook,Social,Wedding,DIYWedding,,https://studleys.com/diy-wedding-flowers/,https://studleys.com/diy-wedding-flowers/?utm_source=Facebook&utm_medium=Social&utm_campaign=Wedding&utm_term=DIYWedding,,,1,2026-08-24T19:05:40.662Z,2026-08-24T19:05:40.662Z,SFG starter database | DIY Wedding Flowers | Facebook | {null}
685,completed_without_short_link,SFG,GMB,social,Wedding,Wedding,GMB,Social,Wedding,DIYWedding,Read,https://studleys.com/diy-wedding-flowers/,https://studleys.com/diy-wedding-flowers/?utm_source=GMB&utm_medium=Social&utm_campaign=Wedding&utm_term=DIYWedding&utm_content=Read,,,1,2026-08-24T19:05:40.662Z,2026-08-24T19:05:40.662Z,SFG starter database | DIY Wedding Flowers | GMB | Read
686,completed_without_short_link,SFG,GMB,social,Wedding,Wedding,GMB,Social,Wedding,DIYWedding,Learn,https://studleys.com/diy-wedding-flowers/,https://studleys.com/diy-wedding-flowers/?utm_source=GMB&utm_medium=Social&utm_campaign=Wedding&utm_term=DIYWedding&utm_content=Learn,,,1,2026-08-24T19:05:40.662Z,2026-08-24T19:05:40.662Z,SFG starter database | DIY Wedding Flowers | GMB | Learn
687,completed_without_short_link,SFG,GMB,social,Wedding,Wedding,GMB,Social,Wedding,DIYWedding,Explore,https://studleys.com/diy-wedding-flowers/,https://studleys.com/diy-wedding-flowers/?utm_source=GMB&utm_medium=Social&utm_campaign=Wedding&utm_term=DIYWedding&utm_content=Explore,,,1,2026-08-24T19:05:40.662Z,2026-08-24T19:05:40.662Z,SFG starter database | DIY Wedding Flowers | GMB | Explore
688,completed_without_short_link,SFG,GMB,social,Wedding,Wedding,GMB,Social,Wedding,DIYWedding,,https://studleys.com/diy-wedding-flowers/,https://studleys.com/diy-wedding-flowers/?utm_source=GMB&utm_medium=Social&utm_campaign=Wedding&utm_term=DIYWedding,,,1,2026-08-24T19:05:40.662Z,2026-08-24T19:05:40.662Z,SFG starter database | DIY Wedding Flowers | GMB | {null}
689,completed_without_short_link,SFG,Instagram,social,Wedding,Wedding,Instagram,Social,Wedding,DIYWedding,Read,https://studleys.com/diy-wedding-flowers/,https://studleys.com/diy-wedding-flowers/?utm_source=Instagram&utm_medium=Social&utm_campaign=Wedding&utm_term=DIYWedding&utm_content=Read,,,1,2026-08-24T19:05:40.662Z,2026-08-24T19:05:40.662Z,SFG starter database | DIY Wedding Flowers | Instagram | Read
690,completed_without_short_link,SFG,Instagram,social,Wedding,Wedding,Instagram,Social,Wedding,DIYWedding,Learn,https://studleys.com/diy-wedding-flowers/,https://studleys.com/diy-wedding-flowers/?utm_source=Instagram&utm_medium=Social&utm_campaign=Wedding&utm_term=DIYWedding&utm_content=Learn,,,1,2026-08-24T19:05:40.662Z,2026-08-24T19:05:40.662Z,SFG starter database | DIY Wedding Flowers | Instagram | Learn
691,completed_without_short_link,SFG,Instagram,social,Wedding,Wedding,Instagram,Social,Wedding,DIYWedding,Explore,https://studleys.com/diy-wedding-flowers/,https://studleys.com/diy-wedding-flowers/?utm_source=Instagram&utm_medium=Social&utm_campaign=Wedding&utm_term=DIYWedding&utm_content=Explore,,,1,2026-08-24T19:05:40.662Z,2026-08-24T19:05:40.662Z,SFG starter database | DIY Wedding Flowers | Instagram | Explore
692,completed_without_short_link,SFG,Instagram,social,Wedding,Wedding,Instagram,Social,Wedding,DIYWedding,,https://studleys.com/diy-wedding-flowers/,https://studleys.com/diy-wedding-flowers/?utm_source=Instagram&utm_medium=Social&utm_campaign=Wedding&utm_term=DIYWedding,,,1,2026-08-24T19:05:40.662Z,2026-08-24T19:05:40.662Z,SFG starter database | DIY Wedding Flowers | Instagram | {null}
693,completed_without_short_link,SFG,LinkedIn,social,Wedding,Wedding,LinkedIn,Social,Wedding,DIYWedding,Read,https://studleys.com/diy-wedding-flowers/,https://studleys.com/diy-wedding-flowers/?utm_source=LinkedIn&utm_medium=Social&utm_campaign=Wedding&utm_term=DIYWedding&utm_content=Read,,,1,2026-08-24T19:05:40.662Z,2026-08-24T19:05:40.662Z,SFG starter database | DIY Wedding Flowers | LinkedIn | Read
694,completed_without_short_link,SFG,LinkedIn,social,Wedding,Wedding,LinkedIn,Social,Wedding,DIYWedding,Learn,https://studleys.com/diy-wedding-flowers/,https://studleys.com/diy-wedding-flowers/?utm_source=LinkedIn&utm_medium=Social&utm_campaign=Wedding&utm_term=DIYWedding&utm_content=Learn,,,1,2026-08-24T19:05:40.662Z,2026-08-24T19:05:40.662Z,SFG starter database | DIY Wedding Flowers | LinkedIn | Learn
695,completed_without_short_link,SFG,LinkedIn,social,Wedding,Wedding,LinkedIn,Social,Wedding,DIYWedding,Explore,https://studleys.com/diy-wedding-flowers/,https://studleys.com/diy-wedding-flowers/?utm_source=LinkedIn&utm_medium=Social&utm_campaign=Wedding&utm_term=DIYWedding&utm_content=Explore,,,1,2026-08-24T19:05:40.662Z,2026-08-24T19:05:40.662Z,SFG starter database | DIY Wedding Flowers | LinkedIn | Explore
696,completed_without_short_link,SFG,LinkedIn,social,Wedding,Wedding,LinkedIn,Social,Wedding,DIYWedding,,https://studleys.com/diy-wedding-flowers/,https://studleys.com/diy-wedding-flowers/?utm_source=LinkedIn&utm_medium=Social&utm_campaign=Wedding&utm_term=DIYWedding,,,1,2026-08-24T19:05:40.662Z,2026-08-24T19:05:40.662Z,SFG starter database | DIY Wedding Flowers | LinkedIn | {null}
697,completed_without_short_link,SFG,ConstantContact,email,Wedding,Wedding,ConstantContact,Email,Wedding,DIYWedding,Read,https://studleys.com/diy-wedding-flowers/,https://studleys.com/diy-wedding-flowers/?utm_source=ConstantContact&utm_medium=Email&utm_campaign=Wedding&utm_term=DIYWedding&utm_content=Read,,,1,2026-08-24T19:05:40.662Z,2026-08-24T19:05:40.662Z,SFG starter database | DIY Wedding Flowers | ConstantContact | Read
698,completed_without_short_link,SFG,ConstantContact,email,Wedding,Wedding,ConstantContact,Email,Wedding,DIYWedding,Learn,https://studleys.com/diy-wedding-flowers/,https://studleys.com/diy-wedding-flowers/?utm_source=ConstantContact&utm_medium=Email&utm_campaign=Wedding&utm_term=DIYWedding&utm_content=Learn,,,1,2026-08-24T19:05:40.662Z,2026-08-24T19:05:40.662Z,SFG starter database | DIY Wedding Flowers | ConstantContact | Learn
699,completed_without_short_link,SFG,ConstantContact,email,Wedding,Wedding,ConstantContact,Email,Wedding,DIYWedding,Explore,https://studleys.com/diy-wedding-flowers/,https://studleys.com/diy-wedding-flowers/?utm_source=ConstantContact&utm_medium=Email&utm_campaign=Wedding&utm_term=DIYWedding&utm_content=Explore,,,1,2026-08-24T19:05:40.662Z,2026-08-24T19:05:40.662Z,SFG starter database | DIY Wedding Flowers | ConstantContact | Explore
700,completed_without_short_link,SFG,ConstantContact,email,Wedding,Wedding,ConstantContact,Email,Wedding,DIYWedding,,https://studleys.com/diy-wedding-flowers/,https://studleys.com/diy-wedding-flowers/?utm_source=ConstantContact&utm_medium=Email&utm_campaign=Wedding&utm_term=DIYWedding,,,1,2026-08-24T19:05:40.662Z,2026-08-24T19:05:40.662Z,SFG starter database | DIY Wedding Flowers | ConstantContact | {null}
701,completed_without_short_link,SFG,Facebook,social,Landscaping,Landscaping,Facebook,Social,Landscaping,LandingPage,Read,https://studleys.com/landscaping/,https://studleys.com/landscaping/?utm_source=Facebook&utm_medium=Social&utm_campaign=Landscaping&utm_term=LandingPage&utm_content=Read,,,1,2026-08-24T19:05:40.662Z,2026-08-24T19:05:40.662Z,SFG starter database | Landscaping | Facebook | Read
702,completed_without_short_link,SFG,Facebook,social,Landscaping,Landscaping,Facebook,Social,Landscaping,LandingPage,Learn,https://studleys.com/landscaping/,https://studleys.com/landscaping/?utm_source=Facebook&utm_medium=Social&utm_campaign=Landscaping&utm_term=LandingPage&utm_content=Learn,,,1,2026-08-24T19:05:40.662Z,2026-08-24T19:05:40.662Z,SFG starter database | Landscaping | Facebook | Learn
703,completed_without_short_link,SFG,Facebook,social,Landscaping,Landscaping,Facebook,Social,Landscaping,LandingPage,Explore,https://studleys.com/landscaping/,https://studleys.com/landscaping/?utm_source=Facebook&utm_medium=Social&utm_campaign=Landscaping&utm_term=LandingPage&utm_content=Explore,,,1,2026-08-24T19:05:40.662Z,2026-08-24T19:05:40.662Z,SFG starter database | Landscaping | Facebook | Explore
704,completed_without_short_link,SFG,Facebook,social,Landscaping,Landscaping,Facebook,Social,Landscaping,LandingPage,,https://studleys.com/landscaping/,https://studleys.com/landscaping/?utm_source=Facebook&utm_medium=Social&utm_campaign=Landscaping&utm_term=LandingPage,,,1,2026-08-24T19:05:40.662Z,2026-08-24T19:05:40.662Z,SFG starter database | Landscaping | Facebook | {null}
705,completed_without_short_link,SFG,GMB,social,Landscaping,Landscaping,GMB,Social,Landscaping,LandingPage,Read,https://studleys.com/landscaping/,https://studleys.com/landscaping/?utm_source=GMB&utm_medium=Social&utm_campaign=Landscaping&utm_term=LandingPage&utm_content=Read,,,1,2026-08-24T19:05:40.662Z,2026-08-24T19:05:40.662Z,SFG starter database | Landscaping | GMB | Read
706,completed_without_short_link,SFG,GMB,social,Landscaping,Landscaping,GMB,Social,Landscaping,LandingPage,Learn,https://studleys.com/landscaping/,https://studleys.com/landscaping/?utm_source=GMB&utm_medium=Social&utm_campaign=Landscaping&utm_term=LandingPage&utm_content=Learn,,,1,2026-08-24T19:05:40.662Z,2026-08-24T19:05:40.662Z,SFG starter database | Landscaping | GMB | Learn
707,completed_without_short_link,SFG,GMB,social,Landscaping,Landscaping,GMB,Social,Landscaping,LandingPage,Explore,https://studleys.com/landscaping/,https://studleys.com/landscaping/?utm_source=GMB&utm_medium=Social&utm_campaign=Landscaping&utm_term=LandingPage&utm_content=Explore,,,1,2026-08-24T19:05:40.662Z,2026-08-24T19:05:40.662Z,SFG starter database | Landscaping | GMB | Explore
708,completed_without_short_link,SFG,GMB,social,Landscaping,Landscaping,GMB,Social,Landscaping,LandingPage,,https://studleys.com/landscaping/,https://studleys.com/landscaping/?utm_source=GMB&utm_medium=Social&utm_campaign=Landscaping&utm_term=LandingPage,,,1,2026-08-24T19:05:40.662Z,2026-08-24T19:05:40.662Z,SFG starter database | Landscaping | GMB | {null}
709,completed_without_short_link,SFG,Instagram,social,Landscaping,Landscaping,Instagram,Social,Landscaping,LandingPage,Read,https://studleys.com/landscaping/,https://studleys.com/landscaping/?utm_source=Instagram&utm_medium=Social&utm_campaign=Landscaping&utm_term=LandingPage&utm_content=Read,,,1,2026-08-24T19:05:40.662Z,2026-08-24T19:05:40.662Z,SFG starter database | Landscaping | Instagram | Read
710,completed_without_short_link,SFG,Instagram,social,Landscaping,Landscaping,Instagram,Social,Landscaping,LandingPage,Learn,https://studleys.com/landscaping/,https://studleys.com/landscaping/?utm_source=Instagram&utm_medium=Social&utm_campaign=Landscaping&utm_term=LandingPage&utm_content=Learn,,,1,2026-08-24T19:05:40.662Z,2026-08-24T19:05:40.662Z,SFG starter database | Landscaping | Instagram | Learn
711,completed_without_short_link,SFG,Instagram,social,Landscaping,Landscaping,Instagram,Social,Landscaping,LandingPage,Explore,https://studleys.com/landscaping/,https://studleys.com/landscaping/?utm_source=Instagram&utm_medium=Social&utm_campaign=Landscaping&utm_term=LandingPage&utm_content=Explore,,,1,2026-08-24T19:05:40.662Z,2026-08-24T19:05:40.662Z,SFG starter database | Landscaping | Instagram | Explore
712,completed_without_short_link,SFG,Instagram,social,Landscaping,Landscaping,Instagram,Social,Landscaping,LandingPage,,https://studleys.com/landscaping/,https://studleys.com/landscaping/?utm_source=Instagram&utm_medium=Social&utm_campaign=Landscaping&utm_term=LandingPage,,,1,2026-08-24T19:05:40.662Z,2026-08-24T19:05:40.662Z,SFG starter database | Landscaping | Instagram | {null}
713,completed_without_short_link,SFG,LinkedIn,social,Landscaping,Landscaping,LinkedIn,Social,Landscaping,LandingPage,Read,https://studleys.com/landscaping/,https://studleys.com/landscaping/?utm_source=LinkedIn&utm_medium=Social&utm_campaign=Landscaping&utm_term=LandingPage&utm_content=Read,,,1,2026-08-24T19:05:40.662Z,2026-08-24T19:05:40.662Z,SFG starter database | Landscaping | LinkedIn | Read
714,completed_without_short_link,SFG,LinkedIn,social,Landscaping,Landscaping,LinkedIn,Social,Landscaping,LandingPage,Learn,https://studleys.com/landscaping/,https://studleys.com/landscaping/?utm_source=LinkedIn&utm_medium=Social&utm_campaign=Landscaping&utm_term=LandingPage&utm_content=Learn,,,1,2026-08-24T19:05:40.662Z,2026-08-24T19:05:40.662Z,SFG starter database | Landscaping | LinkedIn | Learn
715,completed_without_short_link,SFG,LinkedIn,social,Landscaping,Landscaping,LinkedIn,Social,Landscaping,LandingPage,Explore,https://studleys.com/landscaping/,https://studleys.com/landscaping/?utm_source=LinkedIn&utm_medium=Social&utm_campaign=Landscaping&utm_term=LandingPage&utm_content=Explore,,,1,2026-08-24T19:05:40.662Z,2026-08-24T19:05:40.662Z,SFG starter database | Landscaping | LinkedIn | Explore
716,completed_without_short_link,SFG,LinkedIn,social,Landscaping,Landscaping,LinkedIn,Social,Landscaping,LandingPage,,https://studleys.com/landscaping/,https://studleys.com/landscaping/?utm_source=LinkedIn&utm_medium=Social&utm_campaign=Landscaping&utm_term=LandingPage,,,1,2026-08-24T19:05:40.662Z,2026-08-24T19:05:40.662Z,SFG starter database | Landscaping | LinkedIn | {null}
717,completed_without_short_link,SFG,ConstantContact,email,Landscaping,Landscaping,ConstantContact,Email,Landscaping,LandingPage,Read,https://studleys.com/landscaping/,https://studleys.com/landscaping/?utm_source=ConstantContact&utm_medium=Email&utm_campaign=Landscaping&utm_term=LandingPage&utm_content=Read,,,1,2026-08-24T19:05:40.662Z,2026-08-24T19:05:40.662Z,SFG starter database | Landscaping | ConstantContact | Read
718,completed_without_short_link,SFG,ConstantContact,email,Landscaping,Landscaping,ConstantContact,Email,Landscaping,LandingPage,Learn,https://studleys.com/landscaping/,https://studleys.com/landscaping/?utm_source=ConstantContact&utm_medium=Email&utm_campaign=Landscaping&utm_term=LandingPage&utm_content=Learn,,,1,2026-08-24T19:05:40.662Z,2026-08-24T19:05:40.662Z,SFG starter database | Landscaping | ConstantContact | Learn
719,completed_without_short_link,SFG,ConstantContact,email,Landscaping,Landscaping,ConstantContact,Email,Landscaping,LandingPage,Explore,https://studleys.com/landscaping/,https://studleys.com/landscaping/?utm_source=ConstantContact&utm_medium=Email&utm_campaign=Landscaping&utm_term=LandingPage&utm_content=Explore,,,1,2026-08-24T19:05:40.662Z,2026-08-24T19:05:40.662Z,SFG starter database | Landscaping | ConstantContact | Explore
720,completed_without_short_link,SFG,ConstantContact,email,Landscaping,Landscaping,ConstantContact,Email,Landscaping,LandingPage,,https://studleys.com/landscaping/,https://studleys.com/landscaping/?utm_source=ConstantContact&utm_medium=Email&utm_campaign=Landscaping&utm_term=LandingPage,,,1,2026-08-24T19:05:40.662Z,2026-08-24T19:05:40.662Z,SFG starter database | Landscaping | ConstantContact | {null}
721,completed_without_short_link,SFG,Facebook,social,Landscaping,Landscaping,Facebook,Social,Landscaping,IrrigationServices,Read,https://studleys.com/irrigation-services/,https://studleys.com/irrigation-services/?utm_source=Facebook&utm_medium=Social&utm_campaign=Landscaping&utm_term=IrrigationServices&utm_content=Read,,,1,2026-08-24T19:05:40.662Z,2026-08-24T19:05:40.662Z,SFG starter database | Irrigation Services | Facebook | Read
722,completed_without_short_link,SFG,Facebook,social,Landscaping,Landscaping,Facebook,Social,Landscaping,IrrigationServices,Learn,https://studleys.com/irrigation-services/,https://studleys.com/irrigation-services/?utm_source=Facebook&utm_medium=Social&utm_campaign=Landscaping&utm_term=IrrigationServices&utm_content=Learn,,,1,2026-08-24T19:05:40.662Z,2026-08-24T19:05:40.662Z,SFG starter database | Irrigation Services | Facebook | Learn
723,completed_without_short_link,SFG,Facebook,social,Landscaping,Landscaping,Facebook,Social,Landscaping,IrrigationServices,Explore,https://studleys.com/irrigation-services/,https://studleys.com/irrigation-services/?utm_source=Facebook&utm_medium=Social&utm_campaign=Landscaping&utm_term=IrrigationServices&utm_content=Explore,,,1,2026-08-24T19:05:40.662Z,2026-08-24T19:05:40.662Z,SFG starter database | Irrigation Services | Facebook | Explore
724,completed_without_short_link,SFG,Facebook,social,Landscaping,Landscaping,Facebook,Social,Landscaping,IrrigationServices,,https://studleys.com/irrigation-services/,https://studleys.com/irrigation-services/?utm_source=Facebook&utm_medium=Social&utm_campaign=Landscaping&utm_term=IrrigationServices,,,1,2026-08-24T19:05:40.662Z,2026-08-24T19:05:40.662Z,SFG starter database | Irrigation Services | Facebook | {null}
725,completed_without_short_link,SFG,GMB,social,Landscaping,Landscaping,GMB,Social,Landscaping,IrrigationServices,Read,https://studleys.com/irrigation-services/,https://studleys.com/irrigation-services/?utm_source=GMB&utm_medium=Social&utm_campaign=Landscaping&utm_term=IrrigationServices&utm_content=Read,,,1,2026-08-24T19:05:40.662Z,2026-08-24T19:05:40.662Z,SFG starter database | Irrigation Services | GMB | Read
726,completed_without_short_link,SFG,GMB,social,Landscaping,Landscaping,GMB,Social,Landscaping,IrrigationServices,Learn,https://studleys.com/irrigation-services/,https://studleys.com/irrigation-services/?utm_source=GMB&utm_medium=Social&utm_campaign=Landscaping&utm_term=IrrigationServices&utm_content=Learn,,,1,2026-08-24T19:05:40.662Z,2026-08-24T19:05:40.662Z,SFG starter database | Irrigation Services | GMB | Learn
727,completed_without_short_link,SFG,GMB,social,Landscaping,Landscaping,GMB,Social,Landscaping,IrrigationServices,Explore,https://studleys.com/irrigation-services/,https://studleys.com/irrigation-services/?utm_source=GMB&utm_medium=Social&utm_campaign=Landscaping&utm_term=IrrigationServices&utm_content=Explore,,,1,2026-08-24T19:05:40.662Z,2026-08-24T19:05:40.662Z,SFG starter database | Irrigation Services | GMB | Explore
728,completed_without_short_link,SFG,GMB,social,Landscaping,Landscaping,GMB,Social,Landscaping,IrrigationServices,,https://studleys.com/irrigation-services/,https://studleys.com/irrigation-services/?utm_source=GMB&utm_medium=Social&utm_campaign=Landscaping&utm_term=IrrigationServices,,,1,2026-08-24T19:05:40.662Z,2026-08-24T19:05:40.662Z,SFG starter database | Irrigation Services | GMB | {null}
729,completed_without_short_link,SFG,Instagram,social,Landscaping,Landscaping,Instagram,Social,Landscaping,IrrigationServices,Read,https://studleys.com/irrigation-services/,https://studleys.com/irrigation-services/?utm_source=Instagram&utm_medium=Social&utm_campaign=Landscaping&utm_term=IrrigationServices&utm_content=Read,,,1,2026-08-24T19:05:40.662Z,2026-08-24T19:05:40.662Z,SFG starter database | Irrigation Services | Instagram | Read
730,completed_without_short_link,SFG,Instagram,social,Landscaping,Landscaping,Instagram,Social,Landscaping,IrrigationServices,Learn,https://studleys.com/irrigation-services/,https://studleys.com/irrigation-services/?utm_source=Instagram&utm_medium=Social&utm_campaign=Landscaping&utm_term=IrrigationServices&utm_content=Learn,,,1,2026-08-24T19:05:40.662Z,2026-08-24T19:05:40.662Z,SFG starter database | Irrigation Services | Instagram | Learn
731,completed_without_short_link,SFG,Instagram,social,Landscaping,Landscaping,Instagram,Social,Landscaping,IrrigationServices,Explore,https://studleys.com/irrigation-services/,https://studleys.com/irrigation-services/?utm_source=Instagram&utm_medium=Social&utm_campaign=Landscaping&utm_term=IrrigationServices&utm_content=Explore,,,1,2026-08-24T19:05:40.662Z,2026-08-24T19:05:40.662Z,SFG starter database | Irrigation Services | Instagram | Explore
732,completed_without_short_link,SFG,Instagram,social,Landscaping,Landscaping,Instagram,Social,Landscaping,IrrigationServices,,https://studleys.com/irrigation-services/,https://studleys.com/irrigation-services/?utm_source=Instagram&utm_medium=Social&utm_campaign=Landscaping&utm_term=IrrigationServices,,,1,2026-08-24T19:05:40.662Z,2026-08-24T19:05:40.662Z,SFG starter database | Irrigation Services | Instagram | {null}
733,completed_without_short_link,SFG,LinkedIn,social,Landscaping,Landscaping,LinkedIn,Social,Landscaping,IrrigationServices,Read,https://studleys.com/irrigation-services/,https://studleys.com/irrigation-services/?utm_source=LinkedIn&utm_medium=Social&utm_campaign=Landscaping&utm_term=IrrigationServices&utm_content=Read,,,1,2026-08-24T19:05:40.662Z,2026-08-24T19:05:40.662Z,SFG starter database | Irrigation Services | LinkedIn | Read
734,completed_without_short_link,SFG,LinkedIn,social,Landscaping,Landscaping,LinkedIn,Social,Landscaping,IrrigationServices,Learn,https://studleys.com/irrigation-services/,https://studleys.com/irrigation-services/?utm_source=LinkedIn&utm_medium=Social&utm_campaign=Landscaping&utm_term=IrrigationServices&utm_content=Learn,,,1,2026-08-24T19:05:40.662Z,2026-08-24T19:05:40.662Z,SFG starter database | Irrigation Services | LinkedIn | Learn
735,completed_without_short_link,SFG,LinkedIn,social,Landscaping,Landscaping,LinkedIn,Social,Landscaping,IrrigationServices,Explore,https://studleys.com/irrigation-services/,https://studleys.com/irrigation-services/?utm_source=LinkedIn&utm_medium=Social&utm_campaign=Landscaping&utm_term=IrrigationServices&utm_content=Explore,,,1,2026-08-24T19:05:40.662Z,2026-08-24T19:05:40.662Z,SFG starter database | Irrigation Services | LinkedIn | Explore
736,completed_without_short_link,SFG,LinkedIn,social,Landscaping,Landscaping,LinkedIn,Social,Landscaping,IrrigationServices,,https://studleys.com/irrigation-services/,https://studleys.com/irrigation-services/?utm_source=LinkedIn&utm_medium=Social&utm_campaign=Landscaping&utm_term=IrrigationServices,,,1,2026-08-24T19:05:40.662Z,2026-08-24T19:05:40.662Z,SFG starter database | Irrigation Services | LinkedIn | {null}
737,completed_without_short_link,SFG,ConstantContact,email,Landscaping,Landscaping,ConstantContact,Email,Landscaping,IrrigationServices,Read,https://studleys.com/irrigation-services/,https://studleys.com/irrigation-services/?utm_source=ConstantContact&utm_medium=Email&utm_campaign=Landscaping&utm_term=IrrigationServices&utm_content=Read,,,1,2026-08-24T19:05:40.662Z,2026-08-24T19:05:40.662Z,SFG starter database | Irrigation Services | ConstantContact | Read
738,completed_without_short_link,SFG,ConstantContact,email,Landscaping,Landscaping,ConstantContact,Email,Landscaping,IrrigationServices,Learn,https://studleys.com/irrigation-services/,https://studleys.com/irrigation-services/?utm_source=ConstantContact&utm_medium=Email&utm_campaign=Landscaping&utm_term=IrrigationServices&utm_content=Learn,,,1,2026-08-24T19:05:40.662Z,2026-08-24T19:05:40.662Z,SFG starter database | Irrigation Services | ConstantContact | Learn
739,completed_without_short_link,SFG,ConstantContact,email,Landscaping,Landscaping,ConstantContact,Email,Landscaping,IrrigationServices,Explore,https://studleys.com/irrigation-services/,https://studleys.com/irrigation-services/?utm_source=ConstantContact&utm_medium=Email&utm_campaign=Landscaping&utm_term=IrrigationServices&utm_content=Explore,,,1,2026-08-24T19:05:40.662Z,2026-08-24T19:05:40.662Z,SFG starter database | Irrigation Services | ConstantContact | Explore
740,completed_without_short_link,SFG,ConstantContact,email,Landscaping,Landscaping,ConstantContact,Email,Landscaping,IrrigationServices,,https://studleys.com/irrigation-services/,https://studleys.com/irrigation-services/?utm_source=ConstantContact&utm_medium=Email&utm_campaign=Landscaping&utm_term=IrrigationServices,,,1,2026-08-24T19:05:40.662Z,2026-08-24T19:05:40.662Z,SFG starter database | Irrigation Services | ConstantContact | {null}
741,completed_without_short_link,SFG,Facebook,social,About,About,Facebook,Social,About,LandingPage,Read,https://studleys.com/about/,https://studleys.com/about/?utm_source=Facebook&utm_medium=Social&utm_campaign=About&utm_term=LandingPage&utm_content=Read,,,1,2026-08-24T19:05:40.662Z,2026-08-24T19:05:40.662Z,SFG starter database | About | Facebook | Read
742,completed_without_short_link,SFG,Facebook,social,About,About,Facebook,Social,About,LandingPage,Learn,https://studleys.com/about/,https://studleys.com/about/?utm_source=Facebook&utm_medium=Social&utm_campaign=About&utm_term=LandingPage&utm_content=Learn,,,1,2026-08-24T19:05:40.662Z,2026-08-24T19:05:40.662Z,SFG starter database | About | Facebook | Learn
743,completed_without_short_link,SFG,Facebook,social,About,About,Facebook,Social,About,LandingPage,Explore,https://studleys.com/about/,https://studleys.com/about/?utm_source=Facebook&utm_medium=Social&utm_campaign=About&utm_term=LandingPage&utm_content=Explore,,,1,2026-08-24T19:05:40.662Z,2026-08-24T19:05:40.662Z,SFG starter database | About | Facebook | Explore
744,completed_without_short_link,SFG,Facebook,social,About,About,Facebook,Social,About,LandingPage,,https://studleys.com/about/,https://studleys.com/about/?utm_source=Facebook&utm_medium=Social&utm_campaign=About&utm_term=LandingPage,,,1,2026-08-24T19:05:40.662Z,2026-08-24T19:05:40.662Z,SFG starter database | About | Facebook | {null}
745,completed_without_short_link,SFG,GMB,social,About,About,GMB,Social,About,LandingPage,Read,https://studleys.com/about/,https://studleys.com/about/?utm_source=GMB&utm_medium=Social&utm_campaign=About&utm_term=LandingPage&utm_content=Read,,,1,2026-08-24T19:05:40.662Z,2026-08-24T19:05:40.662Z,SFG starter database | About | GMB | Read
746,completed_without_short_link,SFG,GMB,social,About,About,GMB,Social,About,LandingPage,Learn,https://studleys.com/about/,https://studleys.com/about/?utm_source=GMB&utm_medium=Social&utm_campaign=About&utm_term=LandingPage&utm_content=Learn,,,1,2026-08-24T19:05:40.662Z,2026-08-24T19:05:40.662Z,SFG starter database | About | GMB | Learn
747,completed_without_short_link,SFG,GMB,social,About,About,GMB,Social,About,LandingPage,Explore,https://studleys.com/about/,https://studleys.com/about/?utm_source=GMB&utm_medium=Social&utm_campaign=About&utm_term=LandingPage&utm_content=Explore,,,1,2026-08-24T19:05:40.662Z,2026-08-24T19:05:40.662Z,SFG starter database | About | GMB | Explore
748,completed_without_short_link,SFG,GMB,social,About,About,GMB,Social,About,LandingPage,,https://studleys.com/about/,https://studleys.com/about/?utm_source=GMB&utm_medium=Social&utm_campaign=About&utm_term=LandingPage,,,1,2026-08-24T19:05:40.662Z,2026-08-24T19:05:40.662Z,SFG starter database | About | GMB | {null}
749,completed_without_short_link,SFG,Instagram,social,About,About,Instagram,Social,About,LandingPage,Read,https://studleys.com/about/,https://studleys.com/about/?utm_source=Instagram&utm_medium=Social&utm_campaign=About&utm_term=LandingPage&utm_content=Read,,,1,2026-08-24T19:05:40.662Z,2026-08-24T19:05:40.662Z,SFG starter database | About | Instagram | Read
750,completed_without_short_link,SFG,Instagram,social,About,About,Instagram,Social,About,LandingPage,Learn,https://studleys.com/about/,https://studleys.com/about/?utm_source=Instagram&utm_medium=Social&utm_campaign=About&utm_term=LandingPage&utm_content=Learn,,,1,2026-08-24T19:05:40.662Z,2026-08-24T19:05:40.662Z,SFG starter database | About | Instagram | Learn
751,completed_without_short_link,SFG,Instagram,social,About,About,Instagram,Social,About,LandingPage,Explore,https://studleys.com/about/,https://studleys.com/about/?utm_source=Instagram&utm_medium=Social&utm_campaign=About&utm_term=LandingPage&utm_content=Explore,,,1,2026-08-24T19:05:40.662Z,2026-08-24T19:05:40.662Z,SFG starter database | About | Instagram | Explore
752,completed_without_short_link,SFG,Instagram,social,About,About,Instagram,Social,About,LandingPage,,https://studleys.com/about/,https://studleys.com/about/?utm_source=Instagram&utm_medium=Social&utm_campaign=About&utm_term=LandingPage,,,1,2026-08-24T19:05:40.662Z,2026-08-24T19:05:40.662Z,SFG starter database | About | Instagram | {null}
753,completed_without_short_link,SFG,LinkedIn,social,About,About,LinkedIn,Social,About,LandingPage,Read,https://studleys.com/about/,https://studleys.com/about/?utm_source=LinkedIn&utm_medium=Social&utm_campaign=About&utm_term=LandingPage&utm_content=Read,,,1,2026-08-24T19:05:40.662Z,2026-08-24T19:05:40.662Z,SFG starter database | About | LinkedIn | Read
754,completed_without_short_link,SFG,LinkedIn,social,About,About,LinkedIn,Social,About,LandingPage,Learn,https://studleys.com/about/,https://studleys.com/about/?utm_source=LinkedIn&utm_medium=Social&utm_campaign=About&utm_term=LandingPage&utm_content=Learn,,,1,2026-08-24T19:05:40.662Z,2026-08-24T19:05:40.662Z,SFG starter database | About | LinkedIn | Learn
755,completed_without_short_link,SFG,LinkedIn,social,About,About,LinkedIn,Social,About,LandingPage,Explore,https://studleys.com/about/,https://studleys.com/about/?utm_source=LinkedIn&utm_medium=Social&utm_campaign=About&utm_term=LandingPage&utm_content=Explore,,,1,2026-08-24T19:05:40.662Z,2026-08-24T19:05:40.662Z,SFG starter database | About | LinkedIn | Explore
756,completed_without_short_link,SFG,LinkedIn,social,About,About,LinkedIn,Social,About,LandingPage,,https://studleys.com/about/,https://studleys.com/about/?utm_source=LinkedIn&utm_medium=Social&utm_campaign=About&utm_term=LandingPage,,,1,2026-08-24T19:05:40.662Z,2026-08-24T19:05:40.662Z,SFG starter database | About | LinkedIn | {null}
757,completed_without_short_link,SFG,ConstantContact,email,About,About,ConstantContact,Email,About,LandingPage,Read,https://studleys.com/about/,https://studleys.com/about/?utm_source=ConstantContact&utm_medium=Email&utm_campaign=About&utm_term=LandingPage&utm_content=Read,,,1,2026-08-24T19:05:40.662Z,2026-08-24T19:05:40.662Z,SFG starter database | About | ConstantContact | Read
758,completed_without_short_link,SFG,ConstantContact,email,About,About,ConstantContact,Email,About,LandingPage,Learn,https://studleys.com/about/,https://studleys.com/about/?utm_source=ConstantContact&utm_medium=Email&utm_campaign=About&utm_term=LandingPage&utm_content=Learn,,,1,2026-08-24T19:05:40.662Z,2026-08-24T19:05:40.662Z,SFG starter database | About | ConstantContact | Learn
759,completed_without_short_link,SFG,ConstantContact,email,About,About,ConstantContact,Email,About,LandingPage,Explore,https://studleys.com/about/,https://studleys.com/about/?utm_source=ConstantContact&utm_medium=Email&utm_campaign=About&utm_term=LandingPage&utm_content=Explore,,,1,2026-08-24T19:05:40.662Z,2026-08-24T19:05:40.662Z,SFG starter database | About | ConstantContact | Explore
760,completed_without_short_link,SFG,ConstantContact,email,About,About,ConstantContact,Email,About,LandingPage,,https://studleys.com/about/,https://studleys.com/about/?utm_source=ConstantContact&utm_medium=Email&utm_campaign=About&utm_term=LandingPage,,,1,2026-08-24T19:05:40.662Z,2026-08-24T19:05:40.662Z,SFG starter database | About | ConstantContact | {null}
761,completed_without_short_link,SFG,Facebook,social,About,About,Facebook,Social,About,Guarantee,Read,https://studleys.com/studleys-guarantee/,https://studleys.com/studleys-guarantee/?utm_source=Facebook&utm_medium=Social&utm_campaign=About&utm_term=Guarantee&utm_content=Read,,,1,2026-08-24T19:05:40.662Z,2026-08-24T19:05:40.662Z,SFG starter database | Studleys Guarantee | Facebook | Read
762,completed_without_short_link,SFG,Facebook,social,About,About,Facebook,Social,About,Guarantee,Learn,https://studleys.com/studleys-guarantee/,https://studleys.com/studleys-guarantee/?utm_source=Facebook&utm_medium=Social&utm_campaign=About&utm_term=Guarantee&utm_content=Learn,,,1,2026-08-24T19:05:40.662Z,2026-08-24T19:05:40.662Z,SFG starter database | Studleys Guarantee | Facebook | Learn
763,completed_without_short_link,SFG,Facebook,social,About,About,Facebook,Social,About,Guarantee,Explore,https://studleys.com/studleys-guarantee/,https://studleys.com/studleys-guarantee/?utm_source=Facebook&utm_medium=Social&utm_campaign=About&utm_term=Guarantee&utm_content=Explore,,,1,2026-08-24T19:05:40.662Z,2026-08-24T19:05:40.662Z,SFG starter database | Studleys Guarantee | Facebook | Explore
764,completed_without_short_link,SFG,Facebook,social,About,About,Facebook,Social,About,Guarantee,,https://studleys.com/studleys-guarantee/,https://studleys.com/studleys-guarantee/?utm_source=Facebook&utm_medium=Social&utm_campaign=About&utm_term=Guarantee,,,1,2026-08-24T19:05:40.662Z,2026-08-24T19:05:40.662Z,SFG starter database | Studleys Guarantee | Facebook | {null}
765,completed_without_short_link,SFG,GMB,social,About,About,GMB,Social,About,Guarantee,Read,https://studleys.com/studleys-guarantee/,https://studleys.com/studleys-guarantee/?utm_source=GMB&utm_medium=Social&utm_campaign=About&utm_term=Guarantee&utm_content=Read,,,1,2026-08-24T19:05:40.662Z,2026-08-24T19:05:40.662Z,SFG starter database | Studleys Guarantee | GMB | Read
766,completed_without_short_link,SFG,GMB,social,About,About,GMB,Social,About,Guarantee,Learn,https://studleys.com/studleys-guarantee/,https://studleys.com/studleys-guarantee/?utm_source=GMB&utm_medium=Social&utm_campaign=About&utm_term=Guarantee&utm_content=Learn,,,1,2026-08-24T19:05:40.662Z,2026-08-24T19:05:40.662Z,SFG starter database | Studleys Guarantee | GMB | Learn
767,completed_without_short_link,SFG,GMB,social,About,About,GMB,Social,About,Guarantee,Explore,https://studleys.com/studleys-guarantee/,https://studleys.com/studleys-guarantee/?utm_source=GMB&utm_medium=Social&utm_campaign=About&utm_term=Guarantee&utm_content=Explore,,,1,2026-08-24T19:05:40.662Z,2026-08-24T19:05:40.662Z,SFG starter database | Studleys Guarantee | GMB | Explore
768,completed_without_short_link,SFG,GMB,social,About,About,GMB,Social,About,Guarantee,,https://studleys.com/studleys-guarantee/,https://studleys.com/studleys-guarantee/?utm_source=GMB&utm_medium=Social&utm_campaign=About&utm_term=Guarantee,,,1,2026-08-24T19:05:40.662Z,2026-08-24T19:05:40.662Z,SFG starter database | Studleys Guarantee | GMB | {null}
769,completed_without_short_link,SFG,Instagram,social,About,About,Instagram,Social,About,Guarantee,Read,https://studleys.com/studleys-guarantee/,https://studleys.com/studleys-guarantee/?utm_source=Instagram&utm_medium=Social&utm_campaign=About&utm_term=Guarantee&utm_content=Read,,,1,2026-08-24T19:05:40.662Z,2026-08-24T19:05:40.662Z,SFG starter database | Studleys Guarantee | Instagram | Read
770,completed_without_short_link,SFG,Instagram,social,About,About,Instagram,Social,About,Guarantee,Learn,https://studleys.com/studleys-guarantee/,https://studleys.com/studleys-guarantee/?utm_source=Instagram&utm_medium=Social&utm_campaign=About&utm_term=Guarantee&utm_content=Learn,,,1,2026-08-24T19:05:40.662Z,2026-08-24T19:05:40.662Z,SFG starter database | Studleys Guarantee | Instagram | Learn
771,completed_without_short_link,SFG,Instagram,social,About,About,Instagram,Social,About,Guarantee,Explore,https://studleys.com/studleys-guarantee/,https://studleys.com/studleys-guarantee/?utm_source=Instagram&utm_medium=Social&utm_campaign=About&utm_term=Guarantee&utm_content=Explore,,,1,2026-08-24T19:05:40.662Z,2026-08-24T19:05:40.662Z,SFG starter database | Studleys Guarantee | Instagram | Explore
772,completed_without_short_link,SFG,Instagram,social,About,About,Instagram,Social,About,Guarantee,,https://studleys.com/studleys-guarantee/,https://studleys.com/studleys-guarantee/?utm_source=Instagram&utm_medium=Social&utm_campaign=About&utm_term=Guarantee,,,1,2026-08-24T19:05:40.662Z,2026-08-24T19:05:40.662Z,SFG starter database | Studleys Guarantee | Instagram | {null}
773,completed_without_short_link,SFG,LinkedIn,social,About,About,LinkedIn,Social,About,Guarantee,Read,https://studleys.com/studleys-guarantee/,https://studleys.com/studleys-guarantee/?utm_source=LinkedIn&utm_medium=Social&utm_campaign=About&utm_term=Guarantee&utm_content=Read,,,1,2026-08-24T19:05:40.662Z,2026-08-24T19:05:40.662Z,SFG starter database | Studleys Guarantee | LinkedIn | Read
774,completed_without_short_link,SFG,LinkedIn,social,About,About,LinkedIn,Social,About,Guarantee,Learn,https://studleys.com/studleys-guarantee/,https://studleys.com/studleys-guarantee/?utm_source=LinkedIn&utm_medium=Social&utm_campaign=About&utm_term=Guarantee&utm_content=Learn,,,1,2026-08-24T19:05:40.662Z,2026-08-24T19:05:40.662Z,SFG starter database | Studleys Guarantee | LinkedIn | Learn
775,completed_without_short_link,SFG,LinkedIn,social,About,About,LinkedIn,Social,About,Guarantee,Explore,https://studleys.com/studleys-guarantee/,https://studleys.com/studleys-guarantee/?utm_source=LinkedIn&utm_medium=Social&utm_campaign=About&utm_term=Guarantee&utm_content=Explore,,,1,2026-08-24T19:05:40.662Z,2026-08-24T19:05:40.662Z,SFG starter database | Studleys Guarantee | LinkedIn | Explore
776,completed_without_short_link,SFG,LinkedIn,social,About,About,LinkedIn,Social,About,Guarantee,,https://studleys.com/studleys-guarantee/,https://studleys.com/studleys-guarantee/?utm_source=LinkedIn&utm_medium=Social&utm_campaign=About&utm_term=Guarantee,,,1,2026-08-24T19:05:40.662Z,2026-08-24T19:05:40.662Z,SFG starter database | Studleys Guarantee | LinkedIn | {null}
777,completed_without_short_link,SFG,ConstantContact,email,About,About,ConstantContact,Email,About,Guarantee,Read,https://studleys.com/studleys-guarantee/,https://studleys.com/studleys-guarantee/?utm_source=ConstantContact&utm_medium=Email&utm_campaign=About&utm_term=Guarantee&utm_content=Read,,,1,2026-08-24T19:05:40.662Z,2026-08-24T19:05:40.662Z,SFG starter database | Studleys Guarantee | ConstantContact | Read
778,completed_without_short_link,SFG,ConstantContact,email,About,About,ConstantContact,Email,About,Guarantee,Learn,https://studleys.com/studleys-guarantee/,https://studleys.com/studleys-guarantee/?utm_source=ConstantContact&utm_medium=Email&utm_campaign=About&utm_term=Guarantee&utm_content=Learn,,,1,2026-08-24T19:05:40.662Z,2026-08-24T19:05:40.662Z,SFG starter database | Studleys Guarantee | ConstantContact | Learn
779,completed_without_short_link,SFG,ConstantContact,email,About,About,ConstantContact,Email,About,Guarantee,Explore,https://studleys.com/studleys-guarantee/,https://studleys.com/studleys-guarantee/?utm_source=ConstantContact&utm_medium=Email&utm_campaign=About&utm_term=Guarantee&utm_content=Explore,,,1,2026-08-24T19:05:40.662Z,2026-08-24T19:05:40.662Z,SFG starter database | Studleys Guarantee | ConstantContact | Explore
780,completed_without_short_link,SFG,ConstantContact,email,About,About,ConstantContact,Email,About,Guarantee,,https://studleys.com/studleys-guarantee/,https://studleys.com/studleys-guarantee/?utm_source=ConstantContact&utm_medium=Email&utm_campaign=About&utm_term=Guarantee,,,1,2026-08-24T19:05:40.662Z,2026-08-24T19:05:40.662Z,SFG starter database | Studleys Guarantee | ConstantContact | {null}
781,completed_without_short_link,SFG,Facebook,social,About,About,Facebook,Social,About,FAQ,Read,https://studleys.com/faq/,https://studleys.com/faq/?utm_source=Facebook&utm_medium=Social&utm_campaign=About&utm_term=FAQ&utm_content=Read,,,1,2026-08-24T19:05:40.662Z,2026-08-24T19:05:40.662Z,SFG starter database | FAQ | Facebook | Read
782,completed_without_short_link,SFG,Facebook,social,About,About,Facebook,Social,About,FAQ,Learn,https://studleys.com/faq/,https://studleys.com/faq/?utm_source=Facebook&utm_medium=Social&utm_campaign=About&utm_term=FAQ&utm_content=Learn,,,1,2026-08-24T19:05:40.662Z,2026-08-24T19:05:40.662Z,SFG starter database | FAQ | Facebook | Learn
783,completed_without_short_link,SFG,Facebook,social,About,About,Facebook,Social,About,FAQ,Explore,https://studleys.com/faq/,https://studleys.com/faq/?utm_source=Facebook&utm_medium=Social&utm_campaign=About&utm_term=FAQ&utm_content=Explore,,,1,2026-08-24T19:05:40.662Z,2026-08-24T19:05:40.662Z,SFG starter database | FAQ | Facebook | Explore
784,completed_without_short_link,SFG,Facebook,social,About,About,Facebook,Social,About,FAQ,,https://studleys.com/faq/,https://studleys.com/faq/?utm_source=Facebook&utm_medium=Social&utm_campaign=About&utm_term=FAQ,,,1,2026-08-24T19:05:40.662Z,2026-08-24T19:05:40.662Z,SFG starter database | FAQ | Facebook | {null}
785,completed_without_short_link,SFG,GMB,social,About,About,GMB,Social,About,FAQ,Read,https://studleys.com/faq/,https://studleys.com/faq/?utm_source=GMB&utm_medium=Social&utm_campaign=About&utm_term=FAQ&utm_content=Read,,,1,2026-08-24T19:05:40.662Z,2026-08-24T19:05:40.662Z,SFG starter database | FAQ | GMB | Read
786,completed_without_short_link,SFG,GMB,social,About,About,GMB,Social,About,FAQ,Learn,https://studleys.com/faq/,https://studleys.com/faq/?utm_source=GMB&utm_medium=Social&utm_campaign=About&utm_term=FAQ&utm_content=Learn,,,1,2026-08-24T19:05:40.662Z,2026-08-24T19:05:40.662Z,SFG starter database | FAQ | GMB | Learn
787,completed_without_short_link,SFG,GMB,social,About,About,GMB,Social,About,FAQ,Explore,https://studleys.com/faq/,https://studleys.com/faq/?utm_source=GMB&utm_medium=Social&utm_campaign=About&utm_term=FAQ&utm_content=Explore,,,1,2026-08-24T19:05:40.662Z,2026-08-24T19:05:40.662Z,SFG starter database | FAQ | GMB | Explore
788,completed_without_short_link,SFG,GMB,social,About,About,GMB,Social,About,FAQ,,https://studleys.com/faq/,https://studleys.com/faq/?utm_source=GMB&utm_medium=Social&utm_campaign=About&utm_term=FAQ,,,1,2026-08-24T19:05:40.662Z,2026-08-24T19:05:40.662Z,SFG starter database | FAQ | GMB | {null}
789,completed_without_short_link,SFG,Instagram,social,About,About,Instagram,Social,About,FAQ,Read,https://studleys.com/faq/,https://studleys.com/faq/?utm_source=Instagram&utm_medium=Social&utm_campaign=About&utm_term=FAQ&utm_content=Read,,,1,2026-08-24T19:05:40.662Z,2026-08-24T19:05:40.662Z,SFG starter database | FAQ | Instagram | Read
790,completed_without_short_link,SFG,Instagram,social,About,About,Instagram,Social,About,FAQ,Learn,https://studleys.com/faq/,https://studleys.com/faq/?utm_source=Instagram&utm_medium=Social&utm_campaign=About&utm_term=FAQ&utm_content=Learn,,,1,2026-08-24T19:05:40.662Z,2026-08-24T19:05:40.662Z,SFG starter database | FAQ | Instagram | Learn
791,completed_without_short_link,SFG,Instagram,social,About,About,Instagram,Social,About,FAQ,Explore,https://studleys.com/faq/,https://studleys.com/faq/?utm_source=Instagram&utm_medium=Social&utm_campaign=About&utm_term=FAQ&utm_content=Explore,,,1,2026-08-24T19:05:40.662Z,2026-08-24T19:05:40.662Z,SFG starter database | FAQ | Instagram | Explore
792,completed_without_short_link,SFG,Instagram,social,About,About,Instagram,Social,About,FAQ,,https://studleys.com/faq/,https://studleys.com/faq/?utm_source=Instagram&utm_medium=Social&utm_campaign=About&utm_term=FAQ,,,1,2026-08-24T19:05:40.662Z,2026-08-24T19:05:40.662Z,SFG starter database | FAQ | Instagram | {null}
793,completed_without_short_link,SFG,LinkedIn,social,About,About,LinkedIn,Social,About,FAQ,Read,https://studleys.com/faq/,https://studleys.com/faq/?utm_source=LinkedIn&utm_medium=Social&utm_campaign=About&utm_term=FAQ&utm_content=Read,,,1,2026-08-24T19:05:40.662Z,2026-08-24T19:05:40.662Z,SFG starter database | FAQ | LinkedIn | Read
794,completed_without_short_link,SFG,LinkedIn,social,About,About,LinkedIn,Social,About,FAQ,Learn,https://studleys.com/faq/,https://studleys.com/faq/?utm_source=LinkedIn&utm_medium=Social&utm_campaign=About&utm_term=FAQ&utm_content=Learn,,,1,2026-08-24T19:05:40.662Z,2026-08-24T19:05:40.662Z,SFG starter database | FAQ | LinkedIn | Learn
795,completed_without_short_link,SFG,LinkedIn,social,About,About,LinkedIn,Social,About,FAQ,Explore,https://studleys.com/faq/,https://studleys.com/faq/?utm_source=LinkedIn&utm_medium=Social&utm_campaign=About&utm_term=FAQ&utm_content=Explore,,,1,2026-08-24T19:05:40.662Z,2026-08-24T19:05:40.662Z,SFG starter database | FAQ | LinkedIn | Explore
796,completed_without_short_link,SFG,LinkedIn,social,About,About,LinkedIn,Social,About,FAQ,,https://studleys.com/faq/,https://studleys.com/faq/?utm_source=LinkedIn&utm_medium=Social&utm_campaign=About&utm_term=FAQ,,,1,2026-08-24T19:05:40.662Z,2026-08-24T19:05:40.662Z,SFG starter database | FAQ | LinkedIn | {null}
797,completed_without_short_link,SFG,ConstantContact,email,About,About,ConstantContact,Email,About,FAQ,Read,https://studleys.com/faq/,https://studleys.com/faq/?utm_source=ConstantContact&utm_medium=Email&utm_campaign=About&utm_term=FAQ&utm_content=Read,,,1,2026-08-24T19:05:40.662Z,2026-08-24T19:05:40.662Z,SFG starter database | FAQ | ConstantContact | Read
798,completed_without_short_link,SFG,ConstantContact,email,About,About,ConstantContact,Email,About,FAQ,Learn,https://studleys.com/faq/,https://studleys.com/faq/?utm_source=ConstantContact&utm_medium=Email&utm_campaign=About&utm_term=FAQ&utm_content=Learn,,,1,2026-08-24T19:05:40.662Z,2026-08-24T19:05:40.662Z,SFG starter database | FAQ | ConstantContact | Learn
799,completed_without_short_link,SFG,ConstantContact,email,About,About,ConstantContact,Email,About,FAQ,Explore,https://studleys.com/faq/,https://studleys.com/faq/?utm_source=ConstantContact&utm_medium=Email&utm_campaign=About&utm_term=FAQ&utm_content=Explore,,,1,2026-08-24T19:05:40.662Z,2026-08-24T19:05:40.662Z,SFG starter database | FAQ | ConstantContact | Explore
800,completed_without_short_link,SFG,ConstantContact,email,About,About,ConstantContact,Email,About,FAQ,,https://studleys.com/faq/,https://studleys.com/faq/?utm_source=ConstantContact&utm_medium=Email&utm_campaign=About&utm_term=FAQ,,,1,2026-08-24T19:05:40.662Z,2026-08-24T19:05:40.662Z,SFG starter database | FAQ | ConstantContact | {null}
801,completed_without_short_link,SFG,Facebook,social,About,About,Facebook,Social,About,RefundsReturns,Read,https://studleys.com/refunds-returns/,https://studleys.com/refunds-returns/?utm_source=Facebook&utm_medium=Social&utm_campaign=About&utm_term=RefundsReturns&utm_content=Read,,,1,2026-08-24T19:05:40.662Z,2026-08-24T19:05:40.662Z,SFG starter database | Refunds & Returns | Facebook | Read
802,completed_without_short_link,SFG,Facebook,social,About,About,Facebook,Social,About,RefundsReturns,Learn,https://studleys.com/refunds-returns/,https://studleys.com/refunds-returns/?utm_source=Facebook&utm_medium=Social&utm_campaign=About&utm_term=RefundsReturns&utm_content=Learn,,,1,2026-08-24T19:05:40.662Z,2026-08-24T19:05:40.662Z,SFG starter database | Refunds & Returns | Facebook | Learn
803,completed_without_short_link,SFG,Facebook,social,About,About,Facebook,Social,About,RefundsReturns,Explore,https://studleys.com/refunds-returns/,https://studleys.com/refunds-returns/?utm_source=Facebook&utm_medium=Social&utm_campaign=About&utm_term=RefundsReturns&utm_content=Explore,,,1,2026-08-24T19:05:40.662Z,2026-08-24T19:05:40.662Z,SFG starter database | Refunds & Returns | Facebook | Explore
804,completed_without_short_link,SFG,Facebook,social,About,About,Facebook,Social,About,RefundsReturns,,https://studleys.com/refunds-returns/,https://studleys.com/refunds-returns/?utm_source=Facebook&utm_medium=Social&utm_campaign=About&utm_term=RefundsReturns,,,1,2026-08-24T19:05:40.662Z,2026-08-24T19:05:40.662Z,SFG starter database | Refunds & Returns | Facebook | {null}
805,completed_without_short_link,SFG,GMB,social,About,About,GMB,Social,About,RefundsReturns,Read,https://studleys.com/refunds-returns/,https://studleys.com/refunds-returns/?utm_source=GMB&utm_medium=Social&utm_campaign=About&utm_term=RefundsReturns&utm_content=Read,,,1,2026-08-24T19:05:40.662Z,2026-08-24T19:05:40.662Z,SFG starter database | Refunds & Returns | GMB | Read
806,completed_without_short_link,SFG,GMB,social,About,About,GMB,Social,About,RefundsReturns,Learn,https://studleys.com/refunds-returns/,https://studleys.com/refunds-returns/?utm_source=GMB&utm_medium=Social&utm_campaign=About&utm_term=RefundsReturns&utm_content=Learn,,,1,2026-08-24T19:05:40.662Z,2026-08-24T19:05:40.662Z,SFG starter database | Refunds & Returns | GMB | Learn
807,completed_without_short_link,SFG,GMB,social,About,About,GMB,Social,About,RefundsReturns,Explore,https://studleys.com/refunds-returns/,https://studleys.com/refunds-returns/?utm_source=GMB&utm_medium=Social&utm_campaign=About&utm_term=RefundsReturns&utm_content=Explore,,,1,2026-08-24T19:05:40.662Z,2026-08-24T19:05:40.662Z,SFG starter database | Refunds & Returns | GMB | Explore
808,completed_without_short_link,SFG,GMB,social,About,About,GMB,Social,About,RefundsReturns,,https://studleys.com/refunds-returns/,https://studleys.com/refunds-returns/?utm_source=GMB&utm_medium=Social&utm_campaign=About&utm_term=RefundsReturns,,,1,2026-08-24T19:05:40.662Z,2026-08-24T19:05:40.662Z,SFG starter database | Refunds & Returns | GMB | {null}
809,completed_without_short_link,SFG,Instagram,social,About,About,Instagram,Social,About,RefundsReturns,Read,https://studleys.com/refunds-returns/,https://studleys.com/refunds-returns/?utm_source=Instagram&utm_medium=Social&utm_campaign=About&utm_term=RefundsReturns&utm_content=Read,,,1,2026-08-24T19:05:40.662Z,2026-08-24T19:05:40.662Z,SFG starter database | Refunds & Returns | Instagram | Read
810,completed_without_short_link,SFG,Instagram,social,About,About,Instagram,Social,About,RefundsReturns,Learn,https://studleys.com/refunds-returns/,https://studleys.com/refunds-returns/?utm_source=Instagram&utm_medium=Social&utm_campaign=About&utm_term=RefundsReturns&utm_content=Learn,,,1,2026-08-24T19:05:40.662Z,2026-08-24T19:05:40.662Z,SFG starter database | Refunds & Returns | Instagram | Learn
811,completed_without_short_link,SFG,Instagram,social,About,About,Instagram,Social,About,RefundsReturns,Explore,https://studleys.com/refunds-returns/,https://studleys.com/refunds-returns/?utm_source=Instagram&utm_medium=Social&utm_campaign=About&utm_term=RefundsReturns&utm_content=Explore,,,1,2026-08-24T19:05:40.662Z,2026-08-24T19:05:40.662Z,SFG starter database | Refunds & Returns | Instagram | Explore
812,completed_without_short_link,SFG,Instagram,social,About,About,Instagram,Social,About,RefundsReturns,,https://studleys.com/refunds-returns/,https://studleys.com/refunds-returns/?utm_source=Instagram&utm_medium=Social&utm_campaign=About&utm_term=RefundsReturns,,,1,2026-08-24T19:05:40.662Z,2026-08-24T19:05:40.662Z,SFG starter database | Refunds & Returns | Instagram | {null}
813,completed_without_short_link,SFG,LinkedIn,social,About,About,LinkedIn,Social,About,RefundsReturns,Read,https://studleys.com/refunds-returns/,https://studleys.com/refunds-returns/?utm_source=LinkedIn&utm_medium=Social&utm_campaign=About&utm_term=RefundsReturns&utm_content=Read,,,1,2026-08-24T19:05:40.662Z,2026-08-24T19:05:40.662Z,SFG starter database | Refunds & Returns | LinkedIn | Read
814,completed_without_short_link,SFG,LinkedIn,social,About,About,LinkedIn,Social,About,RefundsReturns,Learn,https://studleys.com/refunds-returns/,https://studleys.com/refunds-returns/?utm_source=LinkedIn&utm_medium=Social&utm_campaign=About&utm_term=RefundsReturns&utm_content=Learn,,,1,2026-08-24T19:05:40.662Z,2026-08-24T19:05:40.662Z,SFG starter database | Refunds & Returns | LinkedIn | Learn
815,completed_without_short_link,SFG,LinkedIn,social,About,About,LinkedIn,Social,About,RefundsReturns,Explore,https://studleys.com/refunds-returns/,https://studleys.com/refunds-returns/?utm_source=LinkedIn&utm_medium=Social&utm_campaign=About&utm_term=RefundsReturns&utm_content=Explore,,,1,2026-08-24T19:05:40.662Z,2026-08-24T19:05:40.662Z,SFG starter database | Refunds & Returns | LinkedIn | Explore
816,completed_without_short_link,SFG,LinkedIn,social,About,About,LinkedIn,Social,About,RefundsReturns,,https://studleys.com/refunds-returns/,https://studleys.com/refunds-returns/?utm_source=LinkedIn&utm_medium=Social&utm_campaign=About&utm_term=RefundsReturns,,,1,2026-08-24T19:05:40.662Z,2026-08-24T19:05:40.662Z,SFG starter database | Refunds & Returns | LinkedIn | {null}
817,completed_without_short_link,SFG,ConstantContact,email,About,About,ConstantContact,Email,About,RefundsReturns,Read,https://studleys.com/refunds-returns/,https://studleys.com/refunds-returns/?utm_source=ConstantContact&utm_medium=Email&utm_campaign=About&utm_term=RefundsReturns&utm_content=Read,,,1,2026-08-24T19:05:40.662Z,2026-08-24T19:05:40.662Z,SFG starter database | Refunds & Returns | ConstantContact | Read
818,completed_without_short_link,SFG,ConstantContact,email,About,About,ConstantContact,Email,About,RefundsReturns,Learn,https://studleys.com/refunds-returns/,https://studleys.com/refunds-returns/?utm_source=ConstantContact&utm_medium=Email&utm_campaign=About&utm_term=RefundsReturns&utm_content=Learn,,,1,2026-08-24T19:05:40.662Z,2026-08-24T19:05:40.662Z,SFG starter database | Refunds & Returns | ConstantContact | Learn
819,completed_without_short_link,SFG,ConstantContact,email,About,About,ConstantContact,Email,About,RefundsReturns,Explore,https://studleys.com/refunds-returns/,https://studleys.com/refunds-returns/?utm_source=ConstantContact&utm_medium=Email&utm_campaign=About&utm_term=RefundsReturns&utm_content=Explore,,,1,2026-08-24T19:05:40.662Z,2026-08-24T19:05:40.662Z,SFG starter database | Refunds & Returns | ConstantContact | Explore
820,completed_without_short_link,SFG,ConstantContact,email,About,About,ConstantContact,Email,About,RefundsReturns,,https://studleys.com/refunds-returns/,https://studleys.com/refunds-returns/?utm_source=ConstantContact&utm_medium=Email&utm_campaign=About&utm_term=RefundsReturns,,,1,2026-08-24T19:05:40.662Z,2026-08-24T19:05:40.662Z,SFG starter database | Refunds & Returns | ConstantContact | {null}
821,completed_without_short_link,SFG,Facebook,social,About,About,Facebook,Social,About,Donations,Request,https://studleys.com/donations/,https://studleys.com/donations/?utm_source=Facebook&utm_medium=Social&utm_campaign=About&utm_term=Donations&utm_content=Request,,,1,2026-08-24T19:05:40.662Z,2026-08-24T19:05:40.662Z,SFG starter database | Donations | Facebook | Request
822,completed_without_short_link,SFG,Facebook,social,About,About,Facebook,Social,About,Donations,Contact,https://studleys.com/donations/,https://studleys.com/donations/?utm_source=Facebook&utm_medium=Social&utm_campaign=About&utm_term=Donations&utm_content=Contact,,,1,2026-08-24T19:05:40.662Z,2026-08-24T19:05:40.662Z,SFG starter database | Donations | Facebook | Contact
823,completed_without_short_link,SFG,Facebook,social,About,About,Facebook,Social,About,Donations,,https://studleys.com/donations/,https://studleys.com/donations/?utm_source=Facebook&utm_medium=Social&utm_campaign=About&utm_term=Donations,,,1,2026-08-24T19:05:40.662Z,2026-08-24T19:05:40.662Z,SFG starter database | Donations | Facebook | {null}
824,completed_without_short_link,SFG,GMB,social,About,About,GMB,Social,About,Donations,Request,https://studleys.com/donations/,https://studleys.com/donations/?utm_source=GMB&utm_medium=Social&utm_campaign=About&utm_term=Donations&utm_content=Request,,,1,2026-08-24T19:05:40.662Z,2026-08-24T19:05:40.662Z,SFG starter database | Donations | GMB | Request
825,completed_without_short_link,SFG,GMB,social,About,About,GMB,Social,About,Donations,Contact,https://studleys.com/donations/,https://studleys.com/donations/?utm_source=GMB&utm_medium=Social&utm_campaign=About&utm_term=Donations&utm_content=Contact,,,1,2026-08-24T19:05:40.662Z,2026-08-24T19:05:40.662Z,SFG starter database | Donations | GMB | Contact
826,completed_without_short_link,SFG,GMB,social,About,About,GMB,Social,About,Donations,,https://studleys.com/donations/,https://studleys.com/donations/?utm_source=GMB&utm_medium=Social&utm_campaign=About&utm_term=Donations,,,1,2026-08-24T19:05:40.662Z,2026-08-24T19:05:40.662Z,SFG starter database | Donations | GMB | {null}
827,completed_without_short_link,SFG,Instagram,social,About,About,Instagram,Social,About,Donations,Request,https://studleys.com/donations/,https://studleys.com/donations/?utm_source=Instagram&utm_medium=Social&utm_campaign=About&utm_term=Donations&utm_content=Request,,,1,2026-08-24T19:05:40.662Z,2026-08-24T19:05:40.662Z,SFG starter database | Donations | Instagram | Request
828,completed_without_short_link,SFG,Instagram,social,About,About,Instagram,Social,About,Donations,Contact,https://studleys.com/donations/,https://studleys.com/donations/?utm_source=Instagram&utm_medium=Social&utm_campaign=About&utm_term=Donations&utm_content=Contact,,,1,2026-08-24T19:05:40.662Z,2026-08-24T19:05:40.662Z,SFG starter database | Donations | Instagram | Contact
829,completed_without_short_link,SFG,Instagram,social,About,About,Instagram,Social,About,Donations,,https://studleys.com/donations/,https://studleys.com/donations/?utm_source=Instagram&utm_medium=Social&utm_campaign=About&utm_term=Donations,,,1,2026-08-24T19:05:40.662Z,2026-08-24T19:05:40.662Z,SFG starter database | Donations | Instagram | {null}
830,completed_without_short_link,SFG,LinkedIn,social,About,About,LinkedIn,Social,About,Donations,Request,https://studleys.com/donations/,https://studleys.com/donations/?utm_source=LinkedIn&utm_medium=Social&utm_campaign=About&utm_term=Donations&utm_content=Request,,,1,2026-08-24T19:05:40.662Z,2026-08-24T19:05:40.662Z,SFG starter database | Donations | LinkedIn | Request
831,completed_without_short_link,SFG,LinkedIn,social,About,About,LinkedIn,Social,About,Donations,Contact,https://studleys.com/donations/,https://studleys.com/donations/?utm_source=LinkedIn&utm_medium=Social&utm_campaign=About&utm_term=Donations&utm_content=Contact,,,1,2026-08-24T19:05:40.662Z,2026-08-24T19:05:40.662Z,SFG starter database | Donations | LinkedIn | Contact
832,completed_without_short_link,SFG,LinkedIn,social,About,About,LinkedIn,Social,About,Donations,,https://studleys.com/donations/,https://studleys.com/donations/?utm_source=LinkedIn&utm_medium=Social&utm_campaign=About&utm_term=Donations,,,1,2026-08-24T19:05:40.662Z,2026-08-24T19:05:40.662Z,SFG starter database | Donations | LinkedIn | {null}
833,completed_without_short_link,SFG,ConstantContact,email,About,About,ConstantContact,Email,About,Donations,Request,https://studleys.com/donations/,https://studleys.com/donations/?utm_source=ConstantContact&utm_medium=Email&utm_campaign=About&utm_term=Donations&utm_content=Request,,,1,2026-08-24T19:05:40.662Z,2026-08-24T19:05:40.662Z,SFG starter database | Donations | ConstantContact | Request
834,completed_without_short_link,SFG,ConstantContact,email,About,About,ConstantContact,Email,About,Donations,Contact,https://studleys.com/donations/,https://studleys.com/donations/?utm_source=ConstantContact&utm_medium=Email&utm_campaign=About&utm_term=Donations&utm_content=Contact,,,1,2026-08-24T19:05:40.662Z,2026-08-24T19:05:40.662Z,SFG starter database | Donations | ConstantContact | Contact
835,completed_without_short_link,SFG,ConstantContact,email,About,About,ConstantContact,Email,About,Donations,,https://studleys.com/donations/,https://studleys.com/donations/?utm_source=ConstantContact&utm_medium=Email&utm_campaign=About&utm_term=Donations,,,1,2026-08-24T19:05:40.662Z,2026-08-24T19:05:40.662Z,SFG starter database | Donations | ConstantContact | {null}
836,completed_without_short_link,SFG,Facebook,social,About,About,Facebook,Social,About,SignUpEnews,SignUp,https://studleys.com/enews/,https://studleys.com/enews/?utm_source=Facebook&utm_medium=Social&utm_campaign=About&utm_term=SignUpEnews&utm_content=SignUp,,,1,2026-08-24T19:05:40.662Z,2026-08-24T19:05:40.662Z,SFG starter database | Enews | Facebook | SignUp
837,completed_without_short_link,SFG,Facebook,social,About,About,Facebook,Social,About,SignUpEnews,Subscribe,https://studleys.com/enews/,https://studleys.com/enews/?utm_source=Facebook&utm_medium=Social&utm_campaign=About&utm_term=SignUpEnews&utm_content=Subscribe,,,1,2026-08-24T19:05:40.662Z,2026-08-24T19:05:40.662Z,SFG starter database | Enews | Facebook | Subscribe
838,completed_without_short_link,SFG,Facebook,social,About,About,Facebook,Social,About,SignUpEnews,,https://studleys.com/enews/,https://studleys.com/enews/?utm_source=Facebook&utm_medium=Social&utm_campaign=About&utm_term=SignUpEnews,,,1,2026-08-24T19:05:40.662Z,2026-08-24T19:05:40.662Z,SFG starter database | Enews | Facebook | {null}
839,completed_without_short_link,SFG,GMB,social,About,About,GMB,Social,About,SignUpEnews,SignUp,https://studleys.com/enews/,https://studleys.com/enews/?utm_source=GMB&utm_medium=Social&utm_campaign=About&utm_term=SignUpEnews&utm_content=SignUp,,,1,2026-08-24T19:05:40.662Z,2026-08-24T19:05:40.662Z,SFG starter database | Enews | GMB | SignUp
840,completed_without_short_link,SFG,GMB,social,About,About,GMB,Social,About,SignUpEnews,Subscribe,https://studleys.com/enews/,https://studleys.com/enews/?utm_source=GMB&utm_medium=Social&utm_campaign=About&utm_term=SignUpEnews&utm_content=Subscribe,,,1,2026-08-24T19:05:40.662Z,2026-08-24T19:05:40.662Z,SFG starter database | Enews | GMB | Subscribe
841,completed_without_short_link,SFG,GMB,social,About,About,GMB,Social,About,SignUpEnews,,https://studleys.com/enews/,https://studleys.com/enews/?utm_source=GMB&utm_medium=Social&utm_campaign=About&utm_term=SignUpEnews,,,1,2026-08-24T19:05:40.662Z,2026-08-24T19:05:40.662Z,SFG starter database | Enews | GMB | {null}
842,completed_without_short_link,SFG,Instagram,social,About,About,Instagram,Social,About,SignUpEnews,SignUp,https://studleys.com/enews/,https://studleys.com/enews/?utm_source=Instagram&utm_medium=Social&utm_campaign=About&utm_term=SignUpEnews&utm_content=SignUp,,,1,2026-08-24T19:05:40.662Z,2026-08-24T19:05:40.662Z,SFG starter database | Enews | Instagram | SignUp
843,completed_without_short_link,SFG,Instagram,social,About,About,Instagram,Social,About,SignUpEnews,Subscribe,https://studleys.com/enews/,https://studleys.com/enews/?utm_source=Instagram&utm_medium=Social&utm_campaign=About&utm_term=SignUpEnews&utm_content=Subscribe,,,1,2026-08-24T19:05:40.662Z,2026-08-24T19:05:40.662Z,SFG starter database | Enews | Instagram | Subscribe
844,completed_without_short_link,SFG,Instagram,social,About,About,Instagram,Social,About,SignUpEnews,,https://studleys.com/enews/,https://studleys.com/enews/?utm_source=Instagram&utm_medium=Social&utm_campaign=About&utm_term=SignUpEnews,,,1,2026-08-24T19:05:40.662Z,2026-08-24T19:05:40.662Z,SFG starter database | Enews | Instagram | {null}
845,completed_without_short_link,SFG,LinkedIn,social,About,About,LinkedIn,Social,About,SignUpEnews,SignUp,https://studleys.com/enews/,https://studleys.com/enews/?utm_source=LinkedIn&utm_medium=Social&utm_campaign=About&utm_term=SignUpEnews&utm_content=SignUp,,,1,2026-08-24T19:05:40.662Z,2026-08-24T19:05:40.662Z,SFG starter database | Enews | LinkedIn | SignUp
846,completed_without_short_link,SFG,LinkedIn,social,About,About,LinkedIn,Social,About,SignUpEnews,Subscribe,https://studleys.com/enews/,https://studleys.com/enews/?utm_source=LinkedIn&utm_medium=Social&utm_campaign=About&utm_term=SignUpEnews&utm_content=Subscribe,,,1,2026-08-24T19:05:40.662Z,2026-08-24T19:05:40.662Z,SFG starter database | Enews | LinkedIn | Subscribe
847,completed_without_short_link,SFG,LinkedIn,social,About,About,LinkedIn,Social,About,SignUpEnews,,https://studleys.com/enews/,https://studleys.com/enews/?utm_source=LinkedIn&utm_medium=Social&utm_campaign=About&utm_term=SignUpEnews,,,1,2026-08-24T19:05:40.662Z,2026-08-24T19:05:40.662Z,SFG starter database | Enews | LinkedIn | {null}
848,completed_without_short_link,SFG,ConstantContact,email,About,About,ConstantContact,Email,About,SignUpEnews,SignUp,https://studleys.com/enews/,https://studleys.com/enews/?utm_source=ConstantContact&utm_medium=Email&utm_campaign=About&utm_term=SignUpEnews&utm_content=SignUp,,,1,2026-08-24T19:05:40.662Z,2026-08-24T19:05:40.662Z,SFG starter database | Enews | ConstantContact | SignUp
849,completed_without_short_link,SFG,ConstantContact,email,About,About,ConstantContact,Email,About,SignUpEnews,Subscribe,https://studleys.com/enews/,https://studleys.com/enews/?utm_source=ConstantContact&utm_medium=Email&utm_campaign=About&utm_term=SignUpEnews&utm_content=Subscribe,,,1,2026-08-24T19:05:40.662Z,2026-08-24T19:05:40.662Z,SFG starter database | Enews | ConstantContact | Subscribe
850,completed_without_short_link,SFG,ConstantContact,email,About,About,ConstantContact,Email,About,SignUpEnews,,https://studleys.com/enews/,https://studleys.com/enews/?utm_source=ConstantContact&utm_medium=Email&utm_campaign=About&utm_term=SignUpEnews,,,1,2026-08-24T19:05:40.662Z,2026-08-24T19:05:40.662Z,SFG starter database | Enews | ConstantContact | {null}
851,completed_without_short_link,SFG,Facebook,social,Contact,Contact,Facebook,Social,Contact,LandingPage,Contact,https://studleys.com/contact-us/,https://studleys.com/contact-us/?utm_source=Facebook&utm_medium=Social&utm_campaign=Contact&utm_term=LandingPage&utm_content=Contact,,,1,2026-08-24T19:05:40.662Z,2026-08-24T19:05:40.662Z,SFG starter database | Contact | Facebook | Contact
852,completed_without_short_link,SFG,Facebook,social,Contact,Contact,Facebook,Social,Contact,LandingPage,,https://studleys.com/contact-us/,https://studleys.com/contact-us/?utm_source=Facebook&utm_medium=Social&utm_campaign=Contact&utm_term=LandingPage,,,1,2026-08-24T19:05:40.662Z,2026-08-24T19:05:40.662Z,SFG starter database | Contact | Facebook | {null}
853,completed_without_short_link,SFG,GMB,social,Contact,Contact,GMB,Social,Contact,LandingPage,Contact,https://studleys.com/contact-us/,https://studleys.com/contact-us/?utm_source=GMB&utm_medium=Social&utm_campaign=Contact&utm_term=LandingPage&utm_content=Contact,,,1,2026-08-24T19:05:40.662Z,2026-08-24T19:05:40.662Z,SFG starter database | Contact | GMB | Contact
854,completed_without_short_link,SFG,GMB,social,Contact,Contact,GMB,Social,Contact,LandingPage,,https://studleys.com/contact-us/,https://studleys.com/contact-us/?utm_source=GMB&utm_medium=Social&utm_campaign=Contact&utm_term=LandingPage,,,1,2026-08-24T19:05:40.662Z,2026-08-24T19:05:40.662Z,SFG starter database | Contact | GMB | {null}
855,completed_without_short_link,SFG,Instagram,social,Contact,Contact,Instagram,Social,Contact,LandingPage,Contact,https://studleys.com/contact-us/,https://studleys.com/contact-us/?utm_source=Instagram&utm_medium=Social&utm_campaign=Contact&utm_term=LandingPage&utm_content=Contact,,,1,2026-08-24T19:05:40.662Z,2026-08-24T19:05:40.662Z,SFG starter database | Contact | Instagram | Contact
856,completed_without_short_link,SFG,Instagram,social,Contact,Contact,Instagram,Social,Contact,LandingPage,,https://studleys.com/contact-us/,https://studleys.com/contact-us/?utm_source=Instagram&utm_medium=Social&utm_campaign=Contact&utm_term=LandingPage,,,1,2026-08-24T19:05:40.662Z,2026-08-24T19:05:40.662Z,SFG starter database | Contact | Instagram | {null}
857,completed_without_short_link,SFG,LinkedIn,social,Contact,Contact,LinkedIn,Social,Contact,LandingPage,Contact,https://studleys.com/contact-us/,https://studleys.com/contact-us/?utm_source=LinkedIn&utm_medium=Social&utm_campaign=Contact&utm_term=LandingPage&utm_content=Contact,,,1,2026-08-24T19:05:40.662Z,2026-08-24T19:05:40.662Z,SFG starter database | Contact | LinkedIn | Contact
858,completed_without_short_link,SFG,LinkedIn,social,Contact,Contact,LinkedIn,Social,Contact,LandingPage,,https://studleys.com/contact-us/,https://studleys.com/contact-us/?utm_source=LinkedIn&utm_medium=Social&utm_campaign=Contact&utm_term=LandingPage,,,1,2026-08-24T19:05:40.662Z,2026-08-24T19:05:40.662Z,SFG starter database | Contact | LinkedIn | {null}
859,completed_without_short_link,SFG,ConstantContact,email,Contact,Contact,ConstantContact,Email,Contact,LandingPage,Contact,https://studleys.com/contact-us/,https://studleys.com/contact-us/?utm_source=ConstantContact&utm_medium=Email&utm_campaign=Contact&utm_term=LandingPage&utm_content=Contact,,,1,2026-08-24T19:05:40.662Z,2026-08-24T19:05:40.662Z,SFG starter database | Contact | ConstantContact | Contact
860,completed_without_short_link,SFG,ConstantContact,email,Contact,Contact,ConstantContact,Email,Contact,LandingPage,,https://studleys.com/contact-us/,https://studleys.com/contact-us/?utm_source=ConstantContact&utm_medium=Email&utm_campaign=Contact&utm_term=LandingPage,,,1,2026-08-24T19:05:40.662Z,2026-08-24T19:05:40.662Z,SFG starter database | Contact | ConstantContact | {null}
861,completed_without_short_link,SFG,Facebook,social,MyAccount,MyAccount,Facebook,Social,MyAccount,LandingPage,SignIn,https://studleys.com/my-account/,https://studleys.com/my-account/?utm_source=Facebook&utm_medium=Social&utm_campaign=MyAccount&utm_term=LandingPage&utm_content=SignIn,,,1,2026-08-24T19:05:40.662Z,2026-08-24T19:05:40.662Z,SFG starter database | My Account | Facebook | SignIn
862,completed_without_short_link,SFG,Facebook,social,MyAccount,MyAccount,Facebook,Social,MyAccount,LandingPage,Register,https://studleys.com/my-account/,https://studleys.com/my-account/?utm_source=Facebook&utm_medium=Social&utm_campaign=MyAccount&utm_term=LandingPage&utm_content=Register,,,1,2026-08-24T19:05:40.662Z,2026-08-24T19:05:40.662Z,SFG starter database | My Account | Facebook | Register
863,completed_without_short_link,SFG,Facebook,social,MyAccount,MyAccount,Facebook,Social,MyAccount,LandingPage,,https://studleys.com/my-account/,https://studleys.com/my-account/?utm_source=Facebook&utm_medium=Social&utm_campaign=MyAccount&utm_term=LandingPage,,,1,2026-08-24T19:05:40.662Z,2026-08-24T19:05:40.662Z,SFG starter database | My Account | Facebook | {null}
864,completed_without_short_link,SFG,GMB,social,MyAccount,MyAccount,GMB,Social,MyAccount,LandingPage,SignIn,https://studleys.com/my-account/,https://studleys.com/my-account/?utm_source=GMB&utm_medium=Social&utm_campaign=MyAccount&utm_term=LandingPage&utm_content=SignIn,,,1,2026-08-24T19:05:40.662Z,2026-08-24T19:05:40.662Z,SFG starter database | My Account | GMB | SignIn
865,completed_without_short_link,SFG,GMB,social,MyAccount,MyAccount,GMB,Social,MyAccount,LandingPage,Register,https://studleys.com/my-account/,https://studleys.com/my-account/?utm_source=GMB&utm_medium=Social&utm_campaign=MyAccount&utm_term=LandingPage&utm_content=Register,,,1,2026-08-24T19:05:40.662Z,2026-08-24T19:05:40.662Z,SFG starter database | My Account | GMB | Register
866,completed_without_short_link,SFG,GMB,social,MyAccount,MyAccount,GMB,Social,MyAccount,LandingPage,,https://studleys.com/my-account/,https://studleys.com/my-account/?utm_source=GMB&utm_medium=Social&utm_campaign=MyAccount&utm_term=LandingPage,,,1,2026-08-24T19:05:40.662Z,2026-08-24T19:05:40.662Z,SFG starter database | My Account | GMB | {null}
867,completed_without_short_link,SFG,Instagram,social,MyAccount,MyAccount,Instagram,Social,MyAccount,LandingPage,SignIn,https://studleys.com/my-account/,https://studleys.com/my-account/?utm_source=Instagram&utm_medium=Social&utm_campaign=MyAccount&utm_term=LandingPage&utm_content=SignIn,,,1,2026-08-24T19:05:40.662Z,2026-08-24T19:05:40.662Z,SFG starter database | My Account | Instagram | SignIn
868,completed_without_short_link,SFG,Instagram,social,MyAccount,MyAccount,Instagram,Social,MyAccount,LandingPage,Register,https://studleys.com/my-account/,https://studleys.com/my-account/?utm_source=Instagram&utm_medium=Social&utm_campaign=MyAccount&utm_term=LandingPage&utm_content=Register,,,1,2026-08-24T19:05:40.662Z,2026-08-24T19:05:40.662Z,SFG starter database | My Account | Instagram | Register
869,completed_without_short_link,SFG,Instagram,social,MyAccount,MyAccount,Instagram,Social,MyAccount,LandingPage,,https://studleys.com/my-account/,https://studleys.com/my-account/?utm_source=Instagram&utm_medium=Social&utm_campaign=MyAccount&utm_term=LandingPage,,,1,2026-08-24T19:05:40.662Z,2026-08-24T19:05:40.662Z,SFG starter database | My Account | Instagram | {null}
870,completed_without_short_link,SFG,LinkedIn,social,MyAccount,MyAccount,LinkedIn,Social,MyAccount,LandingPage,SignIn,https://studleys.com/my-account/,https://studleys.com/my-account/?utm_source=LinkedIn&utm_medium=Social&utm_campaign=MyAccount&utm_term=LandingPage&utm_content=SignIn,,,1,2026-08-24T19:05:40.662Z,2026-08-24T19:05:40.662Z,SFG starter database | My Account | LinkedIn | SignIn
871,completed_without_short_link,SFG,LinkedIn,social,MyAccount,MyAccount,LinkedIn,Social,MyAccount,LandingPage,Register,https://studleys.com/my-account/,https://studleys.com/my-account/?utm_source=LinkedIn&utm_medium=Social&utm_campaign=MyAccount&utm_term=LandingPage&utm_content=Register,,,1,2026-08-24T19:05:40.662Z,2026-08-24T19:05:40.662Z,SFG starter database | My Account | LinkedIn | Register
872,completed_without_short_link,SFG,LinkedIn,social,MyAccount,MyAccount,LinkedIn,Social,MyAccount,LandingPage,,https://studleys.com/my-account/,https://studleys.com/my-account/?utm_source=LinkedIn&utm_medium=Social&utm_campaign=MyAccount&utm_term=LandingPage,,,1,2026-08-24T19:05:40.662Z,2026-08-24T19:05:40.662Z,SFG starter database | My Account | LinkedIn | {null}
873,completed_without_short_link,SFG,ConstantContact,email,MyAccount,MyAccount,ConstantContact,Email,MyAccount,LandingPage,SignIn,https://studleys.com/my-account/,https://studleys.com/my-account/?utm_source=ConstantContact&utm_medium=Email&utm_campaign=MyAccount&utm_term=LandingPage&utm_content=SignIn,,,1,2026-08-24T19:05:40.662Z,2026-08-24T19:05:40.662Z,SFG starter database | My Account | ConstantContact | SignIn
874,completed_without_short_link,SFG,ConstantContact,email,MyAccount,MyAccount,ConstantContact,Email,MyAccount,LandingPage,Register,https://studleys.com/my-account/,https://studleys.com/my-account/?utm_source=ConstantContact&utm_medium=Email&utm_campaign=MyAccount&utm_term=LandingPage&utm_content=Register,,,1,2026-08-24T19:05:40.662Z,2026-08-24T19:05:40.662Z,SFG starter database | My Account | ConstantContact | Register
875,completed_without_short_link,SFG,ConstantContact,email,MyAccount,MyAccount,ConstantContact,Email,MyAccount,LandingPage,,https://studleys.com/my-account/,https://studleys.com/my-account/?utm_source=ConstantContact&utm_medium=Email&utm_campaign=MyAccount&utm_term=LandingPage,,,1,2026-08-24T19:05:40.662Z,2026-08-24T19:05:40.662Z,SFG starter database | My Account | ConstantContact | {null}
